job_id,role_category,seniority,city,country_code,source_name,salary_min,salary_max,salary_currency,salary_period,salary_type,salary_midpoint,job_title
24436,data_analyst,unknown,London,GB,adzuna_uk,104000.0,123500.0,GBP,annual,,113750.0,Data Analyst
24437,data_analyst,unknown,London,GB,adzuna_uk,91000.0,104000.0,GBP,annual,,97500.0,Data Analyst
24438,data_analyst,unknown,London,GB,adzuna_uk,45000.0,55000.0,GBP,annual,,50000.0,Data Analyst
24439,data_analyst,unknown,London,GB,adzuna_uk,91000.0,104000.0,GBP,annual,,97500.0,Data Analyst
24440,data_analyst,unknown,London,GB,adzuna_uk,91000.0,104000.0,GBP,annual,,97500.0,Data Analyst
24441,data_analyst,unknown,London,GB,adzuna_uk,30000.0,39000.0,GBP,annual,,34500.0,Data Analyst
24442,data_analyst,unknown,London,GB,adzuna_uk,40000.0,60000.0,GBP,annual,,50000.0,Data Analyst
24443,data_analyst,unknown,London,GB,adzuna_uk,75814.14,75814.14,GBP,annual,,75814.14,"Data Analyst to join their Data, Intelligence & Analytics team"
24444,data_analyst,junior,London,GB,adzuna_uk,30000.0,50000.0,GBP,annual,,40000.0,Data Analyst Trainee
24445,data_analyst,junior,London,GB,adzuna_uk,30000.0,50000.0,GBP,annual,,40000.0,Data Analyst Trainee
24446,data_analyst,junior,Kingston Upon Thames,GB,adzuna_uk,30000.0,50000.0,GBP,annual,,40000.0,Trainee Data Analyst
24447,data_analyst,junior,Heathrow,GB,adzuna_uk,30000.0,50000.0,GBP,annual,,40000.0,Data Analyst Trainee
24448,data_analyst,junior,London,GB,adzuna_uk,30000.0,50000.0,GBP,annual,,40000.0,Data Analyst Trainee
24449,data_analyst,junior,Enfield,GB,adzuna_uk,30000.0,50000.0,GBP,annual,,40000.0,Data Analyst Trainee
24450,data_analyst,junior,Twickenham,GB,adzuna_uk,30000.0,50000.0,GBP,annual,,40000.0,Data Analyst Trainee
24451,data_analyst,junior,Harrow,GB,adzuna_uk,30000.0,50000.0,GBP,annual,,40000.0,Data Analyst Trainee
24452,data_analyst,junior,Uxbridge,GB,adzuna_uk,30000.0,50000.0,GBP,annual,,40000.0,Trainee Data Analyst
24453,data_analyst,junior,Bromley,GB,adzuna_uk,30000.0,50000.0,GBP,annual,,40000.0,Trainee Data Analyst
24454,data_analyst,junior,Harrow,GB,adzuna_uk,30000.0,50000.0,GBP,annual,,40000.0,Trainee Data Analyst
24455,data_analyst,junior,Enfield,GB,adzuna_uk,30000.0,50000.0,GBP,annual,,40000.0,Trainee Data Analyst
24456,data_analyst,senior,London,GB,adzuna_uk,130000.0,130000.0,GBP,annual,,130000.0,Senior Data Analyst
24457,data_analyst,unknown,London,GB,adzuna_uk,78000.0,104000.0,GBP,annual,,91000.0,Remediation Data Analyst
24458,data_analyst,senior,London,GB,adzuna_uk,45000.0,55000.0,GBP,annual,,50000.0,Senior Data Analyst
24459,data_analyst,senior,London,GB,adzuna_uk,50000.0,55000.0,GBP,annual,,52500.0,Senior Data Analyst
24460,data_analyst,unknown,London,GB,adzuna_uk,75400.0,104000.0,GBP,annual,,89700.0,Remediation Data Analyst
24461,data_analyst,unknown,London,GB,adzuna_uk,130000.0,156000.0,GBP,annual,,143000.0,Technical Data Analyst
24462,data_analyst,junior,London,GB,adzuna_uk,30000.0,50000.0,GBP,annual,,40000.0,Data Analyst Trainee
24463,data_analyst,junior,Twickenham,GB,adzuna_uk,30000.0,50000.0,GBP,annual,,40000.0,Trainee Data Analyst
24464,data_analyst,junior,Bromley,GB,adzuna_uk,30000.0,50000.0,GBP,annual,,40000.0,Data Analyst Trainee
24465,data_analyst,junior,Enfield,GB,adzuna_uk,30000.0,50000.0,GBP,annual,,40000.0,Data Analyst Trainee
24466,data_analyst,senior,London,GB,adzuna_uk,48338.52,48338.52,GBP,annual,,48338.52,Senior Data Analyst
24467,data_analyst,senior,London,GB,adzuna_uk,48177.81,48177.81,GBP,annual,,48177.81,Senior Data Analyst
24468,data_analyst,unknown,London,GB,adzuna_uk,45181.41,45181.41,GBP,annual,,45181.41,Data Analyst
24469,data_analyst,unknown,London,GB,adzuna_uk,44228.03,44228.03,GBP,annual,,44228.03,Data Analyst
24470,data_analyst,unknown,London,GB,adzuna_uk,53957.82,53957.82,GBP,annual,,53957.82,Data Analyst
24471,data_analyst,unknown,Hackney,GB,adzuna_uk,98800.0,104000.0,GBP,annual,,101400.0,Data Analyst
24472,data_analyst,unknown,London,GB,adzuna_uk,40000.0,85000.0,GBP,annual,,62500.0,Data Analyst
24473,data_analyst,unknown,London,GB,adzuna_uk,50452.18,50452.18,GBP,annual,,50452.18,Data Analyst
24474,data_analyst,unknown,London,GB,adzuna_uk,56635.39,56635.39,GBP,annual,,56635.39,Data Analyst
24475,data_analyst,unknown,London,GB,adzuna_uk,51568.59,51568.59,GBP,annual,,51568.59,Data Analyst
24476,data_analyst,unknown,Stratford,GB,adzuna_uk,29000.0,35000.0,GBP,annual,,32000.0,Data Analyst
24477,data_analyst,unknown,Thornton Heath,GB,adzuna_uk,29000.0,35000.0,GBP,annual,,32000.0,Data Analyst
24478,data_analyst,unknown,Forest Hill,GB,adzuna_uk,29000.0,35000.0,GBP,annual,,32000.0,Data Analyst
24479,data_analyst,unknown,Tooting,GB,adzuna_uk,29000.0,35000.0,GBP,annual,,32000.0,Data Analyst
13779,other,junior,Lahore,PK,chisel_pk,,,PKR,monthly,,,Online Full Time Telesales Executive Jobs in Pakistan
24480,data_analyst,unknown,Monument,GB,adzuna_uk,29000.0,35000.0,GBP,annual,,32000.0,Data Analyst
24481,data_analyst,unknown,Covent Garden,GB,adzuna_uk,29000.0,35000.0,GBP,annual,,32000.0,Data Analyst
24482,data_analyst,unknown,Marylebone,GB,adzuna_uk,100000.0,100000.0,GBP,annual,,100000.0,Data Analyst
24483,data_analyst,unknown,London,GB,adzuna_uk,50000.0,50000.0,GBP,annual,,50000.0,Data Analyst
24484,data_analyst,unknown,Farringdon,GB,adzuna_uk,45004.92,45004.92,GBP,annual,,45004.92,Data Analyst
24485,data_analyst,unknown,London,GB,adzuna_uk,50000.0,54000.0,GBP,annual,,52000.0,Data Analyst
24486,data_analyst,unknown,Central London,GB,adzuna_uk,100000.0,100000.0,GBP,annual,,100000.0,Data Analyst
24487,data_analyst,unknown,London,GB,adzuna_uk,68126.71,68126.71,GBP,annual,,68126.71,Data Analyst
13780,other,junior,Islamabad,PK,chisel_pk,,,PKR,monthly,,,Full Time Wordpress Developer Job in Pakistan
24488,data_analyst,unknown,Farringdon,GB,adzuna_uk,78000.0,104000.0,GBP,annual,,91000.0,Data Analyst
24489,data_analyst,unknown,Waterloo,GB,adzuna_uk,34741.57,34741.57,GBP,annual,,34741.57,Data Analyst
24490,data_analyst,unknown,Farringdon,GB,adzuna_uk,45000.0,60000.0,GBP,annual,,52500.0,Data Analyst
24491,data_analyst,unknown,London,GB,adzuna_uk,85000.0,85000.0,GBP,annual,,85000.0,Data Analyst
24492,data_analyst,unknown,London,GB,adzuna_uk,51993.86,51993.86,GBP,annual,,51993.86,Data Analyst
24493,data_analyst,unknown,London,GB,adzuna_uk,48699.99,48699.99,GBP,annual,,48699.99,Data Analyst
24494,data_analyst,unknown,Hackney,GB,adzuna_uk,98800.0,104000.0,GBP,annual,,101400.0,Data Analyst
24495,data_analyst,unknown,London,GB,adzuna_uk,59407.18,59407.18,GBP,annual,,59407.18,Data Analyst
24496,data_analyst,unknown,London,GB,adzuna_uk,46847.5,46847.5,GBP,annual,,46847.5,Data Analyst
24497,data_analyst,unknown,London,GB,adzuna_uk,48310.73,48310.73,GBP,annual,,48310.73,Data Analyst
24498,data_analyst,unknown,London,GB,adzuna_uk,45972.38,45972.38,GBP,annual,,45972.38,Data Analyst
24499,data_analyst,senior,London,GB,adzuna_uk,43000.0,50000.0,GBP,annual,,46500.0,Senior Planning & Data Analyst
24500,data_analyst,unknown,London,GB,adzuna_uk,44332.88,44332.88,GBP,annual,,44332.88,Data Analyst - Remote
24501,data_analyst,senior,Bankside,GB,adzuna_uk,61001.33,61001.33,GBP,annual,,61001.33,Senior Data Analyst
24502,data_analyst,unknown,London,GB,adzuna_uk,42846.06,42846.06,GBP,annual,,42846.06,Claims Data Analyst
24503,data_analyst,unknown,London,GB,adzuna_uk,40730.16,40730.16,GBP,annual,,40730.16,Remediation Data Analyst
24504,data_analyst,senior,London,GB,adzuna_uk,57901.32,57901.32,GBP,annual,,57901.32,Senior Data Analyst
13781,other,mid,Lahore,PK,chisel_pk,,,PKR,monthly,,,Full Time Web Developer Job in Pakistan
24505,data_analyst,senior,London,GB,adzuna_uk,68975.41,68975.41,GBP,annual,,68975.41,Senior Data Analyst
24506,data_analyst,senior,Kings Cross,GB,adzuna_uk,49626.14,49626.14,GBP,annual,,49626.14,Senior Data Analyst
24507,data_analyst,unknown,London,GB,adzuna_uk,35000.0,38000.0,GBP,annual,,36500.0,Royalty Data Analyst
24508,data_analyst,unknown,London,GB,adzuna_uk,39729.89,39729.89,GBP,annual,,39729.89,People Data Analyst
24509,data_analyst,senior,London,GB,adzuna_uk,54734.36,54734.36,GBP,annual,,54734.36,Senior Investment Data Analyst - Universities Superannuation Scheme Limited
24510,data_analyst,junior,Croydon,GB,adzuna_uk,30000.0,50000.0,GBP,annual,,40000.0,Trainee Data Analyst
24511,data_analyst,senior,The City,GB,adzuna_uk,65000.0,75000.0,GBP,annual,,70000.0,Senior Data Analyst
24512,data_analyst,unknown,Farringdon,GB,adzuna_uk,370.0,420.0,GBP,annual,,395.0,Systems Data Analyst
24513,data_analyst,unknown,London,GB,adzuna_uk,65737.56,65737.56,GBP,annual,,65737.56,Procurement Data Analyst
24514,data_analyst,unknown,Farringdon,GB,adzuna_uk,60000.0,70000.0,GBP,annual,,65000.0,Finance Data Analyst
24515,data_analyst,unknown,London,GB,adzuna_uk,60000.0,70000.0,GBP,annual,,65000.0,Finance Data Analyst
24516,data_analyst,unknown,Farringdon,GB,adzuna_uk,130000.0,156000.0,GBP,annual,,143000.0,Technical Data Analyst
24517,data_analyst,senior,London,GB,adzuna_uk,70000.0,75000.0,GBP,annual,,72500.0,Senior Data Analyst
24518,data_analyst,unknown,Farringdon,GB,adzuna_uk,37700.0,42350.0,GBP,annual,,40025.0,CAD Data Analyst
24519,data_analyst,unknown,London,GB,adzuna_uk,45835.7,45835.7,GBP,annual,,45835.7,Remediation Data Analyst
24520,data_analyst,junior,London,GB,adzuna_uk,35000.0,35000.0,GBP,annual,,35000.0,Graduate Data Analyst
13782,other,mid,Peshawar,PK,chisel_pk,,,PKR,monthly,,,Full Time Senior PHP Developer Job in Pakistan
24521,data_analyst,unknown,Turnpike Lane,GB,adzuna_uk,31000.0,31000.0,GBP,annual,,31000.0,Energy Data Analyst
24522,data_analyst,senior,Fenchurch St,GB,adzuna_uk,41566.38,41566.38,GBP,annual,,41566.38,Senior Data Analyst
24523,data_analyst,junior,Fenchurch St,GB,adzuna_uk,41601.36,41601.36,GBP,annual,,41601.36,Associate Data Analyst
24524,data_analyst,senior,West London,GB,adzuna_uk,70000.0,70000.0,GBP,annual,,70000.0,Senior Data Analyst
24525,data_analyst,junior,London,GB,adzuna_uk,30000.0,30000.0,GBP,annual,,30000.0,Junior Data Analyst
24526,data_analyst,senior,London,GB,adzuna_uk,43563.64,43563.64,GBP,annual,,43563.64,Lead Data Analyst
24527,data_analyst,senior,Farringdon,GB,adzuna_uk,70000.0,75000.0,GBP,annual,,72500.0,Senior Data Analyst
24528,data_analyst,senior,Hammersmith,GB,adzuna_uk,45907.36,45907.36,GBP,annual,,45907.36,Senior Data Analyst
24529,data_analyst,unknown,London,GB,adzuna_uk,57897.95,57897.95,GBP,annual,,57897.95,Data Analyst III
24530,data_analyst,unknown,Charing Cross,GB,adzuna_uk,47965.09,47965.09,GBP,annual,,47965.09,Business Data Analyst
24531,marketing_analyst,unknown,Waterloo,GB,adzuna_uk,41811.09,41811.09,GBP,annual,,41811.09,Marketing Data Analyst
24532,data_analyst,unknown,London,GB,adzuna_uk,50572.32,50572.32,GBP,annual,,50572.32,Data Analyst - Pitstops
24533,data_analyst,senior,Piccadilly,GB,adzuna_uk,65000.0,75000.0,GBP,annual,,70000.0,Senior Data Analyst
24534,data_analyst,senior,St Pancras,GB,adzuna_uk,50482.02,50482.02,GBP,annual,,50482.02,Senior Data Analyst
24535,data_analyst,senior,London,GB,adzuna_uk,54939.83,54939.83,GBP,annual,,54939.83,Senior Data Analyst
24536,data_analyst,senior,London,GB,adzuna_uk,68649.71,68649.71,GBP,annual,,68649.71,Senior Data Analyst
24537,data_analyst,junior,West London,GB,adzuna_uk,65000.0,65000.0,GBP,annual,,65000.0,Graduate Data Analyst
24538,data_analyst,senior,London,GB,adzuna_uk,41288.12,41288.12,GBP,annual,,41288.12,Senior Data Analyst
24539,data_analyst,unknown,Liverpool Street,GB,adzuna_uk,,75000.0,GBP,annual,,,Data Analyst/Engineer
24540,data_analyst,unknown,London,GB,adzuna_uk,63934.03,63934.03,GBP,annual,,63934.03,CRM Data Analyst
24541,data_analyst,unknown,Liverpool Street,GB,adzuna_uk,70001.0,80000.0,GBP,annual,,75000.5,Data Analyst/Engineer
24542,data_analyst,unknown,London,GB,adzuna_uk,60418.48,60418.48,GBP,annual,,60418.48,"Data Analyst, Product"
24543,data_analyst,senior,London,GB,adzuna_uk,55594.23,55594.23,GBP,annual,,55594.23,Senior Data Analyst
24544,data_analyst,unknown,London,GB,adzuna_uk,40000.0,40000.0,GBP,annual,,40000.0,CAD Data Analyst
24545,data_analyst,unknown,Liverpool Street,GB,adzuna_uk,62993.51,62993.51,GBP,annual,,62993.51,Data Analyst - FinCrime
24546,data_analyst,unknown,Farringdon,GB,adzuna_uk,40831.94,40831.94,GBP,annual,,40831.94,Remediation Data Analyst
24547,data_analyst,unknown,Farringdon,GB,adzuna_uk,104000.0,117000.0,GBP,annual,,110500.0,Data Analyst - Revenue
24548,data_analyst,unknown,London,GB,adzuna_uk,54986.9,54986.9,GBP,annual,,54986.9,Data Analyst - Fraud
24549,data_analyst,senior,London,GB,adzuna_uk,71829.23,71829.23,GBP,annual,,71829.23,Lead Data Analyst
24550,data_analyst,unknown,Clapham Junction,GB,adzuna_uk,37033.21,37033.21,GBP,annual,,37033.21,Commercial Data Analyst
24551,data_analyst,senior,London,GB,adzuna_uk,60622.4,60622.4,GBP,annual,,60622.4,Senior Data Analyst
24552,data_analyst,senior,London,GB,adzuna_uk,54048.93,54048.93,GBP,annual,,54048.93,Senior Data Analyst
24553,data_analyst,senior,London,GB,adzuna_uk,65332.01,65332.01,GBP,annual,,65332.01,Lead Data Analyst
24554,data_analyst,unknown,London,GB,adzuna_uk,50537.99,50537.99,GBP,annual,,50537.99,Data Analyst (Payments)
24555,data_analyst,senior,Tower Bridge,GB,adzuna_uk,51911.17,51911.17,GBP,annual,,51911.17,Senior Data Analyst
24556,data_analyst,senior,London,GB,adzuna_uk,40000.0,43000.0,GBP,annual,,41500.0,Senior Data Analyst
24557,data_analyst,unknown,London,GB,adzuna_uk,40462.33,40462.33,GBP,annual,,40462.33,Interim data analyst
24558,data_analyst,senior,South East London,GB,adzuna_uk,40000.0,40000.0,GBP,annual,,40000.0,Senior Data Analyst
24559,data_analyst,unknown,London,GB,adzuna_uk,72952.31,72952.31,GBP,annual,,72952.31,Market Data Analyst
24560,data_analyst,senior,Clerkenwell,GB,adzuna_uk,45763.81,45763.81,GBP,annual,,45763.81,Senior Data Analyst
24561,data_analyst,unknown,London,GB,adzuna_uk,34906.23,34906.23,GBP,annual,,34906.23,Market Data Analyst
24562,data_analyst,unknown,East London,GB,adzuna_uk,35000.0,35000.0,GBP,annual,,35000.0,Data Analyst - Performance
24563,data_analyst,senior,London,GB,adzuna_uk,73277.66,73277.66,GBP,annual,,73277.66,Principal Data Analyst
24564,product_analyst,unknown,London,GB,adzuna_uk,36200.6,36200.6,GBP,annual,,36200.6,Product Data Analyst
24565,data_analyst,senior,London,GB,adzuna_uk,45427.46,45427.46,GBP,annual,,45427.46,Lead Data Analyst
24566,data_analyst,unknown,Victoria,GB,adzuna_uk,34467.82,34467.82,GBP,annual,,34467.82,Sales Data Analyst
24567,data_analyst,unknown,London,GB,adzuna_uk,85924.0,112777.0,GBP,annual,,99350.5,IT Data Analyst / IT Data Migration Specialist
24568,data_analyst,unknown,The City,GB,adzuna_uk,48821.27,48821.27,GBP,annual,,48821.27,"Data Analyst, Accounting Data and Systems"
24569,data_analyst,unknown,Poplar,GB,adzuna_uk,44743.44,44743.44,GBP,annual,,44743.44,Risk Technology Data Analyst
24570,data_analyst,senior,Kings Cross,GB,adzuna_uk,49573.35,49573.35,GBP,annual,,49573.35,Senior UK Data Analyst
24571,data_analyst,unknown,London,GB,adzuna_uk,91000.0,109200.0,GBP,annual,,100100.0,Systems Data Analyst – SQL / NoSQL / Data Migration
24572,data_analyst,unknown,London,GB,adzuna_uk,40000.0,50000.0,GBP,annual,,45000.0,Data Analyst - Vendor Licensing
24573,data_analyst,senior,Farringdon,GB,adzuna_uk,43000.0,50000.0,GBP,annual,,46500.0,Senior Planning & Data Analyst
13783,other,junior,Faisalabad,PK,chisel_pk,,,PKR,monthly,,,Full Time Fullstack Dev. (PHP / ANGULAR) Jobs in Pakistan
24574,data_analyst,unknown,London,GB,adzuna_uk,80000.0,90000.0,GBP,annual,,85000.0,Exposure / Quantitative Data Analyst
24575,data_analyst,unknown,Farringdon,GB,adzuna_uk,130000.0,208000.0,GBP,annual,,169000.0,Interim Finance Data Analyst
24576,data_analyst,unknown,London,GB,adzuna_uk,145600.0,148200.0,GBP,annual,,146900.0,Data Analyst (SC Cleared)
24577,data_analyst,unknown,London,GB,adzuna_uk,145600.0,148200.0,GBP,annual,,146900.0,Data Analyst (SC Cleared)
24578,data_analyst,senior,Farringdon,GB,adzuna_uk,75000.0,85000.0,GBP,annual,,80000.0,Senior Data Analyst/BA
24579,data_analyst,senior,Richmond,GB,adzuna_uk,53391.58,53391.58,GBP,annual,,53391.58,Senior Commercial Data Analyst
24580,data_analyst,unknown,London,GB,adzuna_uk,91000.0,104000.0,GBP,annual,,97500.0,Data Analyst (Banking Domain)
24581,data_analyst,senior,London,GB,adzuna_uk,57143.31,57143.31,GBP,annual,,57143.31,Lead Data Analyst - Network
13784,other,mid,Islamabad,PK,chisel_pk,,,PKR,monthly,,,"Full Time Sr. Mobile App Developer AWS Lambda, AWS Cognito, AWS SNS And IAM Job in Pakistan"
24582,data_analyst,unknown,London,GB,adzuna_uk,68123.72,68123.72,GBP,annual,,68123.72,Data Analyst III (Product)
24583,data_analyst,unknown,West London,GB,adzuna_uk,50000.0,50000.0,GBP,annual,,50000.0,Sustainable Procurement Data Analyst
24584,data_analyst,senior,Parliament Hill,GB,adzuna_uk,70460.02,70460.02,GBP,annual,,70460.02,Lead Data Analyst (Rankings)
24585,data_analyst,unknown,London,GB,adzuna_uk,41600.0,50000.0,GBP,annual,,45800.0,"Data Analyst (London, UK)"
24586,data_analyst,senior,London,GB,adzuna_uk,77002.09,77002.09,GBP,annual,,77002.09,Senior Data Analyst - Growth
24587,data_analyst,senior,London,GB,adzuna_uk,75090.34,75090.34,GBP,annual,,75090.34,Senior Data Analyst - Growth
24588,data_analyst,unknown,London,GB,adzuna_uk,77699.56,77699.56,GBP,annual,,77699.56,"Data Analyst, Quantitative Platform"
24589,data_analyst,senior,London,GB,adzuna_uk,59324.97,59324.97,GBP,annual,,59324.97,Senior Market Data Analyst
24590,data_analyst,unknown,London,GB,adzuna_uk,53998.8,53998.8,GBP,annual,,53998.8,Data Analyst (Life Actuarial)
24591,data_analyst,unknown,Strand,GB,adzuna_uk,53952.21,53952.21,GBP,annual,,53952.21,Data Analyst (Life Actuarial)
24592,data_analyst,senior,Tower Bridge,GB,adzuna_uk,77536.34,77536.34,GBP,annual,,77536.34,Lead Data Analyst (Loyalty)
24593,data_analyst,junior,London,GB,adzuna_uk,28024.9,28024.9,GBP,annual,,28024.9,Data Analyst- Intern- London
24594,data_analyst,unknown,Blackfriars,GB,adzuna_uk,66583.28,66583.28,GBP,annual,,66583.28,VAT Compliance Data Analyst
24595,data_analyst,unknown,Fenchurch St,GB,adzuna_uk,53132.12,53132.12,GBP,annual,,53132.12,Exposure Management Data Analyst
24596,data_analyst,unknown,London,GB,adzuna_uk,50000.0,70000.0,GBP,annual,,60000.0,Forward Deployed Data Analyst
24597,data_analyst,senior,London,GB,adzuna_uk,65265.44,65265.44,GBP,annual,,65265.44,Senior Quantitative Data Analyst
24598,data_analyst,senior,London,GB,adzuna_uk,48861.42,48861.42,GBP,annual,,48861.42,Senior Data Analyst II
24599,data_analyst,senior,London,GB,adzuna_uk,63471.83,63471.83,GBP,annual,,63471.83,Senior Data Analyst - Marketing
24600,data_analyst,senior,London,GB,adzuna_uk,47886.3,47886.3,GBP,annual,,47886.3,Senior Strategy and Data Analyst
24601,data_analyst,senior,London,GB,adzuna_uk,69092.52,69092.52,GBP,annual,,69092.52,Senior Data Analyst - Content
24602,data_analyst,unknown,London,GB,adzuna_uk,55769.41,55769.41,GBP,annual,,55769.41,Data Analyst – Credit & Lending
24603,data_analyst,unknown,London,GB,adzuna_uk,63900.69,63900.69,GBP,annual,,63900.69,Data Analyst - Credit Risk
24604,data_analyst,unknown,London,GB,adzuna_uk,88466.81,88466.81,GBP,annual,,88466.81,"Staff Data Analyst, Operations"
24605,data_analyst,senior,London,GB,adzuna_uk,45883.99,45883.99,GBP,annual,,45883.99,Senior Strategy and Data Analyst
24606,data_analyst,junior,Putney Vale,GB,adzuna_uk,25000.0,25000.0,GBP,annual,,25000.0,IT Data Analyst Intern
24607,data_analyst,unknown,London,GB,adzuna_uk,54771.06,54771.06,GBP,annual,,54771.06,Data Analyst with MMM & Consumption Data
13785,other,mid,Islamabad,PK,chisel_pk,,,PKR,monthly,,,Full Time Senior Full Stack Developer (AWS) Job in Pakistan
24608,data_analyst,junior,London,GB,adzuna_uk,50094.32,50094.32,GBP,annual,,50094.32,Data Analyst (Compute Science Graduate Opportunity ) - Alexander Mann Solutions (Contingent)
24609,data_analyst,senior,London,GB,adzuna_uk,83882.92,83882.92,GBP,annual,,83882.92,Lead Data Analyst - Investment Data Strategy
24610,data_analyst,senior,London,GB,adzuna_uk,85646.25,85646.25,GBP,annual,,85646.25,Lead Data Analyst - Investment Data Strategy
24611,data_analyst,unknown,Temple,GB,adzuna_uk,65773.43,65773.43,GBP,annual,,65773.43,Data Analyst - 12 Month FTC
24612,data_analyst,unknown,London,GB,adzuna_uk,49137.68,49137.68,GBP,annual,,49137.68,Visual Data Analyst - Fully Remote
24613,data_analyst,junior,London,GB,adzuna_uk,24000.0,25000.0,GBP,annual,,24500.0,Data Analyst Intern - Financial Markets
24614,data_analyst,senior,London,GB,adzuna_uk,60000.0,75000.0,GBP,annual,,67500.0,Senior Data Analyst - Marketing Science
24615,data_analyst,unknown,Central London,GB,adzuna_uk,41400.0,48702.0,GBP,annual,,45051.0,CAD Data Analyst Rail Systems
13786,other,junior,Lahore,PK,chisel_pk,,,PKR,monthly,,,Full Time Android Developer / Mobile Application Developer Job in Pakistan
24616,data_analyst,unknown,Angel,GB,adzuna_uk,70000.0,75000.0,GBP,annual,,72500.0,Data Analyst 6 Month FTC
24617,data_analyst,unknown,London,GB,adzuna_uk,49396.19,49396.19,GBP,annual,,49396.19,Remediation Data Analyst - Central Government
24618,data_analyst,senior,London,GB,adzuna_uk,71369.7,71369.7,GBP,annual,,71369.7,Lead Data Analyst - FinCrime Operations
24619,data_analyst,senior,London,GB,adzuna_uk,69797.52,69797.52,GBP,annual,,69797.52,Lead Data Analyst - FinCrime Operations
24620,data_analyst,senior,London,GB,adzuna_uk,51000.95,51000.95,GBP,annual,,51000.95,"Senior Data Analyst, Financial Health"
24621,data_analyst,senior,London,GB,adzuna_uk,51870.89,51870.89,GBP,annual,,51870.89,Senior Data Analyst - Strategic Finance
24622,data_analyst,unknown,London,GB,adzuna_uk,41414.28,41414.28,GBP,annual,,41414.28,Data Analyst – Islington | Secondary Sector
24623,data_analyst,unknown,Blackfriars,GB,adzuna_uk,47611.98,47611.98,GBP,annual,,47611.98,"Annuities Data Analyst, RS&AM"
13787,other,mid,Lahore,PK,chisel_pk,,,PKR,monthly,,,Full Time Graphic Designer - Home Based Job in Pakistan
24624,data_analyst,unknown,London,GB,adzuna_uk,23972.2,23972.2,GBP,annual,,23972.2,Commercial Data Analyst - Clapham Junction
24625,data_analyst,unknown,London,GB,adzuna_uk,38887.68,38887.68,GBP,annual,,38887.68,Data Analyst - Sortation & First Mile
24626,data_analyst,junior,Central London,GB,adzuna_uk,35000.0,35000.0,GBP,annual,,35000.0,Junior Data Analyst – Tech Startup
24627,data_analyst,senior,London,GB,adzuna_uk,64723.58,64723.58,GBP,annual,,64723.58,Senior Data Analyst - Platform Pricing
24628,data_analyst,senior,London,GB,adzuna_uk,77284.67,77284.67,GBP,annual,,77284.67,"Senior Manager, Product Data Analyst"
24629,data_analyst,unknown,London,GB,adzuna_uk,52999.94,52999.94,GBP,annual,,52999.94,Data Analyst - 6 Month FTC
24630,data_analyst,senior,London,GB,adzuna_uk,72294.08,72294.08,GBP,annual,,72294.08,Senior Data Analyst - CRM Analytics
24631,data_analyst,senior,London,GB,adzuna_uk,50710.83,50710.83,GBP,annual,,50710.83,Senior Data Analyst - Last Mile
13788,other,junior,Karachi,PK,chisel_pk,,,PKR,monthly,,,Full Time Product Specialist Jobs in Pakistan
24632,data_analyst,senior,London,GB,adzuna_uk,64740.31,64740.31,GBP,annual,,64740.31,Senior Data Analyst - Regulatory Reporting
24633,data_analyst,senior,London,GB,adzuna_uk,47559.43,47559.43,GBP,annual,,47559.43,"Sr Data Analyst, Search Marketing"
24634,data_analyst,senior,London,GB,adzuna_uk,62026.88,62026.88,GBP,annual,,62026.88,Senior Data Analyst - Regulatory Reporting
24635,data_analyst,unknown,London,GB,adzuna_uk,36906.6,36906.6,GBP,annual,,36906.6,Staff Data Analyst (Driver Squad)
24636,data_analyst,senior,London,GB,adzuna_uk,80952.33,80952.33,GBP,annual,,80952.33,Senior Data Analyst - Product Reliability
24637,data_analyst,senior,London,GB,adzuna_uk,61283.5,61283.5,GBP,annual,,61283.5,Senior Data Analyst- SEM/PPC
24638,data_analyst,junior,London,GB,adzuna_uk,24000.0,25000.0,GBP,annual,,24500.0,Data Analyst Intern - Financial Markets
24639,data_analyst,senior,London,GB,adzuna_uk,51866.49,51866.49,GBP,annual,,51866.49,Senior Data Analyst - Payment Operations
13789,other,mid,Karachi,PK,chisel_pk,,,PKR,monthly,,,Full Time Product Manager Job in Pakistan
24640,data_analyst,senior,London,GB,adzuna_uk,51240.82,51240.82,GBP,annual,,51240.82,Senior Data Analyst - Payment Operations
24641,data_analyst,unknown,London,GB,adzuna_uk,97500.0,97500.0,GBP,annual,,97500.0,Data Analyst / Asset Intelligence - Housing Sector Exp
24642,data_analyst,unknown,London,GB,adzuna_uk,85924.0,112777.0,GBP,annual,,99350.5,IT Data Analyst / IT Data Migration Specialist
24643,data_analyst,unknown,London,GB,adzuna_uk,50866.21,50866.21,GBP,annual,,50866.21,Data Analyst (FinCrime Focus - Contract) Remote
24644,data_analyst,unknown,London,GB,adzuna_uk,49307.14,49307.14,GBP,annual,,49307.14,Fenergo CLM Data Analyst / Migration Specialist
24645,data_analyst,senior,London,GB,adzuna_uk,49740.0,49740.0,GBP,annual,,49740.0,Senior data analyst - 6 month FTC
24646,data_analyst,unknown,London,GB,adzuna_uk,66618.91,66618.91,GBP,annual,,66618.91,Remediation Data Analyst | 18-Month Contract | Hybrid London
24647,data_analyst,junior,Monument,GB,adzuna_uk,28000.0,32000.0,GBP,annual,,30000.0,Associate Accounting Data Analyst Asian Language
13790,other,junior,Dera Ismail Khan,PK,chisel_pk,,,PKR,monthly,,,Full Time Medical Representatives Job in Pakistan
24648,data_analyst,unknown,London,GB,adzuna_uk,43971.0,59768.0,GBP,annual,,51869.5,HR Data Analyst (Workforce Reporting & Analytics)
24649,data_analyst,unknown,North London,GB,adzuna_uk,65000.0,65000.0,GBP,annual,,65000.0,Data Analyst Placement Programme No Experience Needed
24650,data_analyst,senior,London,GB,adzuna_uk,68601.87,68601.87,GBP,annual,,68601.87,Senior Consultant – Reinsurance Business Data Analyst
24651,data_analyst,unknown,London,GB,adzuna_uk,65793.2,65793.2,GBP,annual,,65793.2,"Tax Data Analyst, Global Tax Services"
24652,data_analyst,unknown,London,GB,adzuna_uk,91313.45,91313.45,GBP,annual,,91313.45,"Tax Data Analyst, Global Tax Services"
24653,data_analyst,unknown,London,GB,adzuna_uk,45000.0,45000.0,GBP,annual,,45000.0,Data Analyst with SQL Server SSIS (IT)
24654,data_analyst,unknown,London,GB,adzuna_uk,35887.56,35887.56,GBP,annual,,35887.56,"Data Analyst – Camden | ""Outstanding"" Secondary School"
24655,data_analyst,unknown,London,GB,adzuna_uk,45000.0,45000.0,GBP,annual,,45000.0,Data Analyst with SQL Server SSIS (IT)
13791,other,mid,Lahore,PK,chisel_pk,,,PKR,monthly,,,Full Time Social Media - Skilled And Experienced Can Apply Job in Pakistan
24656,data_analyst,unknown,London,GB,adzuna_uk,48489.96,48489.96,GBP,annual,,48489.96,Data Analyst Financial Markets - Mandarin Speaking
24657,data_analyst,senior,London,GB,adzuna_uk,81034.05,81034.05,GBP,annual,,81034.05,Lead Data Analyst - Total Service (Operations)
24658,data_analyst,unknown,London,GB,adzuna_uk,31038.22,31038.22,GBP,annual,,31038.22,"Market Research & Data Analyst, Reuters Insights"
24659,data_analyst,senior,London,GB,adzuna_uk,51053.8,51053.8,GBP,annual,,51053.8,Senior Data Analyst – PropTech/SaaS Startup
24660,data_analyst,senior,London,GB,adzuna_uk,79015.18,79015.18,GBP,annual,,79015.18,Lead Data Analyst - Total Service (Operations)
24661,data_analyst,unknown,Borough,GB,adzuna_uk,41786.93,41786.93,GBP,annual,,41786.93,Online Data Analyst - English speaker in UK
24662,data_analyst,senior,London,GB,adzuna_uk,50537.94,50537.94,GBP,annual,,50537.94,Senior Data Analyst - Customer Insight & Performance
24663,data_analyst,senior,London,GB,adzuna_uk,82530.16,82530.16,GBP,annual,,82530.16,Senior Marketing Data Analyst - Marketing Science
13792,other,junior,Islamabad,PK,chisel_pk,,,PKR,monthly,,,Full Time Business Development Executive Job in Pakistan
24664,data_analyst,senior,London,GB,adzuna_uk,65786.23,65786.23,GBP,annual,,65786.23,Senior Data Analyst - Wise Platform Pricing
24665,data_analyst,senior,London,GB,adzuna_uk,67847.33,67847.33,GBP,annual,,67847.33,Lead Data Analyst - Wise Platform Pricing
24666,data_analyst,senior,London,GB,adzuna_uk,47855.71,47855.71,GBP,annual,,47855.71,Senior Product Data Analyst - Consumer Growth
24667,data_analyst,senior,London,GB,adzuna_uk,63067.75,63067.75,GBP,annual,,63067.75,Senior Data Analyst - Digital Legal Delivery
24668,data_analyst,unknown,London,GB,adzuna_uk,56279.01,56279.01,GBP,annual,,56279.01,"Data Analyst, Compliance (12-Month FTC)"
24669,data_analyst,senior,London,GB,adzuna_uk,43238.69,43238.69,GBP,annual,,43238.69,Senior Product Data Analyst- Consumer Growth
24670,data_analyst,unknown,London,GB,adzuna_uk,37817.54,37817.54,GBP,annual,,37817.54,The Data School UK - Data Analyst/Consultant
24671,data_analyst,senior,London,GB,adzuna_uk,46631.68,46631.68,GBP,annual,,46631.68,Senior Consultant – Local Government Data Analyst
13793,other,mid,Karachi,PK,chisel_pk,,,PKR,monthly,,,Online Full Time Manager Business Development (Sales) Jobs in Pakistan
24672,data_analyst,junior,London,GB,adzuna_uk,38925.42,38925.42,GBP,annual,,38925.42,Associate Data Analyst (Asian language speaker) - A.M. Best Europe - Rating Services Ltd
24673,data_analyst,unknown,London,GB,adzuna_uk,51903.11,51903.11,GBP,annual,,51903.11,Fraud Data Analyst (Banking) - 6-Month Contract
24674,data_analyst,unknown,London,GB,adzuna_uk,71741.75,71741.75,GBP,annual,,71741.75,Fraud Data Analyst (Banking) - Remote then Onsite Kuwait
24675,data_analyst,unknown,London,GB,adzuna_uk,73263.06,73263.06,GBP,annual,,73263.06,Fraud Data Analyst (Banking) - Remote then Onsite Kuwait
24676,data_analyst,unknown,Uxbridge,GB,adzuna_uk,35000.0,40000.0,GBP,annual,,37500.0,Data & Reporting Analyst
24677,data_analyst,senior,London,GB,adzuna_uk,104000.0,130000.0,GBP,annual,,117000.0,Senior Product Data Scientist / Product Data Analyst
24678,data_analyst,junior,London,GB,adzuna_uk,42000.0,50000.0,GBP,annual,,46000.0,Graduate Investment Data Analyst Programme Central London
24679,data_analyst,unknown,Greenford,GB,adzuna_uk,45402.04,45402.04,GBP,annual,,45402.04,Supply Chain Development Data Analyst UK&I
13794,other,junior,Lahore,PK,chisel_pk,,,PKR,monthly,,,Full Time Business Development Executive Jobs in Pakistan
24680,data_analyst,senior,London,GB,adzuna_uk,62996.81,62996.81,GBP,annual,,62996.81,Senior Market Data Analyst - Man Group plc
24681,data_analyst,senior,London,GB,adzuna_uk,68771.2,68771.2,GBP,annual,,68771.2,"Senior Data Analyst, Compliance (12-Month FTC)"
24682,data_analyst,unknown,London,GB,adzuna_uk,63286.45,63286.45,GBP,annual,,63286.45,"Portfolio Data Analyst, Infrastructure (m/f/d)"
24683,data_analyst,senior,London,GB,adzuna_uk,130000.0,130000.0,GBP,annual,,130000.0,Senior Product Data Scientist/ Product Data Analyst
24684,data_analyst,senior,London,GB,adzuna_uk,52442.35,52442.35,GBP,annual,,52442.35,Senior Business Data Analyst - M&G plc.
24685,data_analyst,unknown,Liverpool Street,GB,adzuna_uk,45000.0,75000.0,GBP,annual,,60000.0,"SFDC Data Modeller, Data Analyst, SFDC Dev"
24686,data_analyst,unknown,London,GB,adzuna_uk,51272.93,51272.93,GBP,annual,,51272.93,Data Governance Analyst
24687,data_analyst,unknown,The City,GB,adzuna_uk,40000.0,50000.0,GBP,annual,,45000.0,Data Analytics Analyst
13796,other,senior,Lahore,PK,chisel_pk,,,PKR,monthly,,,Full Time Software Programmer .Net / Asp.Net Engineer Job in Pakistan
24688,data_analyst,unknown,London,GB,adzuna_uk,,117000.0,GBP,annual,,,Data Governance Analyst
24689,data_analyst,unknown,London,GB,adzuna_uk,47707.52,47707.52,GBP,annual,,47707.52,Data Integration Analyst
24690,data_analyst,unknown,Westminster,GB,adzuna_uk,72800.0,83200.0,GBP,annual,,78000.0,Data Business Analyst
24691,data_analyst,unknown,London,GB,adzuna_uk,63054.45,63054.45,GBP,annual,,63054.45,Data Governance Analyst
24692,data_analyst,unknown,The City,GB,adzuna_uk,147940.0,148200.0,GBP,annual,,148070.0,Data Governance Analyst
24693,data_analyst,unknown,Barbican,GB,adzuna_uk,47848.22,47848.22,GBP,annual,,47848.22,Data Protection Analyst
24694,data_analyst,unknown,Bloomsbury,GB,adzuna_uk,63547.91,63547.91,GBP,annual,,63547.91,Data Operations Analyst
24695,data_analyst,unknown,London,GB,adzuna_uk,47849.23,47849.23,GBP,annual,,47849.23,Data Operations Analyst
24696,data_analyst,unknown,St Paul'S,GB,adzuna_uk,49438.46,49438.46,GBP,annual,,49438.46,Data Governance Analyst
24697,data_analyst,unknown,London,GB,adzuna_uk,51163.86,51163.86,GBP,annual,,51163.86,Data Business Analyst
24698,data_analyst,unknown,London,GB,adzuna_uk,143000.0,162500.0,GBP,annual,,152750.0,Commercial Finance Data Analyst / Commercial Finance Business Partner
24699,data_analyst,unknown,London,GB,adzuna_uk,143000.0,148200.0,GBP,annual,,145600.0,Data Engineer / Data Analyst (Microsoft Azure) - SC Cleared
24700,data_analyst,unknown,London,GB,adzuna_uk,43420.26,43420.26,GBP,annual,,43420.26,Data Analyst | East London Secondary School | Immediate Start
24701,other,senior,Fenchurch St,GB,adzuna_uk,87963.05,87963.05,GBP,annual,,87963.05,Senior Manager Architect - Data
24702,data_analyst,senior,The City,GB,adzuna_uk,85000.0,95000.0,GBP,annual,,90000.0,Senior Data Governance Analyst
24703,data_analyst,unknown,London,GB,adzuna_uk,44703.27,44703.27,GBP,annual,,44703.27,Margin Data & Reconciliation Analyst
24704,data_analyst,unknown,London,GB,adzuna_uk,49000.0,57000.0,GBP,annual,,53000.0,Financial Data & Vendor Analyst
24705,data_analyst,unknown,London,GB,adzuna_uk,47974.52,47974.52,GBP,annual,,47974.52,EMEA Data Governance Analyst
24706,data_analyst,unknown,London,GB,adzuna_uk,80808.62,80808.62,GBP,annual,,80808.62,Equities Execution Data Analyst - 12 month Fixed Term Contract
24707,analytics_engineer,unknown,London,GB,adzuna_uk,51495.75,51495.75,GBP,annual,,51495.75,Data Engineer/Integration Analyst (Python)
24708,data_analyst,unknown,Farringdon,GB,adzuna_uk,42286.92,42286.92,GBP,annual,,42286.92,Metadata & Data Quality Analyst
24709,data_analyst,unknown,Canary Wharf,GB,adzuna_uk,70957.07,70957.07,GBP,annual,,70957.07,Data Business Analyst – (Data Migration & Front Office Operations)
24710,data_analyst,unknown,Covent Garden,GB,adzuna_uk,53559.47,53559.47,GBP,annual,,53559.47,Construction Data & Research Analyst
24711,data_analyst,unknown,Covent Garden,GB,adzuna_uk,55118.89,55118.89,GBP,annual,,55118.89,Construction Data & Research Analyst
24712,data_analyst,senior,London,GB,adzuna_uk,56776.0,56776.0,GBP,annual,,56776.0,Senior Data Protection Analyst
13798,other,junior,Lahore,PK,chisel_pk,,,PKR,monthly,,,Full Time Accountant / Accounts Officer / Audit Officer Job in Pakistan
24713,data_analyst,unknown,London,GB,adzuna_uk,38221.75,38221.75,GBP,annual,,38221.75,Metadata & Data Quality Analyst
24714,data_analyst,unknown,London,GB,adzuna_uk,39909.89,39909.89,GBP,annual,,39909.89,Metadata & Data Quality Analyst
24715,data_analyst,senior,London,GB,adzuna_uk,57395.59,57395.59,GBP,annual,,57395.59,Senior Data Business Analyst
24716,data_analyst,senior,London,GB,adzuna_uk,69122.71,69122.71,GBP,annual,,69122.71,Senior Data Privacy Analyst
24717,data_analyst,senior,London,GB,adzuna_uk,31994.57,31994.57,GBP,annual,,31994.57,Senior Data Governance Analyst
24718,data_analyst,senior,London,GB,adzuna_uk,56506.88,56506.88,GBP,annual,,56506.88,Senior Data Design Analyst
24719,data_analyst,senior,London,GB,adzuna_uk,49139.61,49139.61,GBP,annual,,49139.61,Senior Data & AI Analyst
24720,data_analyst,senior,London,GB,adzuna_uk,56264.47,56264.47,GBP,annual,,56264.47,Senior Data Governance Analyst
24721,data_analyst,unknown,London,GB,adzuna_uk,76037.38,76037.38,GBP,annual,,76037.38,Trading Data & AI Analyst
24722,data_analyst,unknown,London,GB,adzuna_uk,60000.0,74999.0,GBP,annual,,67499.5,Database Administration and Data Management Analyst
24723,data_analyst,senior,Islington,GB,adzuna_uk,61963.0,61963.0,GBP,annual,,61963.0,Senior Data & Performance Analyst (Hybrid)
24724,data_analyst,unknown,London,GB,adzuna_uk,82383.81,82383.81,GBP,annual,,82383.81,Investor Narrative & Data Integrity Analyst
24725,data_analyst,unknown,London,GB,adzuna_uk,55000.0,60000.0,GBP,annual,,57500.0,Data Quality Assurance Analyst
24726,data_analyst,senior,London,GB,adzuna_uk,54983.02,54983.02,GBP,annual,,54983.02,Senior Project Controls Data & Reporting Analyst
24727,data_analyst,unknown,Farringdon,GB,adzuna_uk,117000.0,117000.0,GBP,annual,,117000.0,Data Governance Analyst-Alation experience essential
24728,data_analyst,unknown,London,GB,adzuna_uk,117000.0,143000.0,GBP,annual,,130000.0,"Data Insight Analyst, Supply Chain, Logistics"
24729,data_analyst,unknown,Newham,GB,adzuna_uk,78000.0,78000.0,GBP,annual,,78000.0,Interim Temporary Accommodation Data & Performance Analyst
13799,other,junior,Lahore,PK,chisel_pk,,,PKR,monthly,,,Full Time SEO Expert / Graphic Designer Job in Pakistan
24730,data_analyst,unknown,London,GB,adzuna_uk,78000.0,78000.0,GBP,annual,,78000.0,Interim Temporary Accommodation Data & Performance Analyst
24731,other,senior,London,GB,adzuna_uk,43149.59,43149.59,GBP,annual,,43149.59,"21030 - Senior Data Strategy Analyst, JCTPPH"
24732,other,senior,London,GB,adzuna_uk,69163.06,69163.06,GBP,annual,,69163.06,"Senior Analyst, Data & Insights"
24733,data_analyst,unknown,London,GB,adzuna_uk,51600.07,51600.07,GBP,annual,,51600.07,Data Protection Compliance Analyst
24734,other,unknown,The City,GB,adzuna_uk,39000.0,52000.0,GBP,annual,,45500.0,GDPR Data Remediation Analyst - APX/Advent Moxy
24735,other,unknown,London,GB,adzuna_uk,70000.0,90000.0,GBP,annual,,80000.0,Commercial Analyst - Data & Pricing Programme
24736,data_analyst,unknown,The City,GB,adzuna_uk,55000.0,60000.0,GBP,annual,,57500.0,Data Quality Assurance Analyst
24737,other,unknown,London,GB,adzuna_uk,42790.98,42790.98,GBP,annual,,42790.98,CRM Data and Customer Analyst
24738,data_scientist,unknown,London,GB,adzuna_uk,53840.57,53840.57,GBP,annual,,53840.57,Power Analyst – Data Scientist
24739,data_analyst,unknown,London,GB,adzuna_uk,31687.21,31687.21,GBP,annual,,31687.21,Data Quality Control Analyst
24740,other,unknown,London,GB,adzuna_uk,51845.77,51845.77,GBP,annual,,51845.77,Data Centre Engineer/Analyst Ops
24741,data_analyst,unknown,London,GB,adzuna_uk,42127.84,42127.84,GBP,annual,,42127.84,Data Protection and Privacy Analyst
24742,other,unknown,London,GB,adzuna_uk,44983.51,44983.51,GBP,annual,,44983.51,"PMO Analyst – Data, Insights and Assurance"
24743,data_scientist,junior,London,GB,adzuna_uk,25000.0,28000.0,GBP,annual,,26500.0,Graduate Data Scientist / Junior Analyst
24744,other,unknown,Farringdon,GB,adzuna_uk,44624.89,44624.89,GBP,annual,,44624.89,"PMO Analyst – Data, Insights and Assurance"
24745,other,senior,London,GB,adzuna_uk,74351.16,74351.16,GBP,annual,,74351.16,Lead Data & Risk Solution Analyst
24746,data_analyst,junior,London,GB,adzuna_uk,43798.21,43798.21,GBP,annual,,43798.21,"Graduate Analyst, Data & AI Innovation"
13800,other,junior,Lahore,PK,chisel_pk,,,PKR,monthly,,,Full Time Associate Law / Legal Advisor / Lawyer Job in Pakistan
24747,other,junior,North West London,GB,adzuna_uk,65000.0,65000.0,GBP,annual,,65000.0,Entry Level Data Consultant No Experience Required
24748,other,senior,London,GB,adzuna_uk,34037.46,34037.46,GBP,annual,,34037.46,Senior Analyst-Accounting & Data Services - Northern Trust
24749,analytics_engineer,junior,North West London,GB,adzuna_uk,40000.0,40000.0,GBP,annual,,40000.0,Trainee Data Engineer Programme No Experience Required
24750,other,junior,London,GB,adzuna_uk,65000.0,65000.0,GBP,annual,,65000.0,Entry Level Data Consultant No Experience Required
24751,data_analyst,unknown,Farringdon,GB,adzuna_uk,40630.11,40630.11,GBP,annual,,40630.11,Data Protection and Privacy Analyst
24752,data_analyst,senior,London,GB,adzuna_uk,50751.27,50751.27,GBP,annual,,50751.27,"Senior Analyst, Data Governance & Technical Privacy"
24753,data_analyst,senior,London,GB,adzuna_uk,80763.95,80763.95,GBP,annual,,80763.95,Senior Technical Business Analyst/Data Product Owner - Asset Management - Fixed Income
24754,other,unknown,London,GB,adzuna_uk,57600.94,57600.94,GBP,annual,,57600.94,Analyst (Client and Data)
24755,data_analyst,unknown,London,GB,adzuna_uk,56962.45,56962.45,GBP,annual,,56962.45,"Data Operations Support Analyst, CoStar - London"
24756,data_analyst,unknown,London,GB,adzuna_uk,47879.08,47879.08,GBP,annual,,47879.08,"Data Operations Support Analyst, CoStar - London"
24757,data_analyst,unknown,London,GB,adzuna_uk,68812.13,68812.13,GBP,annual,,68812.13,Business Analyst – Data Governance & Microsoft Purview
24758,data_analyst,senior,Fenchurch St,GB,adzuna_uk,50000.0,75000.0,GBP,annual,,62500.0,Data & AI Strategy Analyst to Senior Manager
24759,other,unknown,Oxford Circus,GB,adzuna_uk,52000.0,65000.0,GBP,annual,,58500.0,Market Data Vendor Management Analyst - Investment Management
24760,data_analyst,senior,Stratford,GB,adzuna_uk,49000.0,58000.0,GBP,annual,,53500.0,Senior Business Analyst (Research Data)
24761,data_analyst,senior,Stratford,GB,adzuna_uk,49000.0,58000.0,GBP,annual,,53500.0,Senior Business Analyst (Research Data)
24762,other,unknown,Farringdon,GB,adzuna_uk,140140.0,140140.0,GBP,annual,,140140.0,Market Data and Trade Systems Analyst
13801,other,junior,Lahore,PK,chisel_pk,,,PKR,monthly,,,Full Time Javascript Developer Jobs in Pakistan
24763,other,unknown,London,GB,adzuna_uk,140140.0,140140.0,GBP,annual,,140140.0,Market Data and Trade Systems Analyst
24764,data_analyst,senior,London,GB,adzuna_uk,51094.33,51094.33,GBP,annual,,51094.33,Senior Data Quality and Governance Analyst
24765,other,unknown,London,GB,adzuna_uk,51000.0,63000.0,GBP,annual,,57000.0,Contract Management Analyst - Financial Data & Technology
24766,other,junior,London,GB,adzuna_uk,75741.52,75741.52,GBP,annual,,75741.52,"Senior Analyst - Model, Data and AI Risk Internal Audit - Macquarie Group"
24767,data_analyst,senior,Farringdon,GB,adzuna_uk,74579.62,74579.62,GBP,annual,,74579.62,Principal Business Analyst – Investment Data Platforms
24768,data_analyst,unknown,London,GB,adzuna_uk,52676.13,52676.13,GBP,annual,,52676.13,Business analyst – Market data and analytics - CRISIL
24769,other,junior,London,GB,adzuna_uk,30000.0,50000.0,GBP,annual,,40000.0,Data Science Trainee
24770,data_analyst,unknown,London,GB,adzuna_uk,117000.0,121940.0,GBP,annual,,119470.0,Performance Analyst - NHS / Healthcare Data
13802,other,junior,Lahore,PK,chisel_pk,,,PKR,monthly,,,Full Time Sales & Marketing Executive Job in Pakistan
24771,other,senior,London,GB,adzuna_uk,150000.0,150000.0,GBP,annual,,150000.0,Senior Compliance Analyst - Control Room & Data
24772,data_analyst,senior,London,GB,adzuna_uk,48655.24,48655.24,GBP,annual,,48655.24,"Alpha Data Implementation, Implementation Business Analyst (AVP)"
24773,data_analyst,unknown,London,GB,adzuna_uk,60233.29,60233.29,GBP,annual,,60233.29,Business Analyst (Data Governance)- Perm role- Global company- Central London
24774,data_analyst,senior,London,GB,adzuna_uk,66795.2,66795.2,GBP,annual,,66795.2,Data Privacy & AI Governance Senior Analyst
24775,data_analyst,senior,London,GB,adzuna_uk,56294.63,56294.63,GBP,annual,,56294.63,"Sr. Business Analyst, Global Tax Data"
24776,other,junior,Blackfriars,GB,adzuna_uk,37912.98,37912.98,GBP,annual,,37912.98,Early Digital Careers Data Analytics (Consulting) Analyst Graduate - London - August 2024
24777,analytics_engineer,unknown,The City,GB,adzuna_uk,145600.0,148200.0,GBP,annual,,146900.0,Data Engineer (SC Cleared)
24778,other,senior,London,GB,adzuna_uk,80000.0,80000.0,GBP,annual,,80000.0,Lead Product Manager
13803,other,junior,Rawalpindi,PK,chisel_pk,,,PKR,monthly,,,Full Time French Speaking Assistant Job in Pakistan
24779,other,junior,North London,GB,adzuna_uk,65000.0,65000.0,GBP,annual,,65000.0,Entry Level Data Consultant No Experience Required
24780,analytics_engineer,junior,North London,GB,adzuna_uk,40000.0,40000.0,GBP,annual,,40000.0,Trainee Data Engineer Programme No Experience Required
24781,other,junior,East London,GB,adzuna_uk,65000.0,65000.0,GBP,annual,,65000.0,Entry Level Data Consultant No Experience Required
24782,other,junior,South West London,GB,adzuna_uk,65000.0,65000.0,GBP,annual,,65000.0,Entry Level Data Consultant No Experience Required
24783,other,junior,West London,GB,adzuna_uk,65000.0,65000.0,GBP,annual,,65000.0,Entry Level Data Consultant No Experience Required
24784,other,unknown,London,GB,adzuna_uk,40000.0,50000.0,GBP,annual,,45000.0,Retail Media Analyst
24785,analytics_engineer,unknown,The City,GB,adzuna_uk,145600.0,148200.0,GBP,annual,,146900.0,Data Engineer (SC Cleared)
24786,analytics_engineer,unknown,The City,GB,adzuna_uk,145600.0,148200.0,GBP,annual,,146900.0,Data Engineer (SC Cleared)
13804,other,unknown,Lahore,PK,chisel_pk,,,PKR,monthly,,,Full Time Call Center Agent Jobs in Pakistan
24787,other,unknown,London,GB,adzuna_uk,27393.0,27393.0,GBP,annual,,27393.0,AML/ KYC Banking Analyst (Derry / Londonderry)
24788,product_analyst,unknown,London,GB,adzuna_uk,66152.07,66152.07,GBP,annual,,66152.07,Product Analyst Custom Indices- Enterprise Data
24789,product_analyst,unknown,London,GB,adzuna_uk,69824.21,69824.21,GBP,annual,,69824.21,Product Analyst Custom Indices- Enterprise Data
24790,data_analyst,senior,London,GB,adzuna_uk,51177.04,51177.04,GBP,annual,,51177.04,Data Governance Foundation Senior Lead Analyst (SVP) - Citi
24791,other,junior,Shoreditch,GB,adzuna_uk,65000.0,65000.0,GBP,annual,,65000.0,Entry Level Data Consultant
24792,other,unknown,London,GB,adzuna_uk,59992.0,59992.0,GBP,annual,,59992.0,Fraud Analyst - L2 (Banking) - Remote then Onsite Kuwait
24793,data_analyst,senior,London,GB,adzuna_uk,57611.76,57611.76,GBP,annual,,57611.76,"Senior Business Analyst – AI, Automation and Data – Tax"
24794,other,senior,Farringdon,GB,adzuna_uk,30000.0,55000.0,GBP,annual,,42500.0,Senior Data Analytics Consultant
13726,other,junior,Karachi,PK,chisel_pk,,,PKR,monthly,,,Full Time Crew Jobs in Pakistan
24795,analytics_engineer,unknown,London,GB,adzuna_uk,110500.0,110500.0,GBP,annual,,110500.0,Data Engineer (SC)
24796,analytics_engineer,unknown,London,GB,adzuna_uk,81223.99,81223.99,GBP,annual,,81223.99,Data Engineer (Snowflake & Kafka)
24797,other,senior,London,GB,adzuna_uk,106600.0,106600.0,GBP,annual,,106600.0,Senior Data Migration Engineer - SAP
24798,data_analyst,unknown,Farringdon,GB,adzuna_uk,66300.0,73580.0,GBP,annual,,69940.0,Business Analyst
24799,data_analyst,unknown,London,GB,adzuna_uk,66398.0,73756.0,GBP,annual,,70077.0,Business Analyst
24800,other,senior,Forest Hill,GB,adzuna_uk,54814.85,54814.85,GBP,annual,,54814.85,Data Lead
24801,other,senior,London,GB,adzuna_uk,56736.48,56736.48,GBP,annual,,56736.48,"Sr. Ad Tech Consultant, Ad Tech Solutions (ATS)"
24802,data_analyst,unknown,London,GB,adzuna_uk,50344.99,50344.99,GBP,annual,,50344.99,BI Analyst
13805,other,junior,Karachi,PK,chisel_pk,,,PKR,monthly,,,Full Time Sales / Marketing Executive Job in Pakistan
24803,data_analyst,unknown,London,GB,adzuna_uk,78834.69,78834.69,GBP,annual,,78834.69,Purview Data Governance Consultant
24804,analytics_engineer,unknown,Victoria,GB,adzuna_uk,57955.79,57955.79,GBP,annual,,57955.79,Data Engineer
24805,analytics_engineer,junior,Broadgate,GB,adzuna_uk,40000.0,40000.0,GBP,annual,,40000.0,Trainee Data Engineer
24806,data_analyst,senior,London,GB,adzuna_uk,110000.0,130000.0,GBP,annual,,120000.0,"Global Data Governance Senior Manager, Head of Data, CDO, Governance, London"
24807,other,senior,London,GB,adzuna_uk,78975.33,78975.33,GBP,annual,,78975.33,Group & FinCrime Compliance Monitoring & Testing Senior Manager
24808,other,senior,London,GB,adzuna_uk,63785.73,63785.73,GBP,annual,,63785.73,"Senior Software Engineer, Business Pricing"
24809,other,senior,London,GB,adzuna_uk,57309.71,57309.71,GBP,annual,,57309.71,Senior Governance Analyst
24810,data_scientist,senior,London,GB,adzuna_uk,52906.77,52906.77,GBP,annual,,52906.77,Lead Data Scientist - Marketing
13806,other,junior,Lahore,PK,chisel_pk,,,PKR,monthly,,,Full Time SEO Linkbuilder Jobs in Pakistan
24811,other,senior,London,GB,adzuna_uk,72908.77,72908.77,GBP,annual,,72908.77,Senior Product Manager
24812,analytics_engineer,unknown,London,GB,adzuna_uk,57821.64,57821.64,GBP,annual,,57821.64,BI Engineer
24813,analytics_engineer,senior,London,GB,adzuna_uk,111800.0,115180.0,GBP,annual,,113490.0,SL Transformation-Senior Data Engineer
24814,analytics_engineer,unknown,London,GB,adzuna_uk,60000.0,80000.0,GBP,annual,,70000.0,Data Engineer
24815,other,senior,West London,GB,adzuna_uk,55000.0,55000.0,GBP,annual,,55000.0,Senior Pricing Analyst Insurance behaviour modelling
24816,other,senior,London,GB,adzuna_uk,74124.05,74124.05,GBP,annual,,74124.05,Director Sales Analytics
24817,data_analyst,unknown,The City,GB,adzuna_uk,69032.2,69032.2,GBP,annual,,69032.2,Technical Business Analyst
24818,data_scientist,senior,London,GB,adzuna_uk,51398.16,51398.16,GBP,annual,,51398.16,Lead Data Scientist - Marketing
13807,other,junior,Karachi,PK,chisel_pk,,,PKR,monthly,,,Full Time Business Development Executive Jobs in Pakistan
24819,other,senior,London,GB,adzuna_uk,69460.12,69460.12,GBP,annual,,69460.12,"Senior Product Designer - Growth, Monetisation"
24820,other,senior,London,GB,adzuna_uk,51642.61,51642.61,GBP,annual,,51642.61,Product Data Science Manager
24821,other,unknown,Sipson,GB,adzuna_uk,51245.26,51245.26,GBP,annual,,51245.26,Data Coordinator
24822,other,senior,London,GB,adzuna_uk,68117.68,68117.68,GBP,annual,,68117.68,Engineering Lead I - Consumer Onboarding
24823,data_analyst,senior,London,GB,adzuna_uk,80184.66,80184.66,GBP,annual,,80184.66,Project Manager/Business Analyst - DV Cleared
24824,other,unknown,London,GB,adzuna_uk,68193.47,68193.47,GBP,annual,,68193.47,Platform Engineer - Content Protection
24825,other,junior,London,GB,adzuna_uk,45941.26,45941.26,GBP,annual,,45941.26,Junior Growth Analyst - Sherpany
24826,data_analyst,unknown,London,GB,adzuna_uk,65750.98,65750.98,GBP,annual,,65750.98,Purview Data Governance Consultant
13808,other,junior,Hyderabad,PK,chisel_pk,,,PKR,monthly,,,Online Full Time Sales Executive Jobs in Pakistan
24827,data_scientist,senior,London,GB,adzuna_uk,70000.0,75000.0,GBP,annual,,72500.0,Senior Data Scientist
24828,other,senior,South East London,GB,adzuna_uk,55663.46,55663.46,GBP,annual,,55663.46,Global Real Estate Support Planning Lead
24829,analytics_engineer,unknown,London,GB,adzuna_uk,47190.35,47190.35,GBP,annual,,47190.35,Data Engineer
24830,analytics_engineer,junior,St Lukes,GB,adzuna_uk,35000.0,60000.0,GBP,annual,,47500.0,Data Engineer – Graduate Considered
24831,other,unknown,London,GB,adzuna_uk,45009.9,45009.9,GBP,annual,,45009.9,Technical Coach
24832,other,senior,London,GB,adzuna_uk,77684.45,77684.45,GBP,annual,,77684.45,Senior Software Engineer I - Europe and UK Onboarding
24833,data_analyst,unknown,London,GB,adzuna_uk,61594.86,61594.86,GBP,annual,,61594.86,Data Modeller / GraphQL Developer (Data Governance)
24834,other,senior,London,GB,adzuna_uk,69033.45,69033.45,GBP,annual,,69033.45,"Risk Manager, Counterfeit Crimes Unit"
13809,other,mid,Gujrat,PK,chisel_pk,,,PKR,monthly,,,Full Time PHP Developer / PHP Web Developer / Laravel Jobs in Pakistan
24835,data_analyst,senior,The City,GB,adzuna_uk,100000.0,100000.0,GBP,annual,,100000.0,"Global Data Governance Senior Manager, Head of Data, CDO, Governance"
24836,analytics_engineer,senior,London,GB,adzuna_uk,55000.0,85000.0,GBP,annual,,70000.0,Senior Data Engineer (Databricks)
24837,other,senior,London,GB,adzuna_uk,60915.64,60915.64,GBP,annual,,60915.64,"Sr. Ad Tech Consultant, Ad Tech Solutions (ATS)"
24838,other,unknown,London,GB,adzuna_uk,111020.0,111020.0,GBP,annual,,111020.0,Secondary SEMH Outreach Advisor
24839,other,unknown,London,GB,adzuna_uk,60000.0,65000.0,GBP,annual,,62500.0,Data Modeller
24840,other,unknown,London,GB,adzuna_uk,67488.33,67488.33,GBP,annual,,67488.33,Fabric Engineer (Microsoft)
24841,other,senior,South West London,GB,adzuna_uk,80000.0,80000.0,GBP,annual,,80000.0,Lead Product Manager
24842,other,senior,London,GB,adzuna_uk,52454.96,52454.96,GBP,annual,,52454.96,Senior UX Writer (Maternity Cover)
24843,data_analyst,unknown,South West London,GB,adzuna_uk,47449.66,47449.66,GBP,annual,,47449.66,BI Analyst
24844,data_analyst,unknown,London,GB,adzuna_uk,65083.07,65083.07,GBP,annual,,65083.07,Business Intelligence Analyst
24845,analytics_engineer,senior,London,GB,adzuna_uk,59126.94,59126.94,GBP,annual,,59126.94,Senior Data Engineer - Data Science Platform
24846,analytics_engineer,unknown,London,GB,adzuna_uk,45000.0,50000.0,GBP,annual,,47500.0,Analytics Engineer
24847,data_analyst,unknown,The City,GB,adzuna_uk,75000.0,75000.0,GBP,annual,,75000.0,Technical Business Analyst - Power BI & Insurance
24848,other,unknown,Moorgate,GB,adzuna_uk,30000.0,30000.0,GBP,annual,,30000.0,Kickstart Your 2026 Career in Tech or Change - Roles Available UK Wide
24849,other,unknown,London,GB,adzuna_uk,42280.07,42280.07,GBP,annual,,42280.07,Express your interest
24850,other,senior,London,GB,adzuna_uk,40891.09,40891.09,GBP,annual,,40891.09,Social Media Manager - 12 month FTC
24851,other,senior,London,GB,adzuna_uk,75223.29,75223.29,GBP,annual,,75223.29,Data Analytics Senior Manager
13810,other,junior,Islamabad,PK,chisel_pk,,,PKR,monthly,,,Full Time Internship Leading To Job Wordpress/PHP Jobs in Pakistan
24852,other,senior,London,GB,adzuna_uk,59890.02,59890.02,GBP,annual,,59890.02,"Manager, Pricing and Reference Data, RBC BlueBay Asset Management (London)"
24853,other,unknown,London,GB,adzuna_uk,45810.4,45810.4,GBP,annual,,45810.4,Content Creator - Drinks (6m FTC)
24854,other,unknown,London,GB,adzuna_uk,47915.81,47915.81,GBP,annual,,47915.81,Business Intelligence Consultant
24855,analytics_engineer,unknown,London,GB,adzuna_uk,53471.99,53471.99,GBP,annual,,53471.99,Data Engineer
24856,other,senior,London,GB,adzuna_uk,64410.77,64410.77,GBP,annual,,64410.77,Senior Project Engineer - Water Industry
24857,other,senior,Blackfriars,GB,adzuna_uk,59632.41,59632.41,GBP,annual,,59632.41,Senior Project Engineer - Water Industry
24858,other,unknown,London,GB,adzuna_uk,63651.26,63651.26,GBP,annual,,63651.26,Staff Backend Engineer - Consumer Onboarding
24859,other,senior,London,GB,adzuna_uk,72977.71,72977.71,GBP,annual,,72977.71,Treasury Markets Manager - FX
13811,other,junior,Karachi,PK,chisel_pk,,,PKR,monthly,,,Full Time Customer Sales Representative Jobs in Pakistan
24860,analytics_engineer,senior,East London,GB,adzuna_uk,50000.0,50000.0,GBP,annual,,50000.0,Lead Data Engineer
24861,analytics_engineer,unknown,London,GB,adzuna_uk,75334.57,75334.57,GBP,annual,,75334.57,Analytics Engineer
24862,other,unknown,London,GB,adzuna_uk,75000.0,80000.0,GBP,annual,,77500.0,MDM Developer
24863,other,senior,South West London,GB,adzuna_uk,85000.0,85000.0,GBP,annual,,85000.0,Lead Product Manager
24864,analytics_engineer,senior,London,GB,adzuna_uk,85000.0,110000.0,GBP,annual,,97500.0,Lead Data Engineer (Databricks)
24865,operations_analyst,unknown,London,GB,adzuna_uk,41770.08,41770.08,GBP,annual,,41770.08,Operations Analyst
24866,analytics_engineer,unknown,London,GB,adzuna_uk,79858.2,79858.2,GBP,annual,,79858.2,Analytics Engineer
24867,other,unknown,London,GB,adzuna_uk,84500.0,111020.0,GBP,annual,,97760.0,Secondary SEMH Outreach Advisor
24868,data_scientist,unknown,London,GB,adzuna_uk,48352.17,48352.17,GBP,annual,,48352.17,Data Scientist (Fraud)
24869,other,unknown,Lambeth,GB,adzuna_uk,111020.0,111020.0,GBP,annual,,111020.0,Secondary SEMH Outreach Advisor
24870,other,senior,London,GB,adzuna_uk,41026.6,41026.6,GBP,annual,,41026.6,"Data, BI & Analytics Generalists & Leadership"
24871,other,unknown,London,GB,adzuna_uk,43875.27,43875.27,GBP,annual,,43875.27,Security Control Engineer - London
24872,other,senior,London,GB,adzuna_uk,45998.07,45998.07,GBP,annual,,45998.07,Programme Manager - Network
24873,analytics_engineer,junior,The City,GB,adzuna_uk,50000.0,50000.0,GBP,annual,,50000.0,Data Engineer Graduate Considered
24874,other,senior,South West London,GB,adzuna_uk,100000.0,100000.0,GBP,annual,,100000.0,Principal Product Manager
24875,analytics_engineer,unknown,London,GB,adzuna_uk,62365.69,62365.69,GBP,annual,,62365.69,Analytics Engineer
24876,other,junior,London,GB,adzuna_uk,84820.73,84820.73,GBP,annual,,84820.73,Associate Director - Finance Advisory 3
13813,other,junior,Lahore,PK,chisel_pk,,,PKR,monthly,,,Full Time Receptionist Job in Pakistan
24877,other,unknown,London,GB,adzuna_uk,58402.11,58402.11,GBP,annual,,58402.11,Prinicipal - Finance Advisory
24878,data_analyst,unknown,London,GB,adzuna_uk,104000.0,130000.0,GBP,annual,,117000.0,Digital Performance Analyst - Consultant (Contract)
24879,product_analyst,senior,London,GB,adzuna_uk,67500.37,67500.37,GBP,annual,,67500.37,Lead Product Analyst - Security Platform
24880,analytics_engineer,unknown,Millwall,GB,adzuna_uk,49400.0,49400.0,GBP,annual,,49400.0,Data Engineer (AWS)
24881,other,unknown,London,GB,adzuna_uk,38418.65,38418.65,GBP,annual,,38418.65,Digital Brand Designer
24882,other,senior,London,GB,adzuna_uk,90513.71,90513.71,GBP,annual,,90513.71,"Manager - IRB Model Development, Commercial Banking"
24883,data_scientist,senior,London,GB,adzuna_uk,87819.13,87819.13,GBP,annual,,87819.13,Lead Data Scientist - Personalisation/CRM
24884,data_scientist,senior,London,GB,adzuna_uk,84656.84,84656.84,GBP,annual,,84656.84,Lead Data Scientist - Personalisation/CRM
13814,other,junior,Lahore,PK,chisel_pk,,,PKR,monthly,,,Full Time I.T Support Executive Job in Pakistan
24885,analytics_engineer,unknown,Canary Wharf,GB,adzuna_uk,49400.0,49400.0,GBP,annual,,49400.0,Data Engineer (AWS)
24886,analytics_engineer,senior,London,GB,adzuna_uk,66482.02,66482.02,GBP,annual,,66482.02,Senior Analytics Engineer
24887,data_analyst,unknown,London,GB,adzuna_uk,44001.0,50000.0,GBP,annual,,47000.5,Digital Performance Analyst - Consultant
24888,other,senior,London,GB,adzuna_uk,64732.84,64732.84,GBP,annual,,64732.84,Engineering Lead - Consumer Onboarding
24889,other,senior,London,GB,adzuna_uk,45125.9,45125.9,GBP,annual,,45125.9,Senior Implementation Analyst
24890,product_analyst,senior,London,GB,adzuna_uk,64905.93,64905.93,GBP,annual,,64905.93,Lead Product Analyst - Security Platform
24891,other,senior,The City,GB,adzuna_uk,68525.23,68525.23,GBP,annual,,68525.23,Senior Product Engineer
24892,other,unknown,London,GB,adzuna_uk,46867.88,46867.88,GBP,annual,,46867.88,AI Enablement Engineer
13815,other,junior,Islamabad,PK,chisel_pk,,,PKR,monthly,,,Full Time Data Entry Operator Jobs in Pakistan
24893,other,senior,London,GB,adzuna_uk,128393.8,128393.8,GBP,annual,,128393.8,Lead Product Manager (Data)
24894,product_analyst,senior,London,GB,adzuna_uk,48560.16,48560.16,GBP,annual,,48560.16,Senior Product Analyst
24895,data_scientist,unknown,London,GB,adzuna_uk,41983.3,41983.3,GBP,annual,,41983.3,Product Data Scientist (Data Labs)
24896,other,senior,London,GB,adzuna_uk,48395.44,48395.44,GBP,annual,,48395.44,Transportation Manager
24897,other,unknown,Fenchurch St,GB,adzuna_uk,32633.29,32633.29,GBP,annual,,32633.29,Product Specialist - Data Products
24898,other,senior,London,GB,adzuna_uk,66284.75,66284.75,GBP,annual,,66284.75,"Risk Manager, Counterfeit Crimes Unit"
24899,other,senior,London,GB,adzuna_uk,68597.62,68597.62,GBP,annual,,68597.62,"Risk Manager, Counterfeit Crimes Unit"
24900,other,unknown,London,GB,adzuna_uk,66392.11,66392.11,GBP,annual,,66392.11,Scrum Master - London Market Insurance
9645,other,mid,Karachi,PK,chisel_pk,,,PKR,monthly,,,Full Time Web Developers Jobs in Pakistan
24901,other,junior,London,GB,adzuna_uk,25000.0,28000.0,GBP,annual,,26500.0,Junior English Linguistics Analyst
24902,other,junior,The City,GB,adzuna_uk,53392.81,53392.81,GBP,annual,,53392.81,Data Science Machine Learning Internship (Summer 2027)
24903,analytics_engineer,unknown,London,GB,adzuna_uk,51352.69,51352.69,GBP,annual,,51352.69,Analytics Engineer
24904,other,senior,London,GB,adzuna_uk,90346.75,90346.75,GBP,annual,,90346.75,Principal Google Cloud Architect
24905,analytics_engineer,unknown,London,GB,adzuna_uk,50000.0,50000.0,GBP,annual,,50000.0,Analytics Engineer
24906,other,senior,London,GB,adzuna_uk,81437.29,81437.29,GBP,annual,,81437.29,Strategy Manager - AI for Tech Transformation Program
24907,other,unknown,Lambeth,GB,adzuna_uk,84500.0,111020.0,GBP,annual,,97760.0,Secondary SEMH Outreach Advisor
24908,other,senior,London,GB,adzuna_uk,49891.12,49891.12,GBP,annual,,49891.12,Key Account Manager - Tesco Retail Media
13816,other,junior,Lahore,PK,chisel_pk,,,PKR,monthly,,,Full Time Client Servicing Coordinator Job in Pakistan
24909,other,senior,London,GB,adzuna_uk,53994.63,53994.63,GBP,annual,,53994.63,"Team Leader - Equity Corporate Actions - M&A, IPO and Private Deals Data"
24910,other,senior,Fenchurch St,GB,adzuna_uk,39359.21,39359.21,GBP,annual,,39359.21,Product Manager - Data Products
24911,other,senior,London,GB,adzuna_uk,76892.68,76892.68,GBP,annual,,76892.68,Principal - Industry Advisory
24912,other,junior,London,GB,adzuna_uk,77726.98,77726.98,GBP,annual,,77726.98,Associate Principal - Industry Advisory 3
24913,other,senior,London,GB,adzuna_uk,50108.41,50108.41,GBP,annual,,50108.41,Key Account Manager - Tesco Retail Media
24914,other,junior,London,GB,adzuna_uk,78091.42,78091.42,GBP,annual,,78091.42,Associate Principal - Industry Advisory 3
24915,other,senior,London,GB,adzuna_uk,82850.01,82850.01,GBP,annual,,82850.01,Group & FinCrime Compliance Monitoring & Testing Senior Manager
24916,other,senior,London,GB,adzuna_uk,72527.08,72527.08,GBP,annual,,72527.08,Senior Software Engineer I - Europe and UK Onboarding
13817,other,junior,Islamabad,PK,chisel_pk,,,PKR,monthly,,,Full Time PHP Developer (Suitecrm Development) Job in Pakistan
24917,other,senior,London,GB,adzuna_uk,62681.65,62681.65,GBP,annual,,62681.65,Engineering Lead I - Consumer Onboarding
24918,other,senior,South West London,GB,adzuna_uk,100000.0,100000.0,GBP,annual,,100000.0,Key Account Manager - Tesco Retail Media
24919,other,senior,London,GB,adzuna_uk,51790.42,51790.42,GBP,annual,,51790.42,Lead Backend Engineer (Routing Squad)
24920,analytics_engineer,unknown,London,GB,adzuna_uk,104000.0,104000.0,GBP,annual,,104000.0,Contract Databricks Data Engineer Role - Remote - £400/pd
24921,other,senior,London,GB,adzuna_uk,60537.07,60537.07,GBP,annual,,60537.07,Head of Analytics - Commercial
24922,analytics_engineer,senior,London,GB,adzuna_uk,77513.64,77513.64,GBP,annual,,77513.64,Senior Analytics Engineer
24923,other,senior,London,GB,adzuna_uk,51412.92,51412.92,GBP,annual,,51412.92,Senior EX Platform Consultant (Employee Experience)
24924,data_scientist,unknown,London,GB,adzuna_uk,63311.02,63311.02,GBP,annual,,63311.02,Applied Scientist - Forecasting
24925,data_analyst,unknown,London,GB,adzuna_uk,49047.04,49047.04,GBP,annual,,49047.04,Data Governance Officer
24926,other,senior,London,GB,adzuna_uk,151426.33,151426.33,GBP,annual,,151426.33,Principal Product Manager (Data)
24927,other,senior,London,GB,adzuna_uk,133373.55,133373.55,GBP,annual,,133373.55,Lead Product Manager (Data)
24928,other,unknown,The City,GB,adzuna_uk,55000.0,57000.0,GBP,annual,,56000.0,Quality Assurance Analyst
24929,other,unknown,London,GB,adzuna_uk,30000.0,35000.0,GBP,annual,,32500.0,Company Intelligence Analyst
24930,analytics_engineer,unknown,Farringdon,GB,adzuna_uk,40000.0,40000.0,GBP,annual,,40000.0,Energy Analytics Engineer
24931,other,unknown,London,GB,adzuna_uk,50267.75,50267.75,GBP,annual,,50267.75,Staff Product Engineer
24932,other,senior,London,GB,adzuna_uk,60079.71,60079.71,GBP,annual,,60079.71,Senior Product Engineer
24933,other,senior,London,GB,adzuna_uk,75999.82,75999.82,GBP,annual,,75999.82,"Technical Product Manager, Specialist"
13818,other,junior,Lahore,PK,chisel_pk,,,PKR,monthly,,,Full Time Senior Laravel Developer Job in Pakistan
24934,other,senior,London,GB,adzuna_uk,54576.06,54576.06,GBP,annual,,54576.06,Vessel Data Manager
24935,other,senior,London,GB,adzuna_uk,57210.82,57210.82,GBP,annual,,57210.82,Implementation Manager
24936,other,senior,London,GB,adzuna_uk,57410.75,57410.75,GBP,annual,,57410.75,"Team Leader - Equity Corporate Actions - M&A, IPO and Private Deals Data"
24937,analytics_engineer,senior,London,GB,adzuna_uk,68748.51,68748.51,GBP,annual,,68748.51,Senior Analytics Engineer
24938,analytics_engineer,senior,Victoria,GB,adzuna_uk,67315.48,67315.48,GBP,annual,,67315.48,Senior Analytics Engineer
24939,other,senior,London,GB,adzuna_uk,70029.21,70029.21,GBP,annual,,70029.21,Senior Software Engineer - Marketing Platform
24940,other,unknown,London,GB,adzuna_uk,59784.62,59784.62,GBP,annual,,59784.62,Staff Software Engineer - Global KYC and Onboarding
24941,other,senior,London,GB,adzuna_uk,79892.16,79892.16,GBP,annual,,79892.16,Group & FinCrime Compliance Monitoring & Testing Senior Manager
13819,other,junior,Attock,PK,chisel_pk,,,PKR,monthly,,,Full Time Business Development Manager Jobs in Pakistan
24942,other,senior,London,GB,adzuna_uk,64660.4,64660.4,GBP,annual,,64660.4,Global Head of Data Solutions
24943,analytics_engineer,unknown,London,GB,adzuna_uk,,40000.0,GBP,annual,,,Energy Analytics Engineer
24944,other,unknown,London,GB,adzuna_uk,44767.52,44767.52,GBP,annual,,44767.52,"Control Engineers - Security, GCP, Rego Policies - Bangalore, India"
24945,other,unknown,London,GB,adzuna_uk,45151.26,45151.26,GBP,annual,,45151.26,"Control Engineer - Security, GCP, Rego Policies - London, UK"
24946,analytics_engineer,unknown,Poplar,GB,adzuna_uk,57793.03,57793.03,GBP,annual,,57793.03,Data Engineer
24947,data_scientist,senior,London,GB,adzuna_uk,64651.65,64651.65,GBP,annual,,64651.65,Senior Data Scientist
24948,other,unknown,London,GB,adzuna_uk,49966.36,49966.36,GBP,annual,,49966.36,iOS Engineer
24949,product_analyst,senior,London,GB,adzuna_uk,83114.88,83114.88,GBP,annual,,83114.88,Financial Risk Analytics – Senior Product Analyst
13820,other,junior,Islamabad,PK,chisel_pk,,,PKR,monthly,,,Full Time Android Developer Job in Pakistan
24950,other,unknown,London,GB,adzuna_uk,65000.0,65000.0,GBP,annual,,65000.0,Data Modeller
24951,other,senior,The City,GB,adzuna_uk,85000.0,85000.0,GBP,annual,,85000.0,Lead Product Manager
24952,other,senior,The City,GB,adzuna_uk,100000.0,100000.0,GBP,annual,,100000.0,Principal Product Manager
24953,other,senior,Broadgate,GB,adzuna_uk,75000.0,75000.0,GBP,annual,,75000.0,Lead Product Manager
24954,analytics_engineer,unknown,London,GB,adzuna_uk,130000.0,143000.0,GBP,annual,,136500.0,Data Engineer
24955,other,junior,London,GB,adzuna_uk,48445.77,48445.77,GBP,annual,,48445.77,Data Modeller (Graduate Opportunity)
24956,other,senior,London,GB,adzuna_uk,65146.79,65146.79,GBP,annual,,65146.79,Principal Engineer
24957,other,unknown,London,GB,adzuna_uk,43609.62,43609.62,GBP,annual,,43609.62,Staff Backend Engineer
24958,data_scientist,senior,Farringdon,GB,adzuna_uk,80000.0,88000.0,GBP,annual,,84000.0,Senior Data Scientist
24959,other,senior,London,GB,adzuna_uk,72000.0,90000.0,GBP,annual,,81000.0,Experience Design Principal
24960,other,unknown,London,GB,adzuna_uk,75958.81,75958.81,GBP,annual,,75958.81,Legal Counsel (Contract Operations)
24961,other,senior,London,GB,adzuna_uk,60000.0,70000.0,GBP,annual,,65000.0,Product Analytics Lead
24962,other,senior,London,GB,adzuna_uk,54751.43,54751.43,GBP,annual,,54751.43,Senior Product Manager: Mobile App - 12 month FTC
24963,other,senior,London,GB,adzuna_uk,67693.89,67693.89,GBP,annual,,67693.89,Senior Software Engineer - Marketing Platform
24964,analytics_engineer,unknown,London,GB,adzuna_uk,60000.0,80000.0,GBP,annual,,70000.0,Data Engineer
24965,product_analyst,senior,London,GB,adzuna_uk,75088.76,75088.76,GBP,annual,,75088.76,Financial Risk Analytics - Senior Product Analyst
24966,analytics_engineer,unknown,London,GB,adzuna_uk,83968.64,83968.64,GBP,annual,,83968.64,Data Engineering
24967,other,senior,London,GB,adzuna_uk,73088.11,73088.11,GBP,annual,,73088.11,"Director, Search & AI Evaluation"
24968,other,senior,South West London,GB,adzuna_uk,100000.0,100000.0,GBP,annual,,100000.0,Principal Data Product Manager
24969,analytics_engineer,senior,London,GB,adzuna_uk,60000.0,80000.0,GBP,annual,,70000.0,Senior Data Engineer
24970,other,senior,London,GB,adzuna_uk,92560.65,92560.65,GBP,annual,,92560.65,Global Director of Social Data
24971,other,senior,London,GB,adzuna_uk,41841.36,41841.36,GBP,annual,,41841.36,"Senior Product Manager, Newsletters"
24972,other,senior,London,GB,adzuna_uk,49784.61,49784.61,GBP,annual,,49784.61,Lead Product Designer
24973,analytics_engineer,senior,London,GB,adzuna_uk,70000.0,100000.0,GBP,annual,,85000.0,Senior Data Engineer - Core systems
24974,analytics_engineer,unknown,London,GB,adzuna_uk,64438.06,64438.06,GBP,annual,,64438.06,Staff Engineer — Data Platform
24975,analytics_engineer,unknown,London,GB,adzuna_uk,82305.28,82305.28,GBP,annual,,82305.28,Engineering Manager – Data Platform
24976,other,junior,London,GB,adzuna_uk,37661.52,37661.52,GBP,annual,,37661.52,Graduate Commercial Insights Analyst
24977,other,senior,London,GB,adzuna_uk,91413.73,91413.73,GBP,annual,,91413.73,Senior Data Strategy & Operations Lead
24978,other,senior,London,GB,adzuna_uk,66056.81,66056.81,GBP,annual,,66056.81,"Director, Search & AI Evaluation"
24979,analytics_engineer,senior,St Lukes,GB,adzuna_uk,75000.0,80000.0,GBP,annual,,77500.0,Senior Data Engineer
24980,other,senior,London,GB,adzuna_uk,54771.69,54771.69,GBP,annual,,54771.69,Senior Data Analytics Consultant (London Nova North)
24981,other,senior,London,GB,adzuna_uk,76575.96,76575.96,GBP,annual,,76575.96,Senior Backend Engineer
24982,other,senior,London,GB,adzuna_uk,67236.12,67236.12,GBP,annual,,67236.12,"Business Development Manager, API"
24983,other,senior,London,GB,adzuna_uk,61431.48,61431.48,GBP,annual,,61431.48,Senior Growth Software Engineer
24984,other,junior,London,GB,adzuna_uk,65000.0,65000.0,GBP,annual,,65000.0,Trainee Ethical Hacker No Experience Needed
13821,other,junior,Faisalabad,PK,chisel_pk,,,PKR,monthly,,,Full Time Sales Executive - Motorcycle Sales (Contractual) Job in Pakistan
24985,other,junior,London,GB,adzuna_uk,65000.0,65000.0,GBP,annual,,65000.0,Junior Ethical Hacker Placement Programme - no experience needed
24986,data_analyst,unknown,London,GB,adzuna_uk,48562.81,48562.81,GBP,annual,,48562.81,MI Analyst / Business Analyst
24987,other,junior,London,GB,adzuna_uk,25000.0,28000.0,GBP,annual,,26500.0,Junior English Linguistics Analyst
24988,other,senior,South West London,GB,adzuna_uk,100000.0,100000.0,GBP,annual,,100000.0,Principal Product Manager
24989,other,unknown,London,GB,adzuna_uk,44462.7,44462.7,GBP,annual,,44462.7,"Staff Machine Learning Scientist, Financial Crime"
24990,other,unknown,London,GB,adzuna_uk,42878.52,42878.52,GBP,annual,,42878.52,Staff Backend Engineer
24991,other,senior,London,GB,adzuna_uk,60265.47,60265.47,GBP,annual,,60265.47,Global Real Estate Support Planning Lead (UK based)
24992,other,unknown,London,GB,adzuna_uk,39862.34,39862.34,GBP,annual,,39862.34,"Customer Success Specialist, French Speaking"
13822,other,junior,Lahore,PK,chisel_pk,,,PKR,monthly,,,Full Time Front End Vue Js Developer Job in Pakistan
24993,other,unknown,London,GB,adzuna_uk,53877.71,53877.71,GBP,annual,,53877.71,Change & AI Specialist
24994,other,senior,London,GB,adzuna_uk,57209.07,57209.07,GBP,annual,,57209.07,Global Real Estate Support Planning Lead
24995,other,unknown,Poplar,GB,adzuna_uk,71078.57,71078.57,GBP,annual,,71078.57,Quant Developer
24996,statistician,unknown,St James'S,GB,adzuna_uk,53306.11,53306.11,GBP,annual,,53306.11,Quantitative Analyst
24997,data_architect,unknown,Homerton,GB,adzuna_uk,63601.62,63601.62,GBP,annual,,63601.62,Solution Architect
24998,other,unknown,London,GB,adzuna_uk,88976.09,88976.09,GBP,annual,,88976.09,Backend Software Engineer (Python)
24999,data_architect,unknown,London,GB,adzuna_uk,221000.0,247000.0,GBP,annual,,234000.0,Solution Architect
25000,data_scientist,senior,Tower Bridge,GB,adzuna_uk,86065.8,86065.8,GBP,annual,,86065.8,Senior Machine Learning Engineer
13824,other,junior,Karachi,PK,chisel_pk,,,PKR,monthly,,,Full Time React Developer Job in Pakistan
25001,other,unknown,London,GB,adzuna_uk,47365.2,47365.2,GBP,annual,,47365.2,Software Engineer (Commodities Data Team)
25002,other,unknown,London,GB,adzuna_uk,52326.55,52326.55,GBP,annual,,52326.55,iOS Engineer
25003,other,senior,London,GB,adzuna_uk,75185.56,75185.56,GBP,annual,,75185.56,Applied AI ML Director
25004,analytics_engineer,unknown,London,GB,adzuna_uk,70166.38,70166.38,GBP,annual,,70166.38,Data Scientist - Applied AI & Data Platforms
25005,other,junior,London,GB,adzuna_uk,23132.0,23132.0,GBP,annual,,23132.0,Data Administration Apprentice
25006,data_scientist,senior,London,GB,adzuna_uk,58115.97,58115.97,GBP,annual,,58115.97,Senior Data Scientist - Consumer Twins
25007,data_scientist,senior,London,GB,adzuna_uk,65000.0,75000.0,GBP,annual,,70000.0,Senior Data Scientist
25008,data_scientist,senior,London,GB,adzuna_uk,86050.37,86050.37,GBP,annual,,86050.37,Principal Product Data Scientist
13825,other,mid,Gujrat,PK,chisel_pk,,,PKR,monthly,,,Full Time SEO Expert Job in Pakistan
25009,other,senior,London,GB,adzuna_uk,86920.0,100000.0,GBP,annual,,93460.0,Principal Product Manager
25010,other,unknown,London,GB,adzuna_uk,49165.2,49165.2,GBP,annual,,49165.2,Technical Instructional Designer (Data Programmes)
25011,other,senior,London,GB,adzuna_uk,46665.89,46665.89,GBP,annual,,46665.89,"Lead Machine Learning Scientist, FinCrime"
25012,other,senior,London,GB,adzuna_uk,71851.71,71851.71,GBP,annual,,71851.71,Project Director - Controls Analytics
25013,other,senior,London,GB,adzuna_uk,88742.62,88742.62,GBP,annual,,88742.62,"Senior Manager, Product Data Science & Analytics"
25014,other,unknown,London,GB,adzuna_uk,95000.0,95000.0,GBP,annual,,95000.0,Staff Analytics Platform Engineer
25015,data_analyst,senior,The City,GB,adzuna_uk,60717.0,60717.0,GBP,annual,,60717.0,Business Analyst - Top Investment Manager!
25016,data_scientist,senior,London,GB,adzuna_uk,66413.2,66413.2,GBP,annual,,66413.2,Senior Data Scientist
25017,other,unknown,New Cross,GB,adzuna_uk,56037.0,56037.0,GBP,annual,,56037.0,Repairs Analyst
25018,other,junior,London,GB,adzuna_uk,35997.41,35997.41,GBP,annual,,35997.41,Technology Associate EMEA (Graduate) 2025
25019,other,junior,London,GB,adzuna_uk,36714.33,36714.33,GBP,annual,,36714.33,Technology Associate EMEA (Graduate) 2025
25020,other,junior,London,GB,adzuna_uk,36537.94,36537.94,GBP,annual,,36537.94,Technology Associate EMEA (Graduate) 2025
25021,other,senior,London,GB,adzuna_uk,45837.1,45837.1,GBP,annual,,45837.1,Senior Backend Engineer
25022,other,senior,London,GB,adzuna_uk,62420.61,62420.61,GBP,annual,,62420.61,"Director, Interiors"
25023,other,senior,London,GB,adzuna_uk,51690.11,51690.11,GBP,annual,,51690.11,"Demand Generation Manager, EMEA (Sales Partnerships)"
25024,other,unknown,Moorgate,GB,adzuna_uk,48000.0,52000.0,GBP,annual,,50000.0,School Business and Systems Analyst
25025,other,senior,London,GB,adzuna_uk,96112.09,96112.09,GBP,annual,,96112.09,Head Of Data
13826,other,junior,Karachi,PK,chisel_pk,,,PKR,monthly,,,Full Time Telemarketing Executive Job in Pakistan
25026,data_scientist,unknown,London,GB,adzuna_uk,62727.94,62727.94,GBP,annual,,62727.94,Staff Data Scientist - Network
25027,other,unknown,London,GB,adzuna_uk,63020.97,63020.97,GBP,annual,,63020.97,Risk Analyst - Portfolio Team (UK)
25028,other,unknown,London,GB,adzuna_uk,67756.54,67756.54,GBP,annual,,67756.54,Frontend Engineer (Ko/Terminal)
25029,other,senior,London,GB,adzuna_uk,69290.22,69290.22,GBP,annual,,69290.22,VP of AI
25030,analytics_engineer,unknown,London,GB,adzuna_uk,50608.69,50608.69,GBP,annual,,50608.69,Staff Data Engineer — Subscriptions User Understanding
25031,data_analyst,unknown,London,GB,adzuna_uk,49833.96,49833.96,GBP,annual,,49833.96,Data Quality Business Partner
25032,other,unknown,London,GB,adzuna_uk,30000.0,35000.0,GBP,annual,,32500.0,Company Intelligence Analyst
25033,bi_developer,unknown,North West London,GB,adzuna_uk,117000.0,130000.0,GBP,annual,,123500.0,Power BI Developer - OUTSIDE IR35
25034,data_architect,unknown,Charing Cross,GB,adzuna_uk,85000.0,85000.0,GBP,annual,,85000.0,Data Architect
25035,other,unknown,Kings Cross,GB,adzuna_uk,58021.49,58021.49,GBP,annual,,58021.49,Analytics & Insights Strategist
25036,other,senior,London,GB,adzuna_uk,50847.78,50847.78,GBP,annual,,50847.78,"Marketing Science Manager, Forecasting"
25037,analytics_engineer,unknown,London,GB,adzuna_uk,41471.31,41471.31,GBP,annual,,41471.31,"Data Engineer, Data Lake"
25038,analytics_engineer,senior,London,GB,adzuna_uk,47804.07,47804.07,GBP,annual,,47804.07,Senior Data Engineer
25039,analytics_engineer,senior,London,GB,adzuna_uk,70762.04,70762.04,GBP,annual,,70762.04,Senior Data Engineer
25040,analytics_engineer,senior,London,GB,adzuna_uk,71092.27,71092.27,GBP,annual,,71092.27,Senior Data Engineer
25041,analytics_engineer,unknown,London,GB,adzuna_uk,67684.66,67684.66,GBP,annual,,67684.66,Data Engineer
25042,other,senior,London,GB,adzuna_uk,59175.52,59175.52,GBP,annual,,59175.52,Technical Product Manager - (Clinical Integrations) - UK
13827,other,junior,Rawalpindi,PK,chisel_pk,,,PKR,monthly,,,Full Time Accountant Jobs in Pakistan
25043,other,senior,London,GB,adzuna_uk,48978.29,48978.29,GBP,annual,,48978.29,Senior Software Engineer (Inbox Desktop)
25044,other,senior,Central London,GB,adzuna_uk,127521.42,127521.42,GBP,annual,,127521.42,Lead Product Manager (Data)
25045,analytics_engineer,unknown,London,GB,adzuna_uk,130000.0,156000.0,GBP,annual,,143000.0,Data Engineer- AWS/ Snowflake/ DBT- Outside IR35
25046,other,senior,Central London,GB,adzuna_uk,143503.0,143503.0,GBP,annual,,143503.0,Principal Product Manager (Data)
25047,other,unknown,London,GB,adzuna_uk,75551.63,75551.63,GBP,annual,,75551.63,Python Engineer (Terminal/Modelling/Data)
25048,analytics_engineer,senior,London,GB,adzuna_uk,46190.09,46190.09,GBP,annual,,46190.09,Senior Analytics Engineer (6 month FTC)
25049,analytics_engineer,senior,London,GB,adzuna_uk,69116.65,69116.65,GBP,annual,,69116.65,Data Engineering Lead
25050,data_scientist,unknown,London,GB,adzuna_uk,59791.75,59791.75,GBP,annual,,59791.75,AI Engineer
13828,other,junior,Islamabad,PK,chisel_pk,,,PKR,monthly,,,Full Time Call Center Sales Representatives Jobs in Pakistan
25051,other,unknown,London,GB,adzuna_uk,33000.0,38000.0,GBP,annual,,35500.0,TV & Digital Media Analyst
25052,other,unknown,Moorgate,GB,adzuna_uk,37920.57,37920.57,GBP,annual,,37920.57,Service Designer
25053,other,senior,London,GB,adzuna_uk,84353.66,84353.66,GBP,annual,,84353.66,Principal Product Manager - Money Laundering Detection
25054,other,senior,London,GB,adzuna_uk,82018.03,82018.03,GBP,annual,,82018.03,Principal Product Manager - Money Laundering Detection
25055,other,senior,Tower Bridge,GB,adzuna_uk,66870.85,66870.85,GBP,annual,,66870.85,Data Science Lead
25056,data_scientist,unknown,London,GB,adzuna_uk,61956.12,61956.12,GBP,annual,,61956.12,Pricing Data Scientist
25057,data_scientist,unknown,London,GB,adzuna_uk,48926.23,48926.23,GBP,annual,,48926.23,Data Scientist – Incremental Player Value
25058,data_scientist,senior,London,GB,adzuna_uk,55277.97,55277.97,GBP,annual,,55277.97,Senior Data Scientist - Operational Research
9740,other,mid,Karachi,PK,chisel_pk,,,PKR,monthly,,,Full Time Medical Sales Executive Jobs in Pakistan
25059,other,senior,London,GB,adzuna_uk,86543.17,86543.17,GBP,annual,,86543.17,EMEA Marketing Measurement Lead
25060,data_analyst,unknown,London,GB,adzuna_uk,68371.57,68371.57,GBP,annual,,68371.57,Data Quality Engineer
25061,other,unknown,London,GB,adzuna_uk,63470.44,63470.44,GBP,annual,,63470.44,Platform Software Developer
25062,other,senior,London,GB,adzuna_uk,82101.45,82101.45,GBP,annual,,82101.45,"Snr Partner Insights Manager, Global Fleet and Products"
25063,other,unknown,London,GB,adzuna_uk,156000.0,182000.0,GBP,annual,,169000.0,Data Modeler
25064,data_architect,unknown,London,GB,adzuna_uk,85000.0,110000.0,GBP,annual,,97500.0,"Snowflake Data Architect - London, Wembley"
25065,other,unknown,London,GB,adzuna_uk,49445.21,49445.21,GBP,annual,,49445.21,"ETL Analyst – Hybrid, London"
25066,other,senior,London,GB,adzuna_uk,80472.78,80472.78,GBP,annual,,80472.78,Principal Product Manager - Money Laundering Prevention
13830,other,junior,Islamabad,PK,chisel_pk,,,PKR,monthly,,,Full Time Android Developer Jobs in Pakistan
25067,data_architect,unknown,London,GB,adzuna_uk,156000.0,182000.0,GBP,annual,,169000.0,Snowflake Data Architect - Wembley (5 days a week on-site)
25068,other,unknown,London,GB,adzuna_uk,43841.76,43841.76,GBP,annual,,43841.76,"Sector Analyst, Proprietary Research"
25069,data_scientist,unknown,London,GB,adzuna_uk,80170.59,80170.59,GBP,annual,,80170.59,Data Scientist - AI - Managing Consultant
25070,other,senior,London,GB,adzuna_uk,86112.52,86112.52,GBP,annual,,86112.52,EMEA Marketing Measurement Lead
25071,other,senior,London,GB,adzuna_uk,21368.56,21368.56,GBP,annual,,21368.56,Data Planning Manager
25072,data_analyst,senior,Blackfriars,GB,adzuna_uk,61304.42,61304.42,GBP,annual,,61304.42,Senior Data Engineer – Data Integration & Microsoft Fabric
25073,data_analyst,unknown,London,GB,adzuna_uk,41726.24,41726.24,GBP,annual,,41726.24,Business Analyst
25074,data_scientist,senior,London,GB,adzuna_uk,60000.0,75000.0,GBP,annual,,67500.0,Senior Data Scientist and Marketing Effectiveness (MMM)
13751,other,junior,Faisalabad,PK,chisel_pk,,,PKR,monthly,,,Full Time Electrical Engineer Job in Pakistan
25075,analytics_engineer,senior,Farringdon,GB,adzuna_uk,67205.28,67205.28,GBP,annual,,67205.28,Data Engineering Lead
25076,other,unknown,London,GB,adzuna_uk,33000.0,38000.0,GBP,annual,,35500.0,TV & Digital Media Analyst
25077,other,senior,London,GB,adzuna_uk,70447.93,70447.93,GBP,annual,,70447.93,Director Sales UK (f/m/d)
25078,data_scientist,unknown,London,GB,adzuna_uk,80438.41,80438.41,GBP,annual,,80438.41,Data Scientist - AI - Managing Consultant
25079,other,senior,London,GB,adzuna_uk,64847.58,64847.58,GBP,annual,,64847.58,Applied AI ML Director
25080,analytics_engineer,senior,London,GB,adzuna_uk,83803.12,83803.12,GBP,annual,,83803.12,Head of Data Engineering
25081,other,senior,London,GB,adzuna_uk,77223.01,77223.01,GBP,annual,,77223.01,Senior Software Engineer - Receive
25082,other,senior,London,GB,adzuna_uk,155865.83,155865.83,GBP,annual,,155865.83,Senior VP Credit Risk SME/Developer
13831,other,junior,Islamabad,PK,chisel_pk,,,PKR,monthly,,,Full Time Ios Developer Jobs in Pakistan
25083,analytics_engineer,unknown,Tower Bridge,GB,adzuna_uk,91800.41,91800.41,GBP,annual,,91800.41,"Data Platform Engineer - (AWS, Databricks)"
25084,financial_analyst,unknown,London,GB,adzuna_uk,50014.89,50014.89,GBP,annual,,50014.89,"Financial Analyst, Amazon Freight EU"
25085,financial_analyst,unknown,London,GB,adzuna_uk,51852.09,51852.09,GBP,annual,,51852.09,"Financial Analyst, Amazon Freight EU"
25086,data_architect,unknown,Farringdon,GB,adzuna_uk,85000.0,110000.0,GBP,annual,,97500.0,"Snowflake Data Architect - London, Wembley"
25087,data_analyst,senior,London,GB,adzuna_uk,61206.05,61206.05,GBP,annual,,61206.05,Business Analyst - Top Investment Manager!
25088,other,senior,London,GB,adzuna_uk,69145.52,69145.52,GBP,annual,,69145.52,Data & Analytics Lead
25089,analytics_engineer,unknown,London,GB,adzuna_uk,75000.0,75000.0,GBP,annual,,75000.0,AWS Data Engineer
25090,other,unknown,Farringdon,GB,adzuna_uk,65071.66,65071.66,GBP,annual,,65071.66,Software Developer
13832,other,junior,Islamabad,PK,chisel_pk,,,PKR,monthly,,,Full Time Electrical Embedded Engineer Jobs in Pakistan
25091,analytics_engineer,senior,London,GB,adzuna_uk,76697.43,76697.43,GBP,annual,,76697.43,Lead Data Engineer
25092,other,senior,London,GB,adzuna_uk,79480.12,79480.12,GBP,annual,,79480.12,"Vice President, Software Engineer (Private Markets Data)"
25093,data_architect,unknown,Wembley,GB,adzuna_uk,156000.0,182000.0,GBP,annual,,169000.0,Snowflake Data Architect - Wembley (5 days a week on-site)
25094,statistician,unknown,London,GB,adzuna_uk,69101.48,69101.48,GBP,annual,,69101.48,Quantitative Analyst
25095,statistician,unknown,London,GB,adzuna_uk,66854.02,66854.02,GBP,annual,,66854.02,Quantitative Analyst
25096,analytics_engineer,senior,London,GB,adzuna_uk,55744.69,55744.69,GBP,annual,,55744.69,Senior Data Engineer
25097,analytics_engineer,senior,London,GB,adzuna_uk,51185.48,51185.48,GBP,annual,,51185.48,Senior Data Engineer
25098,product_analyst,senior,London,GB,adzuna_uk,43419.64,43419.64,GBP,annual,,43419.64,Senior Product Analyst
13833,other,junior,Karachi,PK,chisel_pk,,,PKR,monthly,,,Full Time Sales Coordinator Job in Pakistan
25099,other,senior,London,GB,adzuna_uk,92440.85,92440.85,GBP,annual,,92440.85,Analytics Manager - Marketing Science
25100,analytics_engineer,senior,London,GB,adzuna_uk,127716.76,127716.76,GBP,annual,,127716.76,Senior Data Engineer - Treasury Global Liquidity
25101,analytics_engineer,senior,London,GB,adzuna_uk,132442.81,132442.81,GBP,annual,,132442.81,Data Engineering Manager - Treasury Global Liquidity
25102,financial_analyst,unknown,London,GB,adzuna_uk,62897.34,62897.34,GBP,annual,,62897.34,Treasury Analyst
25103,statistician,unknown,London,GB,adzuna_uk,75074.51,75074.51,GBP,annual,,75074.51,Quantitative Analyst
25104,other,unknown,London,GB,adzuna_uk,81552.09,81552.09,GBP,annual,,81552.09,Java Developer (eDV)
25105,statistician,unknown,The City,GB,adzuna_uk,90000.0,100000.0,GBP,annual,,95000.0,Sports Trading Quantitative Analyst
25106,other,junior,North London,GB,adzuna_uk,65000.0,65000.0,GBP,annual,,65000.0,Trainee Ethical Hacker No Experience Needed
13834,other,junior,Islamabad,PK,chisel_pk,,,PKR,monthly,,,Full Time 3D Modeler Job in Pakistan
25107,other,junior,East London,GB,adzuna_uk,65000.0,65000.0,GBP,annual,,65000.0,Trainee Ethical Hacker No Experience Needed
25108,other,junior,South West London,GB,adzuna_uk,65000.0,65000.0,GBP,annual,,65000.0,Junior Ethical Hacker Placement Programme - no experience needed
25109,other,unknown,London,GB,adzuna_uk,57172.8,57172.8,GBP,annual,,57172.8,Sales Engineer
25110,product_analyst,senior,London,GB,adzuna_uk,68512.49,68512.49,GBP,annual,,68512.49,Senior Product Analyst
25111,other,unknown,London,GB,adzuna_uk,57427.29,57427.29,GBP,annual,,57427.29,Market Analyst
25112,product_analyst,unknown,London,GB,adzuna_uk,62557.32,62557.32,GBP,annual,,62557.32,Product Analyst
25113,other,senior,Broadgate,GB,adzuna_uk,56569.0,56569.0,GBP,annual,,56569.0,Head of Product
25114,other,senior,Bloomsbury,GB,adzuna_uk,40000.0,60000.0,GBP,annual,,50000.0,Head of Product
25115,other,senior,London,GB,adzuna_uk,76682.58,76682.58,GBP,annual,,76682.58,Treasury Senior Analyst
25116,other,senior,London,GB,adzuna_uk,70360.58,70360.58,GBP,annual,,70360.58,"Engineering Manager - Data and Analytics, Network Flow and Technologies"
25117,other,unknown,London,GB,adzuna_uk,75392.93,75392.93,GBP,annual,,75392.93,"Business Intelligence Engineer, Amazon Customer Service"
25118,analytics_engineer,senior,London,GB,adzuna_uk,104402.54,104402.54,GBP,annual,,104402.54,Senior Data Engineer II - Treasury Global Liquidity
25119,other,senior,London,GB,adzuna_uk,46906.65,46906.65,GBP,annual,,46906.65,Senior Product Manager - Growth
25120,analytics_engineer,senior,London,GB,adzuna_uk,122837.24,122837.24,GBP,annual,,122837.24,Data Engineering Manager - Treasury Global Liquidity
25121,statistician,unknown,London,GB,adzuna_uk,72691.19,72691.19,GBP,annual,,72691.19,Quantitative Analyst
25122,other,unknown,Kings Cross,GB,adzuna_uk,44000.0,84000.0,GBP,annual,,64000.0,Data Domain Architect
25123,other,senior,The City,GB,adzuna_uk,58171.69,58171.69,GBP,annual,,58171.69,Data Tech Lead
13835,other,junior,Karachi,PK,chisel_pk,,,PKR,monthly,,,Full Time Accountant Job in Pakistan
25124,other,unknown,London,GB,adzuna_uk,44458.04,44458.04,GBP,annual,,44458.04,Refineries Analyst
25125,other,unknown,London,GB,adzuna_uk,51451.91,51451.91,GBP,annual,,51451.91,AI Consultant
25126,other,senior,London,GB,adzuna_uk,53425.91,53425.91,GBP,annual,,53425.91,BloombergNEF Wind Research Team Leader
25127,other,unknown,London,GB,adzuna_uk,46595.18,46595.18,GBP,annual,,46595.18,Backend Engineer
25128,analytics_engineer,senior,London,GB,adzuna_uk,65674.34,65674.34,GBP,annual,,65674.34,Lead Data Engineer
25129,other,senior,London,GB,adzuna_uk,82996.79,82996.79,GBP,annual,,82996.79,Analytics Manager - Marketing Science
25130,other,senior,London,GB,adzuna_uk,67260.04,67260.04,GBP,annual,,67260.04,"AVP/VP, Quantitative Strategist, Equities - GIC Private Limited"
25131,data_scientist,senior,London,GB,adzuna_uk,67018.27,67018.27,GBP,annual,,67018.27,Senior Data Scientist - Network Simulation
13836,other,junior,Karachi,PK,chisel_pk,,,PKR,monthly,,,Full Time IT Sales Executive Jobs in Pakistan
25132,analytics_engineer,senior,Farringdon,GB,adzuna_uk,75000.0,80000.0,GBP,annual,,77500.0,Senior Data Engineer
25133,data_scientist,unknown,London,GB,adzuna_uk,46684.09,46684.09,GBP,annual,,46684.09,Data Scientist - Payment Success
25134,product_analyst,unknown,London,GB,adzuna_uk,2.0,5.0,GBP,annual,,3.5,Product Analyst
25135,other,senior,London,GB,adzuna_uk,49820.28,49820.28,GBP,annual,,49820.28,Senior Analyst - Marketing Science
25136,data_scientist,junior,Charing Cross,GB,adzuna_uk,52956.89,52956.89,GBP,annual,,52956.89,Club Data Scientist (Junior or Senior)
25137,other,senior,London,GB,adzuna_uk,79186.42,79186.42,GBP,annual,,79186.42,Senior Data Modeller
25138,other,senior,London,GB,adzuna_uk,67650.39,67650.39,GBP,annual,,67650.39,Senior Software Engineer I - Receive
25139,other,senior,London,GB,adzuna_uk,61757.2,61757.2,GBP,annual,,61757.2,Group Product Manager - Retail and Digital Data
13837,other,junior,Karachi,PK,chisel_pk,,,PKR,monthly,,,Full Time Operations Officer - Courier Job in Pakistan
25140,product_analyst,senior,London,GB,adzuna_uk,41150.54,41150.54,GBP,annual,,41150.54,Senior Product Analyst
25141,other,senior,London,GB,adzuna_uk,55856.6,55856.6,GBP,annual,,55856.6,BloombergNEF Wind Research Team Leader
25142,product_analyst,senior,London,GB,adzuna_uk,44257.23,44257.23,GBP,annual,,44257.23,Senior Product Analyst
25143,other,unknown,London,GB,adzuna_uk,60613.09,60613.09,GBP,annual,,60613.09,Data Migration Engineer
25144,analytics_engineer,senior,London,GB,adzuna_uk,68584.14,68584.14,GBP,annual,,68584.14,Senior Data Platform Engineer
25145,other,senior,London,GB,adzuna_uk,84687.2,84687.2,GBP,annual,,84687.2,"Senior Manager - VAT Policy & Risk Management, Amazon Tax Advisory & Planning Team"
25146,other,senior,London,GB,adzuna_uk,87637.5,87637.5,GBP,annual,,87637.5,"Senior Manager – VAT Policy & Risk Management, Amazon Tax Advisory & Planning Team"
25147,other,senior,London,GB,adzuna_uk,36889.04,36889.04,GBP,annual,,36889.04,Senior Insight Analyst | Betty CA
10109,other,junior,Lahore,PK,chisel_pk,,,PKR,monthly,,,Full Time Data Entry Operator Jobs in Pakistan
25148,data_analyst,senior,London,GB,adzuna_uk,130000.0,156000.0,GBP,annual,,143000.0,Lead Business Analyst
25149,other,senior,Farringdon,GB,adzuna_uk,64776.0,64776.0,GBP,annual,,64776.0,Group Product Manager - Retail and Digital Data
25150,data_analyst,unknown,London,GB,adzuna_uk,57028.82,57028.82,GBP,annual,,57028.82,Manager-Data & AI
25151,other,senior,London,GB,adzuna_uk,75480.55,75480.55,GBP,annual,,75480.55,EMEA Marketing Measurement Lead
25152,other,senior,London,GB,adzuna_uk,72746.95,72746.95,GBP,annual,,72746.95,Product Marketing Manager - Customer Insights (f/m/d) - Temporary contract
25153,other,senior,London,GB,adzuna_uk,79015.33,79015.33,GBP,annual,,79015.33,Senior QE Test Engineer - SDET
25154,other,senior,London,GB,adzuna_uk,74751.8,74751.8,GBP,annual,,74751.8,Lead Data Migration Engineer
25155,other,junior,London,GB,adzuna_uk,54034.81,54034.81,GBP,annual,,54034.81,Associate Sales Specialist
13838,other,junior,Karachi,PK,chisel_pk,,,PKR,monthly,,,Full Time CTP Operator/Plate Maker Job in Pakistan
25156,data_analyst,unknown,West End,GB,adzuna_uk,42850.11,42850.11,GBP,annual,,42850.11,Technical Business Analyst
25157,other,senior,London,GB,adzuna_uk,58527.78,58527.78,GBP,annual,,58527.78,Paid Social Senior Executive
25158,analytics_engineer,unknown,London,GB,adzuna_uk,57522.88,57522.88,GBP,annual,,57522.88,Analytics Engineer III - FMX
25159,other,unknown,London,GB,adzuna_uk,27038.27,27038.27,GBP,annual,,27038.27,Claims Quality Assurance Analyst
25160,other,unknown,Canning Town,GB,adzuna_uk,,50000.0,GBP,annual,,,Capacity Planning Analyst
25161,analytics_engineer,unknown,London,GB,adzuna_uk,78002.33,78002.33,GBP,annual,,78002.33,Analytics Engineer
25162,data_scientist,senior,London,GB,adzuna_uk,61240.03,61240.03,GBP,annual,,61240.03,Principal Data Scientist - Water Sector
25163,data_analyst,unknown,London,GB,adzuna_uk,50385.72,50385.72,GBP,annual,,50385.72,Data Management Specialist (experience into AlationProfisee) - London
25164,other,senior,London,GB,adzuna_uk,92511.49,92511.49,GBP,annual,,92511.49,Solution Design Lead - VP
25165,operations_analyst,unknown,The City,GB,adzuna_uk,60000.0,60000.0,GBP,annual,,60000.0,"Business Intelligence Analyst (Finance, SAP, Power BI, SNAP)"
25166,other,senior,London,GB,adzuna_uk,44310.39,44310.39,GBP,annual,,44310.39,"Director, Data Science (Marketing Analytics)"
25167,other,senior,London,GB,adzuna_uk,60423.5,60423.5,GBP,annual,,60423.5,Group Product Manager - Retail and Digital Data
25168,data_scientist,unknown,London,GB,adzuna_uk,67251.7,67251.7,GBP,annual,,67251.7,Product Data Scientist
25169,other,senior,London,GB,adzuna_uk,81804.15,81804.15,GBP,annual,,81804.15,Senior Software Engineer - Data
25170,other,unknown,London,GB,adzuna_uk,78000.0,78000.0,GBP,annual,,78000.0,Operational Analyst
25171,other,senior,London,GB,adzuna_uk,55144.76,55144.76,GBP,annual,,55144.76,"Senior Product & Customer Insights Manager, Customer Experience and Business Trends"
25172,other,senior,London,GB,adzuna_uk,67538.48,67538.48,GBP,annual,,67538.48,Senior Software Engineer - ETL Pipeline Orchestration Platform
13839,other,junior,Karachi,PK,chisel_pk,,,PKR,monthly,,,Full Time Quality Control Inspector Jobs in Pakistan
25173,analytics_engineer,senior,London,GB,adzuna_uk,72859.7,72859.7,GBP,annual,,72859.7,"VP, AI & Data Platforms"
25174,other,senior,London,GB,adzuna_uk,76159.45,76159.45,GBP,annual,,76159.45,"Senior Python Developer - Quant Models AI Automation, Vice President - Citi"
25175,other,senior,The City,GB,adzuna_uk,120000.0,150000.0,GBP,annual,,135000.0,Senior Software Developer
25176,other,unknown,London,GB,adzuna_uk,59578.86,59578.86,GBP,annual,,59578.86,Commercial Analytics - E-Commerce Analyst - London
25177,other,senior,London,GB,adzuna_uk,81730.23,81730.23,GBP,annual,,81730.23,Senior Data Product Manager
25178,other,senior,London,GB,adzuna_uk,30791.6,30791.6,GBP,annual,,30791.6,"Manager, Analytics - Global Clients"
25179,data_analyst,unknown,London,GB,adzuna_uk,39727.73,39727.73,GBP,annual,,39727.73,"Business Analyst, Global Mile"
25180,other,unknown,London,GB,adzuna_uk,51602.43,51602.43,GBP,annual,,51602.43,Portfolio Analyst
13840,other,junior,Karachi,PK,chisel_pk,,,PKR,monthly,,,Full Time Sales Executive Job in Pakistan
25181,other,junior,London,GB,adzuna_uk,67217.34,67217.34,GBP,annual,,67217.34,"Associate Director, Metals Trading Research"
25182,other,junior,London,GB,adzuna_uk,61377.19,61377.19,GBP,annual,,61377.19,"Associate Director, Metals Trading Research"
25183,data_analyst,senior,London,GB,adzuna_uk,52457.26,52457.26,GBP,annual,,52457.26,Senior Regulatory Reporting Analyst
25184,data_analyst,unknown,Wallington,GB,adzuna_uk,33000.0,38000.0,GBP,annual,,35500.0,Business Intelligence Analyst
25185,operations_analyst,senior,London,GB,adzuna_uk,50000.0,60000.0,GBP,annual,,55000.0,Lead Business Intelligence Analyst
25186,data_analyst,unknown,London,GB,adzuna_uk,65083.07,65083.07,GBP,annual,,65083.07,Business Intelligence Analyst
25187,data_analyst,unknown,London,GB,adzuna_uk,54559.51,54559.51,GBP,annual,,54559.51,Business Intelligence Analyst
25188,operations_analyst,senior,London,GB,adzuna_uk,53995.71,53995.71,GBP,annual,,53995.71,Senior Business Intelligence Analyst
25189,operations_analyst,unknown,London,GB,adzuna_uk,55676.68,55676.68,GBP,annual,,55676.68,Marketing Analytics & Business Intelligence Analyst
25190,operations_analyst,unknown,Victoria,GB,adzuna_uk,50114.77,50114.77,GBP,annual,,50114.77,UK Business Intelligence Analyst- Travel & Expense
25191,operations_analyst,senior,London,GB,adzuna_uk,60837.44,60837.44,GBP,annual,,60837.44,Sr Business Intelligence Analyst - Commercial Finance Automation
25192,operations_analyst,unknown,The City,GB,adzuna_uk,60000.0,60000.0,GBP,annual,,60000.0,"Business Intelligence Analyst (Finance, SAP, Power BI, SNAP)"
25193,data_analyst,unknown,London,GB,adzuna_uk,55173.8,55173.8,GBP,annual,,55173.8,"Business Analyst, Business Intelligence"
25194,other,senior,London,GB,adzuna_uk,75450.04,75450.04,GBP,annual,,75450.04,Senior Analyst Business Intelligence — 3PL Services Warehouse Operations
25195,other,senior,London,GB,adzuna_uk,56000.0,56000.0,GBP,annual,,56000.0,Lead BI Analyst - Tableau
25196,data_analyst,junior,London,GB,adzuna_uk,30000.0,50000.0,GBP,annual,,40000.0,Data Analyst Trainee
25197,data_analyst,junior,Twickenham,GB,adzuna_uk,30000.0,50000.0,GBP,annual,,40000.0,Trainee Data Analyst
13841,other,junior,Lahore,PK,chisel_pk,,,PKR,monthly,,,Full Time Social Media Expert Jobs in Pakistan
25198,data_analyst,junior,Bromley,GB,adzuna_uk,30000.0,50000.0,GBP,annual,,40000.0,Data Analyst Trainee
25199,data_analyst,junior,Enfield,GB,adzuna_uk,30000.0,50000.0,GBP,annual,,40000.0,Data Analyst Trainee
25200,data_analyst,unknown,Farringdon,GB,adzuna_uk,45000.0,60000.0,GBP,annual,,52500.0,Data Analyst
25201,data_analyst,unknown,London,GB,adzuna_uk,53957.82,53957.82,GBP,annual,,53957.82,Data Analyst
25202,data_analyst,unknown,North London,GB,adzuna_uk,65000.0,65000.0,GBP,annual,,65000.0,Data Analyst Placement Programme No Experience Needed
25203,other,senior,Spitalfields,GB,adzuna_uk,67536.3,67536.3,GBP,annual,,67536.3,Business Intelligence Lead
25204,data_analyst,unknown,London,GB,adzuna_uk,68123.72,68123.72,GBP,annual,,68123.72,Data Analyst III (Product)
25205,other,senior,London,GB,adzuna_uk,55144.76,55144.76,GBP,annual,,55144.76,"Senior Product & Customer Insights Manager, Customer Experience and Business Trends"
11186,other,junior,Lahore,PK,chisel_pk,,,PKR,monthly,,,Full Time Dedicated Digital Market Expert Required Job in Pakistan
25206,other,unknown,Farringdon,GB,adzuna_uk,64692.11,64692.11,GBP,annual,,64692.11,Intelligence Analyst (OSINT)
25207,data_analyst,unknown,London,GB,adzuna_uk,50344.99,50344.99,GBP,annual,,50344.99,BI Analyst
25208,other,senior,London,GB,adzuna_uk,58701.74,58701.74,GBP,annual,,58701.74,"Senior Product & Customer Insights Manager, Customer Experience and Business Trends"
25209,other,senior,London,GB,adzuna_uk,60820.68,60820.68,GBP,annual,,60820.68,"Senior Product & Customer Insights Manager, Customer Experience and Business Trends"
25210,other,unknown,London,GB,adzuna_uk,51602.43,51602.43,GBP,annual,,51602.43,Portfolio Analyst
25211,other,senior,London,GB,adzuna_uk,70360.58,70360.58,GBP,annual,,70360.58,"Engineering Manager - Data and Analytics, Network Flow and Technologies"
25212,other,senior,London,GB,adzuna_uk,62461.4,62461.4,GBP,annual,,62461.4,"Forward Deployed Product Manager, Enterprise"
25213,analytics_engineer,unknown,Farringdon,GB,adzuna_uk,40000.0,40000.0,GBP,annual,,40000.0,Energy Analytics Engineer
13843,other,mid,Karachi,PK,chisel_pk,,,PKR,monthly,,,Full Time Software Quality Assurance Engineer (Schemes Testing) Jobs in Pakistan
25214,analytics_engineer,unknown,London,GB,adzuna_uk,,40000.0,GBP,annual,,,Energy Analytics Engineer
25215,other,unknown,Covent Garden,GB,adzuna_uk,46988.58,46988.58,GBP,annual,,46988.58,Delegate Relations & Sales Executive Investment Week
25216,other,senior,Covent Garden,GB,adzuna_uk,56350.17,56350.17,GBP,annual,,56350.17,Customer Success Manager
25217,other,senior,London,GB,adzuna_uk,50000.0,56000.0,GBP,annual,,53000.0,Lead BI Analyst
25218,data_analyst,unknown,South West London,GB,adzuna_uk,47449.66,47449.66,GBP,annual,,47449.66,BI Analyst
25219,data_analyst,unknown,London,GB,adzuna_uk,50344.99,50344.99,GBP,annual,,50344.99,BI Analyst
25220,other,senior,London,GB,adzuna_uk,56000.0,56000.0,GBP,annual,,56000.0,Lead BI Analyst - Tableau
25221,other,unknown,London,GB,adzuna_uk,61729.52,61729.52,GBP,annual,,61729.52,Power BI Analyst
25222,bi_developer,unknown,The City,GB,adzuna_uk,75000.0,75000.0,GBP,annual,,75000.0,BI Analyst/Tableau Developer
25223,operations_analyst,unknown,London,GB,adzuna_uk,72105.55,72105.55,GBP,annual,,72105.55,Product BI & Ops Analyst
25224,data_analyst,unknown,The City,GB,adzuna_uk,75000.0,75000.0,GBP,annual,,75000.0,Technical Business Analyst - Power BI & Insurance
25225,bi_developer,unknown,London,GB,adzuna_uk,9100.0,104000.0,GBP,annual,,56550.0,Tableau Developer
25226,operations_analyst,unknown,The City,GB,adzuna_uk,60000.0,60000.0,GBP,annual,,60000.0,"Business Intelligence Analyst (Finance, SAP, Power BI, SNAP)"
25227,other,junior,North West London,GB,adzuna_uk,65000.0,65000.0,GBP,annual,,65000.0,Entry Level Data Consultant No Experience Required
25228,analytics_engineer,junior,North West London,GB,adzuna_uk,40000.0,40000.0,GBP,annual,,40000.0,Trainee Data Engineer Programme No Experience Required
25229,other,junior,London,GB,adzuna_uk,65000.0,65000.0,GBP,annual,,65000.0,Entry Level Data Consultant No Experience Required
25230,data_analyst,unknown,Uxbridge,GB,adzuna_uk,35000.0,40000.0,GBP,annual,,37500.0,Data & Reporting Analyst
13844,other,junior,Karachi,PK,chisel_pk,,,PKR,monthly,,,Full Time Teachers Jobs in Pakistan
25231,operations_analyst,senior,London,GB,adzuna_uk,53995.71,53995.71,GBP,annual,,53995.71,Senior Business Intelligence Analyst
25232,data_analyst,unknown,London,GB,adzuna_uk,65083.07,65083.07,GBP,annual,,65083.07,Business Intelligence Analyst
25233,other,junior,London,GB,adzuna_uk,45941.26,45941.26,GBP,annual,,45941.26,Junior Growth Analyst - Sherpany
25234,data_analyst,unknown,Charing Cross,GB,adzuna_uk,47965.09,47965.09,GBP,annual,,47965.09,Business Data Analyst
25235,analytics_engineer,unknown,London,GB,adzuna_uk,41471.31,41471.31,GBP,annual,,41471.31,"Data Engineer, Data Lake"
25236,other,junior,Shoreditch,GB,adzuna_uk,65000.0,65000.0,GBP,annual,,65000.0,Entry Level Data Consultant
25237,other,senior,The City,GB,adzuna_uk,70000.0,120000.0,GBP,annual,,95000.0,Reporting Delivery Practice Lead Bank
25238,data_analyst,senior,The City,GB,adzuna_uk,80000.0,130000.0,GBP,annual,,105000.0,Data Reporting Delivery Practice Lead
25239,other,senior,London,GB,adzuna_uk,70000.0,130000.0,GBP,annual,,100000.0,Reporting Delivery Practice Lead Bank
25240,operations_analyst,unknown,London,GB,adzuna_uk,50000.0,50000.0,GBP,annual,,50000.0,Cloud FinOps Analyst
25241,data_analyst,senior,West London,GB,adzuna_uk,70000.0,70000.0,GBP,annual,,70000.0,Senior Data Analyst
25242,other,junior,North London,GB,adzuna_uk,65000.0,65000.0,GBP,annual,,65000.0,Entry Level Data Consultant No Experience Required
25243,analytics_engineer,junior,North London,GB,adzuna_uk,40000.0,40000.0,GBP,annual,,40000.0,Trainee Data Engineer Programme No Experience Required
25244,other,junior,East London,GB,adzuna_uk,65000.0,65000.0,GBP,annual,,65000.0,Entry Level Data Consultant No Experience Required
25245,other,junior,South West London,GB,adzuna_uk,65000.0,65000.0,GBP,annual,,65000.0,Entry Level Data Consultant No Experience Required
25246,other,junior,West London,GB,adzuna_uk,65000.0,65000.0,GBP,annual,,65000.0,Entry Level Data Consultant No Experience Required
25247,other,senior,London,GB,adzuna_uk,100000.0,100000.0,GBP,annual,,100000.0,Reporting Delivery Practice Lead Bank
13845,other,junior,Karachi,PK,chisel_pk,,,PKR,monthly,,,Full Time Content/Research Writer Jobs in Pakistan
25248,data_analyst,senior,The City,GB,adzuna_uk,100000.0,100000.0,GBP,annual,,100000.0,Data Reporting Delivery Practice Lead
25249,other,senior,The City,GB,adzuna_uk,100000.0,100000.0,GBP,annual,,100000.0,Reporting Delivery Practice Lead Bank
25250,analytics_engineer,senior,East London,GB,adzuna_uk,50000.0,50000.0,GBP,annual,,50000.0,Lead Data Engineer
25251,data_analyst,senior,London,GB,adzuna_uk,41288.12,41288.12,GBP,annual,,41288.12,Senior Data Analyst
25252,other,senior,Farringdon,GB,adzuna_uk,70000.0,130000.0,GBP,annual,,100000.0,Reporting Delivery Practice Lead Bank
25253,data_analyst,senior,The City,GB,adzuna_uk,80000.0,130000.0,GBP,annual,,105000.0,Data Reporting Delivery Practice Lead
25254,other,senior,The City,GB,adzuna_uk,70000.0,120000.0,GBP,annual,,95000.0,Reporting Delivery Practice Lead Bank
25255,other,junior,London,GB,adzuna_uk,84820.73,84820.73,GBP,annual,,84820.73,Associate Director - Finance Advisory 3
13846,other,junior,Lahore,PK,chisel_pk,,,PKR,monthly,,,Full Time Android Developers Jobs in Pakistan
25256,other,unknown,London,GB,adzuna_uk,58402.11,58402.11,GBP,annual,,58402.11,Prinicipal - Finance Advisory
25257,other,unknown,London,GB,adzuna_uk,50000.0,55000.0,GBP,annual,,52500.0,Oracle Database Engineer
25258,other,unknown,London,GB,adzuna_uk,67488.33,67488.33,GBP,annual,,67488.33,Fabric Engineer (Microsoft)
25259,analytics_engineer,junior,St Lukes,GB,adzuna_uk,35000.0,60000.0,GBP,annual,,47500.0,Data Engineer – Graduate Considered
25260,other,senior,London,GB,adzuna_uk,76892.68,76892.68,GBP,annual,,76892.68,Principal - Industry Advisory
25261,other,junior,London,GB,adzuna_uk,77726.98,77726.98,GBP,annual,,77726.98,Associate Principal - Industry Advisory 3
25262,other,junior,London,GB,adzuna_uk,78091.42,78091.42,GBP,annual,,78091.42,Associate Principal - Industry Advisory 3
25263,data_analyst,unknown,London,GB,adzuna_uk,91000.0,109200.0,GBP,annual,,100100.0,Systems Data Analyst – SQL / NoSQL / Data Migration
25264,analytics_engineer,unknown,London,GB,adzuna_uk,57821.64,57821.64,GBP,annual,,57821.64,BI Engineer
25265,data_analyst,senior,London,GB,adzuna_uk,51053.8,51053.8,GBP,annual,,51053.8,Senior Data Analyst – PropTech/SaaS Startup
25266,operations_analyst,unknown,The City,GB,adzuna_uk,50000.0,50000.0,GBP,annual,,50000.0,Cloud FinOps Analyst
25267,other,senior,London,GB,adzuna_uk,54771.69,54771.69,GBP,annual,,54771.69,Senior Data Analytics Consultant (London Nova North)
25268,analytics_engineer,junior,The City,GB,adzuna_uk,50000.0,50000.0,GBP,annual,,50000.0,Data Engineer Graduate Considered
25269,data_scientist,senior,London,GB,adzuna_uk,64651.65,64651.65,GBP,annual,,64651.65,Senior Data Scientist
25270,other,unknown,London,GB,adzuna_uk,47915.81,47915.81,GBP,annual,,47915.81,Business Intelligence Consultant
25271,data_analyst,unknown,Bloomsbury,GB,adzuna_uk,63547.91,63547.91,GBP,annual,,63547.91,Data Operations Analyst
25272,analytics_engineer,unknown,London,GB,adzuna_uk,85456.15,85456.15,GBP,annual,,85456.15,Staff Analytics Engineer
13847,other,junior,Lahore,PK,chisel_pk,,,PKR,monthly,,,Full Time PHP Developer With Yii Framework Job in Pakistan
25273,data_analyst,unknown,London,GB,adzuna_uk,55173.8,55173.8,GBP,annual,,55173.8,"Business Analyst, Business Intelligence"
25274,analytics_engineer,senior,London,GB,adzuna_uk,57638.8,57638.8,GBP,annual,,57638.8,"Manager, Data Engineering"
25275,analytics_engineer,unknown,London,GB,adzuna_uk,73096.61,73096.61,GBP,annual,,73096.61,Analytics Engineer
25276,other,senior,London,GB,adzuna_uk,60000.0,70000.0,GBP,annual,,65000.0,Product Analytics Lead
25277,other,senior,London,GB,adzuna_uk,21368.56,21368.56,GBP,annual,,21368.56,Data Planning Manager
25278,analytics_engineer,unknown,London,GB,adzuna_uk,70166.38,70166.38,GBP,annual,,70166.38,Data Scientist - Applied AI & Data Platforms
25279,data_analyst,unknown,London,GB,adzuna_uk,68510.27,68510.27,GBP,annual,,68510.27,Client Reporting Analyst - Mason Blake
25280,data_analyst,unknown,The City,GB,adzuna_uk,76555.15,76555.15,GBP,annual,,76555.15,Reporting Analyst
13848,other,junior,Lahore,PK,chisel_pk,,,PKR,monthly,,,Full Time Receptionist Job in Pakistan
25281,data_analyst,unknown,London,GB,adzuna_uk,94040.51,94040.51,GBP,annual,,94040.51,Group CAT Portfolio reporting Analyst - Selby Jennings
25282,data_analyst,unknown,Uxbridge,GB,adzuna_uk,35000.0,40000.0,GBP,annual,,37500.0,Data & Reporting Analyst
25283,data_analyst,unknown,Hammersmith,GB,adzuna_uk,40000.0,43000.0,GBP,annual,,41500.0,Financial Reporting Analyst
25284,data_analyst,unknown,London,GB,adzuna_uk,40000.0,43000.0,GBP,annual,,41500.0,Financial Reporting Analyst
25285,data_analyst,unknown,Farringdon,GB,adzuna_uk,61078.06,61078.06,GBP,annual,,61078.06,Regulatory Reporting Analyst
25286,data_analyst,senior,Monument,GB,adzuna_uk,72991.84,72991.84,GBP,annual,,72991.84,Senior Reporting Analyst
25287,data_analyst,senior,St Lukes,GB,adzuna_uk,52567.48,52567.48,GBP,annual,,52567.48,Senior Reporting Analyst
25288,data_analyst,unknown,London,GB,adzuna_uk,58503.0,58503.0,GBP,annual,,58503.0,Regulatory Reporting Analyst
13849,other,mid,Lahore,PK,chisel_pk,,,PKR,monthly,,,Full Time Accountant/Bookkeeper Job in Pakistan
25289,data_analyst,unknown,London,GB,adzuna_uk,49692.07,49692.07,GBP,annual,,49692.07,Regulatory Reporting Analyst
25290,data_analyst,unknown,London,GB,adzuna_uk,35585.19,35585.19,GBP,annual,,35585.19,ESG Reporting Analyst
25291,data_analyst,unknown,Hammersmith,GB,adzuna_uk,49266.35,49266.35,GBP,annual,,49266.35,Financial Reporting Analyst
25292,data_analyst,unknown,London,GB,adzuna_uk,48794.79,48794.79,GBP,annual,,48794.79,Client Reporting Analyst
25293,data_analyst,unknown,London,GB,adzuna_uk,50661.04,50661.04,GBP,annual,,50661.04,Regulatory Reporting Analyst - Insurance
25294,data_analyst,unknown,London,GB,adzuna_uk,46227.46,46227.46,GBP,annual,,46227.46,Treasury Transaction Reporting Analyst
25295,data_analyst,unknown,London,GB,adzuna_uk,55000.0,65000.0,GBP,annual,,60000.0,Financial Planning and Reporting Analyst
25296,data_analyst,unknown,London,GB,adzuna_uk,52675.43,52675.43,GBP,annual,,52675.43,Group FP&A Reporting Analyst
25297,data_analyst,senior,London,GB,adzuna_uk,52457.26,52457.26,GBP,annual,,52457.26,Senior Regulatory Reporting Analyst
25298,data_analyst,senior,London,GB,adzuna_uk,66908.3,66908.3,GBP,annual,,66908.3,Senior Catastrophe Reporting Analyst
25299,data_analyst,unknown,The City,GB,adzuna_uk,80000.0,105000.0,GBP,annual,,92500.0,Group CAT Portfolio reporting Analyst
25300,data_analyst,unknown,London,GB,adzuna_uk,55388.58,55388.58,GBP,annual,,55388.58,Mandarin Speaking Management Reporting Analyst
25301,data_analyst,unknown,The City,GB,adzuna_uk,50680.27,50680.27,GBP,annual,,50680.27,Management Reporting Analyst - Mandarin Speaking
25302,data_analyst,senior,London,GB,adzuna_uk,54983.02,54983.02,GBP,annual,,54983.02,Senior Project Controls Data & Reporting Analyst
25303,data_analyst,unknown,Broadgate,GB,adzuna_uk,47866.52,47866.52,GBP,annual,,47866.52,Regulatory Reporting Analyst (12 month FTC)
25304,data_analyst,unknown,London,GB,adzuna_uk,36550.34,36550.34,GBP,annual,,36550.34,Regulatory Reporting Analyst (12 month FTC)
13850,other,mid,Lahore,PK,chisel_pk,,,PKR,monthly,,,Full Time HR Manager Job in Pakistan
25305,data_analyst,unknown,London,GB,adzuna_uk,33689.0,33689.0,GBP,annual,,33689.0,"TSB | IT Reporting Analyst | Grade D | CIO | Gloucester, Edinburgh, Bristol or London"
25306,other,unknown,Finsbury,GB,adzuna_uk,35739.29,35739.29,GBP,annual,,35739.29,Insights Analyst / Reporter
25307,data_analyst,unknown,The City,GB,adzuna_uk,50000.0,75000.0,GBP,annual,,62500.0,MIFID Transaction reporting Business Analyst banking
25308,other,senior,London,GB,adzuna_uk,82907.23,82907.23,GBP,annual,,82907.23,Group Catastrophe Portfolio Reporting Senior Analyst
25309,data_analyst,senior,London,GB,adzuna_uk,70485.9,70485.9,GBP,annual,,70485.9,Trade & Transaction Reporting Business Analyst / Project Manager
25310,other,unknown,London,GB,adzuna_uk,50865.29,50865.29,GBP,annual,,50865.29,Treasury IRRBB Analyst: Reporting Analytics
25311,other,unknown,London,GB,adzuna_uk,42327.15,42327.15,GBP,annual,,42327.15,OGC Analyst – Conflicts Reporting
25312,other,unknown,Central London,GB,adzuna_uk,41864.55,41864.55,GBP,annual,,41864.55,OGC Analyst Conflicts Reporting
13851,other,mid,Islamabad,PK,chisel_pk,,,PKR,monthly,,,Online Full Time Senior .Net Core MVC Front-End Developer Jobs in Pakistan
25313,data_analyst,senior,The City,GB,adzuna_uk,100000.0,100000.0,GBP,annual,,100000.0,Basel regulatory reporting senior business analyst
25314,other,unknown,London,GB,adzuna_uk,148101.0,175500.0,GBP,annual,,161800.5,Asset Management Client Reporting Business Change Analyst
25315,data_analyst,senior,London,GB,adzuna_uk,76318.89,76318.89,GBP,annual,,76318.89,Senior Business Analyst – Regulatory Reporting
25316,other,senior,London,GB,adzuna_uk,68828.94,68828.94,GBP,annual,,68828.94,Senior Actuarial Analyst - Investment Reporting
25317,other,senior,London,GB,adzuna_uk,65348.15,65348.15,GBP,annual,,65348.15,Senior Analyst - Financial Reporting (hybrid)
25318,data_analyst,senior,London,GB,adzuna_uk,64740.31,64740.31,GBP,annual,,64740.31,Senior Data Analyst - Regulatory Reporting
25319,data_analyst,senior,London,GB,adzuna_uk,62026.88,62026.88,GBP,annual,,62026.88,Senior Data Analyst - Regulatory Reporting
25320,data_analyst,unknown,London,GB,adzuna_uk,43971.0,59768.0,GBP,annual,,51869.5,HR Data Analyst (Workforce Reporting & Analytics)
13852,other,mid,Peshawar,PK,chisel_pk,,,PKR,monthly,,,Full Time Delivery Boy Jobs in Pakistan
25321,financial_analyst,unknown,London,GB,adzuna_uk,53546.04,53546.04,GBP,annual,,53546.04,Mandarin speaking Finance Analyst (Financial Reporting & Accounting)
25322,data_analyst,senior,London,GB,adzuna_uk,62109.22,62109.22,GBP,annual,,62109.22,Senior Business Analyst - MiFID II Transaction Reporting
25323,other,senior,London,GB,adzuna_uk,80000.0,95000.0,GBP,annual,,87500.0,Oracle Technical Support Lead (WMS) - up to £95k Bonus
25324,data_analyst,unknown,Farringdon,GB,adzuna_uk,45000.0,60000.0,GBP,annual,,52500.0,Data Analyst
25325,data_analyst,unknown,London,GB,adzuna_uk,48562.81,48562.81,GBP,annual,,48562.81,MI Analyst / Business Analyst
25326,other,unknown,London,GB,adzuna_uk,27965.12,27965.12,GBP,annual,,27965.12,Talent Network
25327,other,senior,Farringdon,GB,adzuna_uk,35000.0,45000.0,GBP,annual,,40000.0,Account Manager/ Content Producer -Niche B2B Tech Agency
25328,other,senior,London,GB,adzuna_uk,35000.0,45000.0,GBP,annual,,40000.0,Account Manager/ Content Producer -Niche B2B Tech Agency
13853,other,mid,Multan,PK,chisel_pk,,,PKR,monthly,,,Full Time Marketing Executives Job in Pakistan
25329,other,senior,London,GB,adzuna_uk,79762.9,79762.9,GBP,annual,,79762.9,Head of Financial Planning & Analysis
25330,other,senior,London,GB,adzuna_uk,68542.62,68542.62,GBP,annual,,68542.62,Senior Planner
25331,data_analyst,unknown,London,GB,adzuna_uk,91000.0,109200.0,GBP,annual,,100100.0,Systems Data Analyst – SQL / NoSQL / Data Migration
25332,other,unknown,London,GB,adzuna_uk,51602.43,51602.43,GBP,annual,,51602.43,Portfolio Analyst
25333,analytics_engineer,senior,London,GB,adzuna_uk,69116.65,69116.65,GBP,annual,,69116.65,Data Engineering Lead
25334,other,unknown,Holborn,GB,adzuna_uk,34632.04,34632.04,GBP,annual,,34632.04,FIRST LINE SERVICE DESK ANALYST
25335,other,senior,London,GB,adzuna_uk,75941.28,75941.28,GBP,annual,,75941.28,Membership Director
25336,other,senior,London,GB,adzuna_uk,53898.21,53898.21,GBP,annual,,53898.21,Embedded Cyber Detection and Response Deputy Team Lead
9792,other,mid,Karachi,PK,chisel_pk,,,PKR,monthly,,,Online Full Time Marketing Job in Pakistan
25337,data_analyst,unknown,The City,GB,adzuna_uk,75000.0,75000.0,GBP,annual,,75000.0,Technical Business Analyst - Power BI & Insurance
25338,other,senior,The City,GB,adzuna_uk,72006.6,72006.6,GBP,annual,,72006.6,Senior Planner
25339,other,senior,North West London,GB,adzuna_uk,66695.26,66695.26,GBP,annual,,66695.26,Senior Planner
25340,data_analyst,unknown,London,GB,adzuna_uk,65737.56,65737.56,GBP,annual,,65737.56,Procurement Data Analyst
25341,analytics_engineer,senior,Farringdon,GB,adzuna_uk,67205.28,67205.28,GBP,annual,,67205.28,Data Engineering Lead
25342,other,unknown,Gunnersbury,GB,adzuna_uk,55286.09,55286.09,GBP,annual,,55286.09,Commercial Analyst
25343,other,unknown,London,GB,adzuna_uk,32530.07,32530.07,GBP,annual,,32530.07,"Events Analyst - Wellington Management Company, LLP"
25344,other,unknown,London,GB,adzuna_uk,37280.02,37280.02,GBP,annual,,37280.02,Loan Analyst
13854,other,mid,Lahore,PK,chisel_pk,,,PKR,monthly,,,Full Time Graphic Designer Job in Pakistan
25345,data_analyst,unknown,London,GB,adzuna_uk,56785.8,56785.8,GBP,annual,,56785.8,Regulatory Operations Business Analyst
25346,other,unknown,London,GB,adzuna_uk,60011.11,60011.11,GBP,annual,,60011.11,Trading Investigator
25347,other,unknown,The City,GB,adzuna_uk,40000.0,40000.0,GBP,annual,,40000.0,IT Auditor & Controls Analyst
25348,data_analyst,junior,London,GB,adzuna_uk,38925.42,38925.42,GBP,annual,,38925.42,Associate Data Analyst (Asian language speaker) - A.M. Best Europe - Rating Services Ltd
25349,other,junior,London,GB,adzuna_uk,69960.05,69960.05,GBP,annual,,69960.05,"Quantitative & Risk Analytics - ESG Analytics, Senior Associate - Barings"
25350,financial_analyst,unknown,London,GB,adzuna_uk,78000.0,91000.0,GBP,annual,,84500.0,FP&A Business Partner (Contract)
25351,financial_analyst,unknown,London,GB,adzuna_uk,78000.0,91000.0,GBP,annual,,84500.0,FP&A Business Partner
25352,financial_analyst,junior,London,GB,adzuna_uk,64646.47,64646.47,GBP,annual,,64646.47,FP&A Analyst – International Media Company
13855,other,junior,Lahore,PK,chisel_pk,,,PKR,monthly,,,Full Time Customer-Oriented Service Representative Job in Pakistan
25353,data_analyst,unknown,London,GB,adzuna_uk,64553.19,64553.19,GBP,annual,,64553.19,Regulatory Business Analyst - Invenire Group
25354,other,unknown,London,GB,adzuna_uk,64179.24,64179.24,GBP,annual,,64179.24,Systems Analyst - Chaucer Group
25355,other,unknown,London,GB,adzuna_uk,44971.37,44971.37,GBP,annual,,44971.37,Cost Management Analyst
25356,other,unknown,London,GB,adzuna_uk,32066.45,32066.45,GBP,annual,,32066.45,Product and Technical Communications
25357,other,mid,London,GB,adzuna_uk,44807.54,44807.54,GBP,annual,,44807.54,Embedded Security Intelligence Analyst - Mid Level
25358,other,senior,London,GB,adzuna_uk,105209.54,105209.54,GBP,annual,,105209.54,Principal Product Marketing Manager (LegalTech)
25359,other,senior,London,GB,adzuna_uk,50097.38,50097.38,GBP,annual,,50097.38,Senior Analyst
25360,financial_analyst,unknown,London,GB,adzuna_uk,55455.81,55455.81,GBP,annual,,55455.81,Commercial Finance Analyst – Global Media & Publishing Company
13856,other,junior,Karachi,PK,chisel_pk,,,PKR,monthly,,,Full Time Front End Developer Jobs in Pakistan
13857,other,junior,Karachi,PK,chisel_pk,,,PKR,monthly,,,Full Time PHP Developer Jobs in Pakistan
25361,other,unknown,London,GB,adzuna_uk,49500.0,57000.0,GBP,annual,,53250.0,Quality Assurance Analyst
25362,other,senior,London,GB,adzuna_uk,73459.38,73459.38,GBP,annual,,73459.38,Senior Manager - Business Application Owner
25363,other,unknown,London,GB,adzuna_uk,57850.98,57850.98,GBP,annual,,57850.98,Risk and Resilience Analyst
25364,statistician,unknown,Richmond,GB,adzuna_uk,35000.0,38000.0,GBP,annual,,36500.0,Research Analyst
25365,other,senior,London,GB,adzuna_uk,85988.19,85988.19,GBP,annual,,85988.19,Head of Prudential Reporting & Governance - eFinancialCareers
25366,other,senior,London,GB,adzuna_uk,96112.09,96112.09,GBP,annual,,96112.09,Head Of Data
25367,financial_analyst,junior,London,GB,adzuna_uk,63393.92,63393.92,GBP,annual,,63393.92,Commercial Finance Analyst – International Consumer Goods Business
25368,other,senior,London,GB,adzuna_uk,60000.0,74999.0,GBP,annual,,67499.5,Senior Network Analyst
13858,other,unknown,Lahore,PK,chisel_pk,,,PKR,monthly,,,Online Full Time Marketing And Sales Executive Jobs in Pakistan
25369,financial_analyst,senior,London,GB,adzuna_uk,84583.88,84583.88,GBP,annual,,84583.88,Senior FP&A Manager
25370,other,junior,London,GB,adzuna_uk,58468.7,58468.7,GBP,annual,,58468.7,"Associate, Asset Management"
25371,other,senior,London,GB,adzuna_uk,60580.84,60580.84,GBP,annual,,60580.84,Tri-Party Repo & Regulatory Reporting Hybrid BA/PM - Senior AVP - 12 Month Fixed Term Contract
25372,other,unknown,London,GB,adzuna_uk,55000.0,55000.0,GBP,annual,,55000.0,Application Support Analyst
25373,other,unknown,The City,GB,adzuna_uk,221000.0,221000.0,GBP,annual,,221000.0,Financial Risk Technical Analyst
25374,other,unknown,Hammersmith,GB,adzuna_uk,59167.28,59167.28,GBP,annual,,59167.28,Finance Management Analyst
25375,other,senior,London,GB,adzuna_uk,46665.62,46665.62,GBP,annual,,46665.62,"Content Analyst, Senior (INDGI)"
25376,other,senior,London,GB,adzuna_uk,71843.55,71843.55,GBP,annual,,71843.55,Tri-Party Repo & Regulatory Reporting Hybrid BA/PM - Senior AVP - 12 Month Fixed Term Contract
13859,other,mid,Karachi,PK,chisel_pk,,,PKR,monthly,,,Full Time Mechanical Design Engineer Job in Pakistan
25377,other,senior,The City,GB,adzuna_uk,72219.87,72219.87,GBP,annual,,72219.87,Tri-Party Repo & Regulatory Reporting Hybrid BA/PM - Senior AVP - 12 Month Fixed Term Contract
25378,data_analyst,unknown,London,GB,adzuna_uk,104000.0,123500.0,GBP,annual,,113750.0,Data Analyst
25379,other,unknown,London,GB,adzuna_uk,54407.94,54407.94,GBP,annual,,54407.94,Casualty Catastrophe Analyst
25380,data_analyst,unknown,London,GB,adzuna_uk,55689.64,55689.64,GBP,annual,,55689.64,Product Business Analyst
25381,other,senior,Poplar,GB,adzuna_uk,47936.1,47936.1,GBP,annual,,47936.1,Senior Transaction Analyst
25382,other,unknown,London,GB,adzuna_uk,47677.27,47677.27,GBP,annual,,47677.27,Cost & Commercial Analyst
25383,other,senior,London,GB,adzuna_uk,52802.38,52802.38,GBP,annual,,52802.38,Senior Catastrophe Analyst - Non Nat Cat - Gravitas Recruitment Group
25384,other,unknown,London,GB,adzuna_uk,104000.0,117000.0,GBP,annual,,110500.0,Research & Insights Consultant
13860,other,junior,Karachi,PK,chisel_pk,,,PKR,monthly,,,Full Time ASP.NET Developer Job in Pakistan
25385,other,senior,Clerkenwell,GB,adzuna_uk,48227.92,48227.92,GBP,annual,,48227.92,Senior Digital Investigations Analyst
25386,operations_analyst,unknown,Fleet Street,GB,adzuna_uk,64146.69,64146.69,GBP,annual,,64146.69,Commercial Operations Analyst
25387,other,junior,London,GB,adzuna_uk,37624.69,37624.69,GBP,annual,,37624.69,Junior Aladdin Analyst
25388,other,unknown,London,GB,adzuna_uk,27038.27,27038.27,GBP,annual,,27038.27,Claims Quality Assurance Analyst
25389,other,unknown,London,GB,adzuna_uk,49887.5,49887.5,GBP,annual,,49887.5,Cost & Commercial Analyst
25390,other,senior,London,GB,adzuna_uk,68267.06,68267.06,GBP,annual,,68267.06,Commercial Analytics Programme Lead
25391,operations_analyst,unknown,London,GB,adzuna_uk,74620.1,74620.1,GBP,annual,,74620.1,"Sales Operations Analyst AWS Enterprise Support Strategy & Operations (ESSO), AWS Enterprise Support Strategy & Operations (ESSO)"
25392,other,senior,Clerkenwell,GB,adzuna_uk,53566.42,53566.42,GBP,annual,,53566.42,Principal Digital Investigations Analyst
13861,other,junior,Karachi,PK,chisel_pk,,,PKR,monthly,,,Online Full Time Email And Server Administrator Job in Pakistan
25393,data_analyst,unknown,London,GB,adzuna_uk,65793.2,65793.2,GBP,annual,,65793.2,"Tax Data Analyst, Global Tax Services"
25394,data_analyst,unknown,London,GB,adzuna_uk,91313.45,91313.45,GBP,annual,,91313.45,"Tax Data Analyst, Global Tax Services"
25395,other,unknown,London,GB,adzuna_uk,53356.06,53356.06,GBP,annual,,53356.06,Threat Intelligence Analyst
25396,data_architect,unknown,London,GB,adzuna_uk,45257.01,45257.01,GBP,annual,,45257.01,Data Solution Architect
25397,other,mid,London,GB,adzuna_uk,55973.01,55973.01,GBP,annual,,55973.01,"Senior Price Reporter, EMEA Oil - Middle Distillates"
25398,other,unknown,London,GB,adzuna_uk,42790.98,42790.98,GBP,annual,,42790.98,CRM Data and Customer Analyst
25399,financial_analyst,unknown,London,GB,adzuna_uk,44116.65,44116.65,GBP,annual,,44116.65,Treasury Analyst - Front Office
25400,other,unknown,London,GB,adzuna_uk,32873.66,32873.66,GBP,annual,,32873.66,Commissions Analyst
25401,other,unknown,London,GB,adzuna_uk,54606.67,54606.67,GBP,annual,,54606.67,Systems Analyst
25402,other,unknown,London,GB,adzuna_uk,63149.48,63149.48,GBP,annual,,63149.48,Solutions Engineer (Core AI)
25403,other,unknown,Fitzrovia,GB,adzuna_uk,49742.28,49742.28,GBP,annual,,49742.28,Contract Analyst (UK)
25404,other,junior,London,GB,adzuna_uk,52983.11,52983.11,GBP,annual,,52983.11,EMEA Equity Research – European Capital Goods – Analyst or Associate
25405,operations_analyst,senior,London,GB,adzuna_uk,55624.03,55624.03,GBP,annual,,55624.03,Senior Deal Operations Analyst
25406,other,unknown,London,GB,adzuna_uk,80973.72,80973.72,GBP,annual,,80973.72,Solutions Engineer (Core AI)
25407,other,senior,St Paul'S,GB,adzuna_uk,117752.26,117752.26,GBP,annual,,117752.26,Senior Financial Modeling Analyst
25408,other,senior,London,GB,adzuna_uk,61459.31,61459.31,GBP,annual,,61459.31,Senior E-Commerce Analyst
25409,other,senior,The City,GB,adzuna_uk,109096.59,109096.59,GBP,annual,,109096.59,Senior Financial Modeling Analyst
13863,other,junior,Karachi,PK,chisel_pk,,,PKR,monthly,,,Full Time Content Writer Job in Pakistan
25410,other,senior,London,GB,adzuna_uk,62876.95,62876.95,GBP,annual,,62876.95,Head of EMEA Credit Research
25411,other,unknown,London,GB,adzuna_uk,42417.58,42417.58,GBP,annual,,42417.58,QA Analyst
25412,other,senior,London,GB,adzuna_uk,67721.46,67721.46,GBP,annual,,67721.46,Head of New Business Reporting
25413,other,senior,London,GB,adzuna_uk,51937.77,51937.77,GBP,annual,,51937.77,Senior Manager - Restructuring Advisory
25414,data_analyst,unknown,Covent Garden,GB,adzuna_uk,53559.47,53559.47,GBP,annual,,53559.47,Construction Data & Research Analyst
25415,data_analyst,unknown,Covent Garden,GB,adzuna_uk,55118.89,55118.89,GBP,annual,,55118.89,Construction Data & Research Analyst
25416,other,unknown,London,GB,adzuna_uk,46034.89,46034.89,GBP,annual,,46034.89,"Compliance Analyst, EMEA"
25417,other,senior,London,GB,adzuna_uk,38768.0,38768.0,GBP,annual,,38768.0,Senior Systems Analyst - SICS
13864,other,junior,Islamabad,PK,chisel_pk,,,PKR,monthly,,,Full Time Android Developers Job in Pakistan
25418,operations_analyst,unknown,London,GB,adzuna_uk,76365.2,76365.2,GBP,annual,,76365.2,"Sales Operations Analyst AWS Enterprise Support Strategy & Operations (ESSO), AWS Enterprise Support Strategy & Operations (ESSO)"
25419,other,unknown,London,GB,adzuna_uk,33894.8,33894.8,GBP,annual,,33894.8,Allocation Analyst
25420,financial_analyst,unknown,Beddington,GB,adzuna_uk,30858.74,30858.74,GBP,annual,,30858.74,Finance Analyst Distribution
25421,other,unknown,London,GB,adzuna_uk,71381.13,71381.13,GBP,annual,,71381.13,Functional Tester ( IBM Maximo Application Suite Exp)
25422,other,senior,London,GB,adzuna_uk,103370.3,103370.3,GBP,annual,,103370.3,Principal Product Marketing Manager (LegalTech)
25423,other,senior,London,GB,adzuna_uk,62162.07,62162.07,GBP,annual,,62162.07,Senior Legal Consultant
25424,other,unknown,London,GB,adzuna_uk,55484.59,55484.59,GBP,annual,,55484.59,Development and Support Analyst
25425,data_analyst,unknown,London,GB,adzuna_uk,68123.72,68123.72,GBP,annual,,68123.72,Data Analyst III (Product)
13865,other,mid,Karachi,PK,chisel_pk,,,PKR,monthly,,,Full Time Project Manager Required For A Software House (DOTKLICK) Job in Pakistan
25426,data_analyst,senior,London,GB,adzuna_uk,55594.23,55594.23,GBP,annual,,55594.23,Senior Data Analyst
25427,operations_analyst,senior,London,GB,adzuna_uk,67617.24,67617.24,GBP,annual,,67617.24,"Business Operations Analyst, Charles River Development, Vice President"
25428,data_analyst,unknown,London,GB,adzuna_uk,57028.82,57028.82,GBP,annual,,57028.82,Manager-Data & AI
25429,other,unknown,Farringdon,GB,adzuna_uk,49500.0,57000.0,GBP,annual,,53250.0,Quality Assurance Analyst
25430,operations_analyst,unknown,London,GB,adzuna_uk,58099.73,58099.73,GBP,annual,,58099.73,Sales Operations Analyst
25431,other,senior,London,GB,adzuna_uk,80000.0,95000.0,GBP,annual,,87500.0,Head of Commercial Analytics and Trading
25432,analytics_engineer,unknown,Farringdon,GB,adzuna_uk,40000.0,40000.0,GBP,annual,,40000.0,Energy Analytics Engineer
25433,other,senior,London,GB,adzuna_uk,69145.52,69145.52,GBP,annual,,69145.52,Data & Analytics Lead
13866,other,junior,Lahore,PK,chisel_pk,,,PKR,monthly,,,Full Time Client Relationship Executive - DHA Lahore Jobs in Pakistan
25434,analytics_engineer,unknown,London,GB,adzuna_uk,,40000.0,GBP,annual,,,Energy Analytics Engineer
25435,data_analyst,senior,St Pancras,GB,adzuna_uk,50482.02,50482.02,GBP,annual,,50482.02,Senior Data Analyst
25436,financial_analyst,senior,London,GB,adzuna_uk,58000.0,65000.0,GBP,annual,,61500.0,Senior FP&A Analyst
25437,other,senior,London,GB,adzuna_uk,64805.6,64805.6,GBP,annual,,64805.6,"Analyst/ Senior Analyst, Health Economics and Outcomes Researcher and PRO"
25438,other,senior,Poplar,GB,adzuna_uk,64235.82,64235.82,GBP,annual,,64235.82,Lead Software Engineer
25439,operations_analyst,unknown,The City,GB,adzuna_uk,60000.0,60000.0,GBP,annual,,60000.0,"Business Intelligence Analyst (Finance, SAP, Power BI, SNAP)"
25440,data_analyst,unknown,London,GB,adzuna_uk,39727.73,39727.73,GBP,annual,,39727.73,"Business Analyst, Global Mile"
25441,other,senior,Holborn,GB,adzuna_uk,34000.0,50000.0,GBP,annual,,42000.0,Commercial Specialist / Senior Commercial Analyst
25442,other,senior,London,GB,adzuna_uk,38016.89,38016.89,GBP,annual,,38016.89,Senior Social Analyst (Manager level)
25443,other,senior,London,GB,adzuna_uk,37766.58,37766.58,GBP,annual,,37766.58,Senior Social Analyst (Manager level)
25444,other,senior,London,GB,adzuna_uk,74229.16,74229.16,GBP,annual,,74229.16,"Senior Manager, Data Science & Marketing Effectiveness (MMM)"
25445,other,unknown,London,GB,adzuna_uk,32091.96,32091.96,GBP,annual,,32091.96,Application Support Analyst - 8078
25446,other,unknown,London,GB,adzuna_uk,47362.81,47362.81,GBP,annual,,47362.81,"Analyst, Practice Technology"
25447,other,senior,London,GB,adzuna_uk,53524.24,53524.24,GBP,annual,,53524.24,"Director, Real Estate Asset Management"
25448,data_analyst,unknown,Whitton,GB,adzuna_uk,49534.79,49534.79,GBP,annual,,49534.79,Business Analyst
25449,data_architect,unknown,London,GB,adzuna_uk,81516.08,81516.08,GBP,annual,,81516.08,Azure Data Architect (with Specialty or Commercial Insurance)
13867,other,junior,Lahore,PK,chisel_pk,,,PKR,monthly,,,Full Time Estimation/Quantity Engineer Jobs in Pakistan
25450,other,senior,London,GB,adzuna_uk,60403.73,60403.73,GBP,annual,,60403.73,Senior Software Engineer - AI Enablement Compliance
25451,other,unknown,London,GB,adzuna_uk,32146.3,32146.3,GBP,annual,,32146.3,British Sign Language Video Interpreter
25452,other,unknown,London,GB,adzuna_uk,31847.47,31847.47,GBP,annual,,31847.47,British Sign Language Video Interpreter
25453,other,unknown,London,GB,adzuna_uk,65705.78,65705.78,GBP,annual,,65705.78,Investment Risk Analyst - Risk Analytics & Modelling - M&G plc.
25454,financial_analyst,unknown,London,GB,adzuna_uk,,45000.0,GBP,annual,,,Commercial Finance Analyst
25455,other,senior,London,GB,adzuna_uk,94187.97,94187.97,GBP,annual,,94187.97,"Senior Vice President, Product Management- Sprinklr Service"
25456,other,senior,London,GB,adzuna_uk,48160.9,48160.9,GBP,annual,,48160.9,Senior Trust Security Analyst
25457,financial_analyst,unknown,London,GB,adzuna_uk,,45000.0,GBP,annual,,,Commercial Finance Analyst - London
10700,other,junior,Lahore,PK,chisel_pk,,,PKR,monthly,,,Full Time Call Center Executive Jobs in Pakistan
25458,data_analyst,senior,London,GB,adzuna_uk,34123.39,34123.39,GBP,annual,,34123.39,Principal Business Analyst - Business Operations
25459,data_analyst,senior,London,GB,adzuna_uk,60622.4,60622.4,GBP,annual,,60622.4,Senior Data Analyst
25460,other,senior,London,GB,adzuna_uk,54183.37,54183.37,GBP,annual,,54183.37,Sr. Manager - Marketing 4D
25461,other,senior,London,GB,adzuna_uk,118278.76,118278.76,GBP,annual,,118278.76,"Vice President, Finance Technology Projects Team Lead"
25462,other,senior,London,GB,adzuna_uk,87000.0,93500.0,GBP,annual,,90250.0,Senior Software Engineer (AI)
25463,other,unknown,London,GB,adzuna_uk,75000.0,80000.0,GBP,annual,,77500.0,Software Engineer (AI)
25464,other,junior,London,GB,adzuna_uk,65532.94,65532.94,GBP,annual,,65532.94,Client Solutions & Analytics: Analyst/ Associate - London - PIMCO
25465,data_analyst,unknown,The City,GB,adzuna_uk,40000.0,50000.0,GBP,annual,,45000.0,Data Analytics Analyst
13868,other,junior,Islamabad,PK,chisel_pk,,,PKR,monthly,,,Full Time Game Developer (Unity 3D) Jobs in Pakistan
25466,data_analyst,unknown,London,GB,adzuna_uk,44667.72,44667.72,GBP,annual,,44667.72,Marketing Analytics Analyst
25467,data_analyst,unknown,London,GB,adzuna_uk,68026.8,68026.8,GBP,annual,,68026.8,People Analytics Analyst & Business Partner
25468,other,junior,London,GB,adzuna_uk,67708.8,67708.8,GBP,annual,,67708.8,Client Solutions & Analytics: Analyst/ Associate - London
25469,statistician,unknown,London,GB,adzuna_uk,71386.78,71386.78,GBP,annual,,71386.78,Quantitative Analyst – Research & Analytics (Remote)
25470,other,senior,Broadgate,GB,adzuna_uk,52027.1,52027.1,GBP,annual,,52027.1,Marketing Web Platform & Analytics Senior Analyst
25471,other,unknown,London,GB,adzuna_uk,70725.61,70725.61,GBP,annual,,70725.61,Market Risk Analyst (Analytics)
25472,other,unknown,London,GB,adzuna_uk,57449.2,57449.2,GBP,annual,,57449.2,"Analyst, Performance & Analytics"
25473,operations_analyst,unknown,London,GB,adzuna_uk,55676.68,55676.68,GBP,annual,,55676.68,Marketing Analytics & Business Intelligence Analyst
13869,other,junior,Karachi,PK,chisel_pk,,,PKR,monthly,,,Full Time PHP Developer Job in Pakistan
25474,other,unknown,London,GB,adzuna_uk,51728.57,51728.57,GBP,annual,,51728.57,"Staff Analyst, GTM Analytics"
25475,other,junior,London,GB,adzuna_uk,47783.52,47783.52,GBP,annual,,47783.52,"Graduate Analyst, Strategy & Analytics"
25476,other,senior,London,GB,adzuna_uk,68000.0,90000.0,GBP,annual,,79000.0,"Senior Analyst, Commercial & Analytics"
25477,other,unknown,London,GB,adzuna_uk,59578.86,59578.86,GBP,annual,,59578.86,Commercial Analytics - E-Commerce Analyst - London
25478,product_analyst,senior,London,GB,adzuna_uk,83114.88,83114.88,GBP,annual,,83114.88,Financial Risk Analytics – Senior Product Analyst
25479,product_analyst,senior,London,GB,adzuna_uk,75088.76,75088.76,GBP,annual,,75088.76,Financial Risk Analytics - Senior Product Analyst
25480,other,unknown,London,GB,adzuna_uk,41075.42,41075.42,GBP,annual,,41075.42,"2027 Blackstone Credit and Insurance, Quant and Portfolio Analytics Summer Analyst (London)"
25481,other,unknown,London,GB,adzuna_uk,50865.29,50865.29,GBP,annual,,50865.29,Treasury IRRBB Analyst: Reporting Analytics
13870,other,mid,Islamabad,PK,chisel_pk,,,PKR,monthly,,,Online Full Time Graphic Designer Job in Pakistan
25482,marketing_analyst,senior,London,GB,adzuna_uk,130000.0,156000.0,GBP,annual,,143000.0,Senior Digital Analyst / Digital Analytics Consultant
25483,other,junior,Blackfriars,GB,adzuna_uk,37912.98,37912.98,GBP,annual,,37912.98,Early Digital Careers Data Analytics (Consulting) Analyst Graduate - London - August 2024
25484,data_analyst,senior,London,GB,adzuna_uk,51538.79,51538.79,GBP,annual,,51538.79,"Senior Business Analyst, Content Analytics"
25485,other,unknown,London,GB,adzuna_uk,41662.58,41662.58,GBP,annual,,41662.58,Analyst - Process Analytics - FCRM 5A
25486,data_analyst,senior,London,GB,adzuna_uk,54381.95,54381.95,GBP,annual,,54381.95,"Senior Business Analyst, Content Analytics"
25487,other,senior,London,GB,adzuna_uk,121278.97,121278.97,GBP,annual,,121278.97,Lead Growth Analyst - Marketing Analytics
25488,data_analyst,senior,London,GB,adzuna_uk,72294.08,72294.08,GBP,annual,,72294.08,Senior Data Analyst - CRM Analytics
25489,marketing_analyst,senior,London,GB,adzuna_uk,51995.55,51995.55,GBP,annual,,51995.55,Lead Digital Analyst – Customer Analytics
13871,other,junior,Karachi,PK,chisel_pk,,,PKR,monthly,,,Full Time Tour Manager Job in Pakistan
25490,other,senior,London,GB,adzuna_uk,116682.24,116682.24,GBP,annual,,116682.24,Lead Growth Analyst - Marketing Analytics
25491,other,unknown,London,GB,adzuna_uk,58596.08,58596.08,GBP,annual,,58596.08,"Research Analyst Analytics Hub, London, Sept - Nov 2026"
25492,other,unknown,London,GB,adzuna_uk,68037.44,68037.44,GBP,annual,,68037.44,Client Solutions & Analytics: Quantitative Research Analyst - London - PIMCO
25493,marketing_analyst,senior,The City,GB,adzuna_uk,130000.0,156000.0,GBP,annual,,143000.0,Senior Digital Analyst / Digital Analytics Consultant
25494,other,senior,London,GB,adzuna_uk,45273.89,45273.89,GBP,annual,,45273.89,Sr. Analyst - Process Analytics - FCRM 4A
25495,statistician,unknown,London,GB,adzuna_uk,56945.83,56945.83,GBP,annual,,56945.83,"Quantitative Analyst, Solutions Research & Analytics"
25496,data_analyst,unknown,London,GB,adzuna_uk,43971.0,59768.0,GBP,annual,,51869.5,HR Data Analyst (Workforce Reporting & Analytics)
25497,other,senior,London,GB,adzuna_uk,61451.52,61451.52,GBP,annual,,61451.52,"Integration Analyst, Globallink Analytics Developer, Assistant Vice President"
13872,other,mid,Karachi,PK,chisel_pk,,,PKR,monthly,,,Full Time Technical Content Writer Jobs in Pakistan
25498,other,unknown,London,GB,adzuna_uk,65705.78,65705.78,GBP,annual,,65705.78,Investment Risk Analyst - Risk Analytics & Modelling - M&G plc.
25499,data_analyst,unknown,London,GB,adzuna_uk,52676.13,52676.13,GBP,annual,,52676.13,Business analyst – Market data and analytics - CRISIL
25500,other,junior,London,GB,adzuna_uk,72373.69,72373.69,GBP,annual,,72373.69,"Asset Management, Institutional Strategy & Analytics, Quant, Associate, London"
25501,other,unknown,Oxford Circus,GB,adzuna_uk,78268.0,78268.0,GBP,annual,,78268.0,Reward Analyst- Contract role - Inside IR35
25502,other,unknown,St James'S,GB,adzuna_uk,52919.13,52919.13,GBP,annual,,52919.13,"Portfolio Analyst, Real Estate Debt"
25503,other,junior,St James'S,GB,adzuna_uk,60770.76,60770.76,GBP,annual,,60770.76,"Portfolio Associate, Real Estate Debt"
25504,other,unknown,New Cross,GB,adzuna_uk,56037.0,56037.0,GBP,annual,,56037.0,Repairs Analyst
25505,data_analyst,junior,London,GB,adzuna_uk,30000.0,50000.0,GBP,annual,,40000.0,Data Analyst Trainee
13873,other,junior,Multan,PK,chisel_pk,,,PKR,monthly,,,Full Time Sales Executive - Motorcycle Sales (Contractual) Job in Pakistan
25506,data_analyst,junior,London,GB,adzuna_uk,30000.0,50000.0,GBP,annual,,40000.0,Data Analyst Trainee
25507,other,unknown,Fitzrovia,GB,adzuna_uk,78268.0,78268.0,GBP,annual,,78268.0,Reward Analyst - Contract role - Inside IR35
25508,data_analyst,senior,London,GB,adzuna_uk,130000.0,130000.0,GBP,annual,,130000.0,Senior Data Analyst
25509,statistician,unknown,Richmond,GB,adzuna_uk,35000.0,38000.0,GBP,annual,,36500.0,Research Analyst
25510,data_analyst,junior,Kingston Upon Thames,GB,adzuna_uk,30000.0,50000.0,GBP,annual,,40000.0,Trainee Data Analyst
25511,data_analyst,junior,Heathrow,GB,adzuna_uk,30000.0,50000.0,GBP,annual,,40000.0,Data Analyst Trainee
25512,data_analyst,junior,London,GB,adzuna_uk,30000.0,50000.0,GBP,annual,,40000.0,Data Analyst Trainee
25513,data_analyst,junior,Enfield,GB,adzuna_uk,30000.0,50000.0,GBP,annual,,40000.0,Data Analyst Trainee
13874,other,senior,Lahore,PK,chisel_pk,,,PKR,monthly,,,Full Time Senior Front End Developer Job in Pakistan
25514,data_analyst,junior,Twickenham,GB,adzuna_uk,30000.0,50000.0,GBP,annual,,40000.0,Data Analyst Trainee
25515,data_analyst,junior,Harrow,GB,adzuna_uk,30000.0,50000.0,GBP,annual,,40000.0,Data Analyst Trainee
25516,data_analyst,junior,Uxbridge,GB,adzuna_uk,30000.0,50000.0,GBP,annual,,40000.0,Trainee Data Analyst
25517,data_analyst,junior,Bromley,GB,adzuna_uk,30000.0,50000.0,GBP,annual,,40000.0,Trainee Data Analyst
25518,data_analyst,unknown,Turnpike Lane,GB,adzuna_uk,28000.0,35000.0,GBP,annual,,31500.0,Business Analyst
25519,data_analyst,unknown,Clapham Junction,GB,adzuna_uk,28000.0,35000.0,GBP,annual,,31500.0,Business Analyst
25520,data_analyst,unknown,Hyde Park,GB,adzuna_uk,28000.0,35000.0,GBP,annual,,31500.0,Business Analyst
25521,other,junior,London,GB,adzuna_uk,61692.21,61692.21,GBP,annual,,61692.21,"Portfolio Associate, Real Estate Debt"
13875,other,junior,Islamabad,PK,chisel_pk,,,PKR,monthly,,,Full Time Web Front End Developer Job in Pakistan
25522,other,unknown,London,GB,adzuna_uk,53721.58,53721.58,GBP,annual,,53721.58,"Portfolio Analyst, Real Estate Debt"
25523,data_analyst,unknown,Deptford,GB,adzuna_uk,28000.0,35000.0,GBP,annual,,31500.0,Business Analyst
25524,data_analyst,unknown,London,GB,adzuna_uk,28000.0,35000.0,GBP,annual,,31500.0,Business Analyst
25525,data_analyst,unknown,East Ham,GB,adzuna_uk,28000.0,35000.0,GBP,annual,,31500.0,Business Analyst
25526,other,unknown,East London,GB,adzuna_uk,79040.0,104000.0,GBP,annual,,91520.0,HR Analyst - London
25527,data_analyst,senior,London,GB,adzuna_uk,51053.8,51053.8,GBP,annual,,51053.8,Senior Data Analyst – PropTech/SaaS Startup
25528,data_analyst,junior,Croydon,GB,adzuna_uk,30000.0,50000.0,GBP,annual,,40000.0,Trainee Data Analyst
25529,other,unknown,London,GB,adzuna_uk,30000.0,35000.0,GBP,annual,,32500.0,Financial Crime Analyst
13876,other,junior,Islamabad,PK,chisel_pk,,,PKR,monthly,,,Full Time Full Stack Web Developer - JAVA Job in Pakistan
25530,data_analyst,unknown,London,GB,adzuna_uk,39729.89,39729.89,GBP,annual,,39729.89,People Data Analyst
25531,analytics_engineer,unknown,London,GB,adzuna_uk,56630.1,56630.1,GBP,annual,,56630.1,"Data Engineer, Fraud"
25532,financial_analyst,unknown,The City,GB,adzuna_uk,41524.11,41524.11,GBP,annual,,41524.11,Finance Analyst
25533,other,senior,Whitechapel,GB,adzuna_uk,47151.98,47151.98,GBP,annual,,47151.98,Senior Analytics Manager - Range Space Price Promotion
25534,other,unknown,Barbican,GB,adzuna_uk,45453.9,45453.9,GBP,annual,,45453.9,Development Analyst
25535,analytics_engineer,unknown,Victoria,GB,adzuna_uk,57955.79,57955.79,GBP,annual,,57955.79,Data Engineer
25536,other,senior,London,GB,adzuna_uk,137902.08,137902.08,GBP,annual,,137902.08,Project Manager - Global Markets IT
25537,data_analyst,unknown,London,GB,adzuna_uk,44228.03,44228.03,GBP,annual,,44228.03,Data Analyst
25538,other,unknown,London,GB,adzuna_uk,43777.13,43777.13,GBP,annual,,43777.13,Games Analyst
25539,other,unknown,London,GB,adzuna_uk,56727.93,56727.93,GBP,annual,,56727.93,"Investment Analyst, Boutique CLO Hedge Fund – London"
25540,data_analyst,unknown,London,GB,adzuna_uk,48699.99,48699.99,GBP,annual,,48699.99,Data Analyst
25541,data_analyst,senior,Bankside,GB,adzuna_uk,61001.33,61001.33,GBP,annual,,61001.33,Senior Data Analyst
25542,other,unknown,West London,GB,adzuna_uk,78268.0,78268.0,GBP,annual,,78268.0,Reward Analyst- Contract role - Inside IR35
25543,financial_analyst,unknown,Chinatown,GB,adzuna_uk,45000.0,50000.0,GBP,annual,,47500.0,Finance Analyst
25544,other,unknown,Enfield,GB,adzuna_uk,52262.27,52262.27,GBP,annual,,52262.27,Teacher of Business Studies – Enfield Independent School
25545,other,senior,London,GB,adzuna_uk,51275.33,51275.33,GBP,annual,,51275.33,"Senior Credit Risk Analyst, Underwriting, Amazon Business Payments, Business Credit Account"
25546,other,unknown,London,GB,adzuna_uk,40000.0,50000.0,GBP,annual,,45000.0,Vendor Licence Analyst
13877,other,junior,Lahore,PK,chisel_pk,,,PKR,monthly,,,Full Time Sales Executive Job in Pakistan
25547,other,unknown,Park Royal,GB,adzuna_uk,32157.53,32157.53,GBP,annual,,32157.53,Accounts Payable Analyst
25548,data_analyst,unknown,The City,GB,adzuna_uk,80000.0,105000.0,GBP,annual,,92500.0,Group CAT Portfolio reporting Analyst
25549,data_analyst,unknown,London,GB,adzuna_uk,61594.86,61594.86,GBP,annual,,61594.86,Data Modeller / GraphQL Developer (Data Governance)
25550,other,unknown,Enfield,GB,adzuna_uk,45211.07,45211.07,GBP,annual,,45211.07,Teacher of Business Studies – Enfield Outstanding School
25551,data_analyst,unknown,London,GB,adzuna_uk,94040.51,94040.51,GBP,annual,,94040.51,Group CAT Portfolio reporting Analyst - Selby Jennings
25552,analytics_engineer,senior,Victoria,GB,adzuna_uk,67315.48,67315.48,GBP,annual,,67315.48,Senior Analytics Engineer
25553,other,senior,Whitechapel,GB,adzuna_uk,31714.06,31714.06,GBP,annual,,31714.06,Lead Analyst - Range Space Price & Promotion
25554,product_analyst,senior,London,GB,adzuna_uk,65000.0,70000.0,GBP,annual,,67500.0,Senior Product Analyst
10893,other,junior,Sahiwal,PK,chisel_pk,,,PKR,monthly,,,Full Time Receptionist Job in Pakistan
25555,data_analyst,unknown,London,GB,adzuna_uk,42846.06,42846.06,GBP,annual,,42846.06,Claims Data Analyst
25556,other,senior,London,GB,adzuna_uk,67260.04,67260.04,GBP,annual,,67260.04,"AVP/VP, Quantitative Strategist, Equities - GIC Private Limited"
25557,other,unknown,London,GB,adzuna_uk,60011.11,60011.11,GBP,annual,,60011.11,Trading Investigator
25558,data_analyst,unknown,Stratford,GB,adzuna_uk,29000.0,35000.0,GBP,annual,,32000.0,Data Analyst
25559,data_analyst,unknown,Thornton Heath,GB,adzuna_uk,29000.0,35000.0,GBP,annual,,32000.0,Data Analyst
25560,data_analyst,unknown,Forest Hill,GB,adzuna_uk,29000.0,35000.0,GBP,annual,,32000.0,Data Analyst
25561,data_analyst,unknown,Tooting,GB,adzuna_uk,29000.0,35000.0,GBP,annual,,32000.0,Data Analyst
25562,data_analyst,unknown,Monument,GB,adzuna_uk,29000.0,35000.0,GBP,annual,,32000.0,Data Analyst
13878,other,junior,Lahore,PK,chisel_pk,,,PKR,monthly,,,Full Time Graphics Designer And Social Media Expert Job in Pakistan
25563,data_analyst,unknown,Covent Garden,GB,adzuna_uk,29000.0,35000.0,GBP,annual,,32000.0,Data Analyst
25564,financial_analyst,unknown,London,GB,adzuna_uk,50000.0,50000.0,GBP,annual,,50000.0,FP&A Analyst
25565,data_analyst,unknown,Liverpool Street,GB,adzuna_uk,50795.97,50795.97,GBP,annual,,50795.97,Finance Business Analyst
25566,data_analyst,senior,London,GB,adzuna_uk,43000.0,50000.0,GBP,annual,,46500.0,Senior Planning & Data Analyst
25567,product_analyst,senior,London,GB,adzuna_uk,65000.0,70000.0,GBP,annual,,67500.0,Senior Product Analyst
25568,other,unknown,London,GB,adzuna_uk,43320.12,43320.12,GBP,annual,,43320.12,2027 Blackstone Private Wealth Summer Analyst (London)
25569,data_analyst,senior,London,GB,adzuna_uk,63471.83,63471.83,GBP,annual,,63471.83,Senior Data Analyst - Marketing
25570,data_analyst,senior,London,GB,adzuna_uk,69092.52,69092.52,GBP,annual,,69092.52,Senior Data Analyst - Content
13879,other,junior,Lahore,PK,chisel_pk,,,PKR,monthly,,,Full Time Python Developer Job in Pakistan
25571,data_analyst,unknown,West London,GB,adzuna_uk,50000.0,50000.0,GBP,annual,,50000.0,Sustainable Procurement Data Analyst
25572,other,senior,London,GB,adzuna_uk,66992.45,66992.45,GBP,annual,,66992.45,"Analytics Manager, Financial Experiences"
25573,data_analyst,unknown,Farringdon,GB,adzuna_uk,45004.92,45004.92,GBP,annual,,45004.92,Data Analyst
25574,data_analyst,unknown,London,GB,adzuna_uk,63432.86,63432.86,GBP,annual,,63432.86,"Digital Solutions Business Analyst, Wealth and Private Credit - Macquarie Group"
25575,data_analyst,unknown,London,GB,adzuna_uk,54771.06,54771.06,GBP,annual,,54771.06,Data Analyst with MMM & Consumption Data
25576,data_analyst,unknown,London,GB,adzuna_uk,65083.07,65083.07,GBP,annual,,65083.07,Business Intelligence Analyst
25577,data_analyst,unknown,London,GB,adzuna_uk,143000.0,162500.0,GBP,annual,,152750.0,Commercial Finance Data Analyst / Commercial Finance Business Partner
25578,other,senior,London,GB,adzuna_uk,50039.56,50039.56,GBP,annual,,50039.56,"Senior Credit Risk Analyst, Underwriting, Amazon Business Payments, Business Credit Account"
25579,other,senior,London,GB,adzuna_uk,51900.53,51900.53,GBP,annual,,51900.53,"Senior Credit Risk Analyst, Underwriting, Amazon Business Payments, Business Credit Account"
25580,data_analyst,senior,London,GB,adzuna_uk,60000.0,75000.0,GBP,annual,,67500.0,Senior Data Analyst - Marketing Science
25581,data_analyst,senior,Farringdon,GB,adzuna_uk,43000.0,50000.0,GBP,annual,,46500.0,Senior Planning & Data Analyst
25582,marketing_analyst,unknown,London,GB,adzuna_uk,67639.17,67639.17,GBP,annual,,67639.17,Digital Analyst (iD App)
25583,other,unknown,London,GB,adzuna_uk,42513.28,42513.28,GBP,annual,,42513.28,"Analyst, Market Regulation"
25584,other,junior,London,GB,adzuna_uk,69960.05,69960.05,GBP,annual,,69960.05,"Quantitative & Risk Analytics - ESG Analytics, Senior Associate - Barings"
25585,data_analyst,unknown,London,GB,adzuna_uk,30000.0,39000.0,GBP,annual,,34500.0,Data Analyst
25586,data_analyst,unknown,London,GB,adzuna_uk,68126.71,68126.71,GBP,annual,,68126.71,Data Analyst
13880,other,junior,Lahore,PK,chisel_pk,,,PKR,monthly,,,Full Time Associate Business Consultant Job in Pakistan
25587,data_analyst,unknown,Farringdon,GB,adzuna_uk,45000.0,60000.0,GBP,annual,,52500.0,Data Analyst
25588,financial_analyst,senior,London,GB,adzuna_uk,84583.88,84583.88,GBP,annual,,84583.88,Senior FP&A Manager
25589,financial_analyst,unknown,London,GB,adzuna_uk,45000.0,50000.0,GBP,annual,,47500.0,Finance Analyst
25590,other,senior,London,GB,adzuna_uk,90320.13,90320.13,GBP,annual,,90320.13,Vice President M&A Advisory
25591,other,senior,London,GB,adzuna_uk,29400.22,29400.22,GBP,annual,,29400.22,Effectiveness Senior Manager (Marketing Science)
25592,data_analyst,unknown,London,GB,adzuna_uk,120900.0,120900.0,GBP,annual,,120900.0,Performance Analyst | Remote | £465 Per Day (Inside IR35)
25593,analytics_engineer,senior,London,GB,adzuna_uk,88486.05,88486.05,GBP,annual,,88486.05,Senior Analytics Engineer
25594,data_analyst,unknown,London,GB,adzuna_uk,117000.0,143000.0,GBP,annual,,130000.0,"Data Insight Analyst, Supply Chain, Logistics"
13881,other,junior,Faisalabad,PK,chisel_pk,,,PKR,monthly,,,Full Time PHP Developers Jobs in Pakistan
25595,financial_analyst,senior,London,GB,adzuna_uk,50560.21,50560.21,GBP,annual,,50560.21,Senior Treasury Analyst
25596,product_analyst,senior,London,GB,adzuna_uk,65000.0,70000.0,GBP,annual,,67500.0,Senior Product Analyst
25597,other,senior,London,GB,adzuna_uk,82199.7,82199.7,GBP,annual,,82199.7,"Head of Total Rewards, People Operations & Technology"
25598,other,senior,London,GB,adzuna_uk,61319.27,61319.27,GBP,annual,,61319.27,Media Insights Manager
25599,data_analyst,unknown,London,GB,adzuna_uk,65793.2,65793.2,GBP,annual,,65793.2,"Tax Data Analyst, Global Tax Services"
25600,data_analyst,unknown,London,GB,adzuna_uk,91313.45,91313.45,GBP,annual,,91313.45,"Tax Data Analyst, Global Tax Services"
25601,other,senior,London,GB,adzuna_uk,58846.52,58846.52,GBP,annual,,58846.52,"Senior Manager, Credit Insights"
25602,other,unknown,London,GB,adzuna_uk,59342.17,59342.17,GBP,annual,,59342.17,Investment Analyst – Legal Funding
13882,other,junior,Lahore,PK,chisel_pk,,,PKR,monthly,,,Full Time PHP/Wordpress Developer Jobs in Pakistan
25603,data_analyst,unknown,South West London,GB,adzuna_uk,47449.66,47449.66,GBP,annual,,47449.66,BI Analyst
25604,data_analyst,senior,Kings Cross,GB,adzuna_uk,49626.14,49626.14,GBP,annual,,49626.14,Senior Data Analyst
25605,other,unknown,London,GB,adzuna_uk,75000.0,80000.0,GBP,annual,,77500.0,Software Engineer (AI)
25606,other,unknown,London,GB,adzuna_uk,35661.15,35661.15,GBP,annual,,35661.15,Programmatic Analyst
25607,other,senior,London,GB,adzuna_uk,62347.73,62347.73,GBP,annual,,62347.73,Senior Analytics Manager (Individual Contributor)
25608,analytics_engineer,unknown,London,GB,adzuna_uk,62365.69,62365.69,GBP,annual,,62365.69,Analytics Engineer
25609,other,senior,London,GB,adzuna_uk,42623.09,42623.09,GBP,annual,,42623.09,Senior Research Analyst
25610,data_analyst,unknown,The City,GB,adzuna_uk,9100.0,120900.0,GBP,annual,,65000.0,Performance Analyst | Remote | £465 Per Day (Inside IR35)
13883,other,unknown,Lahore,PK,chisel_pk,,,PKR,monthly,,,Full Time Graphics Designer Job in Pakistan
25611,data_analyst,unknown,East London,GB,adzuna_uk,35000.0,35000.0,GBP,annual,,35000.0,Data Analyst - Performance
25612,data_analyst,unknown,London,GB,adzuna_uk,40000.0,50000.0,GBP,annual,,45000.0,Data Analyst - Vendor Licensing
25613,data_analyst,unknown,London,GB,adzuna_uk,63934.03,63934.03,GBP,annual,,63934.03,CRM Data Analyst
25614,other,senior,London,GB,adzuna_uk,87000.0,93500.0,GBP,annual,,90250.0,Senior Software Engineer (AI)
25615,analytics_engineer,senior,London,GB,adzuna_uk,70636.37,70636.37,GBP,annual,,70636.37,Senior Analytics Engineer
25616,other,unknown,London,GB,adzuna_uk,57427.29,57427.29,GBP,annual,,57427.29,Market Analyst
25617,other,unknown,London,GB,adzuna_uk,143000.0,169000.0,GBP,annual,,156000.0,Project Portfolio Analyst
25618,data_analyst,senior,St Pancras,GB,adzuna_uk,50482.02,50482.02,GBP,annual,,50482.02,Senior Data Analyst
25619,data_analyst,senior,London,GB,adzuna_uk,64740.31,64740.31,GBP,annual,,64740.31,Senior Data Analyst - Regulatory Reporting
25620,data_analyst,unknown,London,GB,adzuna_uk,68812.13,68812.13,GBP,annual,,68812.13,Business Analyst – Data Governance & Microsoft Purview
25621,data_analyst,unknown,Islington,GB,adzuna_uk,45000.0,55000.0,GBP,annual,,50000.0,Technology Business Analyst
25622,other,unknown,Fenchurch St,GB,adzuna_uk,68003.45,68003.45,GBP,annual,,68003.45,Pricing Analyst
25623,analytics_engineer,senior,London,GB,adzuna_uk,56878.42,56878.42,GBP,annual,,56878.42,"Lead Analytics Engineer, Borrowing"
25624,other,senior,London,GB,adzuna_uk,51642.61,51642.61,GBP,annual,,51642.61,Product Data Science Manager
25625,other,unknown,London,GB,adzuna_uk,47595.91,47595.91,GBP,annual,,47595.91,Payment Operations & Risk Analyst
25626,data_analyst,senior,London,GB,adzuna_uk,68771.2,68771.2,GBP,annual,,68771.2,"Senior Data Analyst, Compliance (12-Month FTC)"
25627,other,senior,London,GB,adzuna_uk,72002.69,72002.69,GBP,annual,,72002.69,Senior Actuarial Analyst
13884,other,mid,Islamabad,PK,chisel_pk,,,PKR,monthly,,,Full Time HR Manager Job in Pakistan
25628,other,senior,London,GB,adzuna_uk,70265.89,70265.89,GBP,annual,,70265.89,Equities Client Billing Product Lead Vice President
25629,analytics_engineer,senior,St Lukes,GB,adzuna_uk,75000.0,80000.0,GBP,annual,,77500.0,Senior Data Engineer
25630,data_scientist,senior,London,GB,adzuna_uk,70000.0,75000.0,GBP,annual,,72500.0,Senior Data Scientist
25631,other,unknown,London,GB,adzuna_uk,45733.84,45733.84,GBP,annual,,45733.84,Development Analyst
25632,statistician,junior,London,GB,adzuna_uk,53790.28,53790.28,GBP,annual,,53790.28,Structured Credit Quantitative Analyst (Entry/Graduate level considered)
25633,other,unknown,London,GB,adzuna_uk,61782.0,61782.0,GBP,annual,,61782.0,Security Operations Specialist
25634,data_analyst,senior,London,GB,adzuna_uk,62026.88,62026.88,GBP,annual,,62026.88,Senior Data Analyst - Regulatory Reporting
25635,analytics_engineer,senior,London,GB,adzuna_uk,46190.09,46190.09,GBP,annual,,46190.09,Senior Analytics Engineer (6 month FTC)
13885,other,mid,Islamabad,PK,chisel_pk,,,PKR,monthly,,,Full Time React Native Developer Female Jobs in Pakistan
25636,other,senior,London,GB,adzuna_uk,116977.95,116977.95,GBP,annual,,116977.95,Quantitative Trading & Research - E-Trading - Executive Director
25637,analytics_engineer,senior,London,GB,adzuna_uk,66482.02,66482.02,GBP,annual,,66482.02,Senior Analytics Engineer
25638,other,unknown,London,GB,adzuna_uk,49329.25,49329.25,GBP,annual,,49329.25,Business Analysis(POP)
25639,financial_analyst,unknown,London,GB,adzuna_uk,50014.89,50014.89,GBP,annual,,50014.89,"Financial Analyst, Amazon Freight EU"
25640,financial_analyst,unknown,London,GB,adzuna_uk,51852.09,51852.09,GBP,annual,,51852.09,"Financial Analyst, Amazon Freight EU"
25641,other,senior,London,GB,adzuna_uk,80000.0,95000.0,GBP,annual,,87500.0,Head of Commercial Analytics and Trading
25642,financial_analyst,unknown,Farringdon,GB,adzuna_uk,41236.0,43406.0,GBP,annual,,42321.0,Finance Analyst
25643,financial_analyst,unknown,The City,GB,adzuna_uk,40000.0,40000.0,GBP,annual,,40000.0,Finance Analyst
13886,other,junior,Karachi,PK,chisel_pk,,,PKR,monthly,,,Full Time Internship Job in Pakistan
13887,other,junior,Karachi,PK,chisel_pk,,,PKR,monthly,,,Online Full Time Assistant Project Manager Job in Pakistan
25644,other,unknown,London,GB,adzuna_uk,44462.7,44462.7,GBP,annual,,44462.7,"Staff Machine Learning Scientist, Financial Crime"
25645,other,senior,London,GB,adzuna_uk,30205.28,30205.28,GBP,annual,,30205.28,Senior Credit Analyst
25646,other,senior,London,GB,adzuna_uk,28953.13,28953.13,GBP,annual,,28953.13,Senior Credit Analyst
25647,other,senior,London,GB,adzuna_uk,69586.7,69586.7,GBP,annual,,69586.7,Senior Institutional Services Automation Quality Control Analyst - UK
25648,data_analyst,senior,London,GB,adzuna_uk,82530.16,82530.16,GBP,annual,,82530.16,Senior Marketing Data Analyst - Marketing Science
25649,other,senior,London,GB,adzuna_uk,60537.07,60537.07,GBP,annual,,60537.07,Head of Analytics - Commercial
25650,analytics_engineer,senior,London,GB,adzuna_uk,67817.83,67817.83,GBP,annual,,67817.83,Senior Data Platform Engineer
25651,other,unknown,London,GB,adzuna_uk,62250.77,62250.77,GBP,annual,,62250.77,Ceded Re Analyst
32681,data_analyst,unknown,Lahore,PK,kaggle_rozee_pk,85000.0,125000.0,PKR,monthly,,105000.0,Reporting Analyst
25652,other,senior,London,GB,adzuna_uk,64000.65,64000.65,GBP,annual,,64000.65,"RBC Brewin Dolphin – Commercial Intelligence Manager, Intermediaries"
25653,analytics_engineer,senior,Farringdon,GB,adzuna_uk,75000.0,80000.0,GBP,annual,,77500.0,Senior Data Engineer
25654,other,senior,London,GB,adzuna_uk,46665.89,46665.89,GBP,annual,,46665.89,"Lead Machine Learning Scientist, FinCrime"
25655,operations_analyst,unknown,London,GB,adzuna_uk,66196.69,66196.69,GBP,annual,,66196.69,"Billing & Revenue Operations Analyst, Parameta Solutions"
25656,other,senior,London,GB,adzuna_uk,28717.52,28717.52,GBP,annual,,28717.52,Analytics Manager
25657,financial_analyst,junior,London,GB,adzuna_uk,105408.8,105408.8,GBP,annual,,105408.8,Associate Director - FP&A
25658,other,junior,Covent Garden,GB,adzuna_uk,29291.46,29291.46,GBP,annual,,29291.46,Graduate Analyst
25659,other,senior,London,GB,adzuna_uk,71878.65,71878.65,GBP,annual,,71878.65,Principal Product Marketing Manager - Contact Centre/CCaaS
13889,other,junior,Islamabad,PK,chisel_pk,,,PKR,monthly,,,Full Time PHP/ Codeigniter Developer Jobs in Pakistan
25660,other,senior,London,GB,adzuna_uk,33164.43,33164.43,GBP,annual,,33164.43,Credit & Commercial Senior Analyst
25661,other,senior,London,GB,adzuna_uk,85950.88,85950.88,GBP,annual,,85950.88,"Vice President, Portfolio Valuation and Fund Advisory (Structured Products) - London"
25662,product_analyst,unknown,London,GB,adzuna_uk,42557.41,42557.41,GBP,annual,,42557.41,Product Analyst
25663,data_analyst,senior,Fenchurch St,GB,adzuna_uk,41566.38,41566.38,GBP,annual,,41566.38,Senior Data Analyst
25664,data_analyst,junior,Fenchurch St,GB,adzuna_uk,41601.36,41601.36,GBP,annual,,41601.36,Associate Data Analyst
25665,analytics_engineer,senior,London,GB,adzuna_uk,68748.51,68748.51,GBP,annual,,68748.51,Senior Analytics Engineer
25666,other,senior,London,GB,adzuna_uk,31864.37,31864.37,GBP,annual,,31864.37,Credit & Commercial Senior Analyst
25667,data_analyst,senior,London,GB,adzuna_uk,42681.5,42681.5,GBP,annual,,42681.5,Senior Supply Chain Business Analyst
13890,other,junior,Islamabad,PK,chisel_pk,,,PKR,monthly,,,Online Full Time Customer Sales Representative - Night Shift Jobs in Pakistan
25668,other,unknown,London,GB,adzuna_uk,29799.59,29799.59,GBP,annual,,29799.59,"Analyst, People Insights"
25669,financial_analyst,senior,London,GB,adzuna_uk,55123.83,55123.83,GBP,annual,,55123.83,"Senior Financial Analyst , UK Customer Fulfilment Finance"
25670,financial_analyst,senior,London,GB,adzuna_uk,76135.84,76135.84,GBP,annual,,76135.84,"Principal Financial Analyst, FP&A"
25671,product_analyst,senior,London,GB,adzuna_uk,72587.07,72587.07,GBP,annual,,72587.07,Senior Product Analyst - FinCrime
25672,financial_analyst,senior,London,GB,adzuna_uk,57188.45,57188.45,GBP,annual,,57188.45,"Senior Financial Analyst , UK Customer Fulfilment Finance"
25673,other,senior,London,GB,adzuna_uk,74351.16,74351.16,GBP,annual,,74351.16,Lead Data & Risk Solution Analyst
25674,data_analyst,unknown,London,GB,adzuna_uk,88466.81,88466.81,GBP,annual,,88466.81,"Staff Data Analyst, Operations"
25675,data_analyst,senior,London,GB,adzuna_uk,81034.05,81034.05,GBP,annual,,81034.05,Lead Data Analyst - Total Service (Operations)
13892,other,junior,Islamabad,PK,chisel_pk,,,PKR,monthly,,,Full Time Drivers - Females Preferred. Job in Pakistan
25676,other,senior,London,GB,adzuna_uk,27135.11,27135.11,GBP,annual,,27135.11,Analytics Senior Executive
25677,other,unknown,London,GB,adzuna_uk,80284.14,80284.14,GBP,annual,,80284.14,Trading Market Risk Advisor - EAME Freight
25678,other,unknown,London,GB,adzuna_uk,84181.36,84181.36,GBP,annual,,84181.36,Trading Market Risk Advisor - EMEA Gas
25679,other,unknown,London,GB,adzuna_uk,84390.83,84390.83,GBP,annual,,84390.83,Trading Market Risk Advisor- EMEA Power
25680,data_analyst,senior,London,GB,adzuna_uk,47886.3,47886.3,GBP,annual,,47886.3,Senior Strategy and Data Analyst
25681,analytics_engineer,senior,London,GB,adzuna_uk,70000.0,100000.0,GBP,annual,,85000.0,Senior Data Engineer - Core systems
25682,other,junior,London,GB,adzuna_uk,84742.95,84742.95,GBP,annual,,84742.95,"Investment Banking Associate, Secondary Advisory"
25683,data_analyst,senior,London,GB,adzuna_uk,45883.99,45883.99,GBP,annual,,45883.99,Senior Strategy and Data Analyst
25684,other,unknown,London,GB,adzuna_uk,51602.43,51602.43,GBP,annual,,51602.43,Portfolio Analyst
25685,other,senior,London,GB,adzuna_uk,71448.9,71448.9,GBP,annual,,71448.9,Principal Product Marketing Manager - Contact Centre/CCaaS
25686,analytics_engineer,unknown,London,GB,adzuna_uk,70166.38,70166.38,GBP,annual,,70166.38,Data Scientist - Applied AI & Data Platforms
25687,product_analyst,senior,London,GB,adzuna_uk,63054.64,63054.64,GBP,annual,,63054.64,Senior Product Analyst
25688,data_scientist,unknown,London,GB,adzuna_uk,40000.0,55000.0,GBP,annual,,47500.0,Data Scientist & Marketing Effectiveness Consultant (MMM)
25689,other,unknown,London,GB,adzuna_uk,48386.35,48386.35,GBP,annual,,48386.35,"Analyst, Healthcare M&A"
25690,data_analyst,senior,London,GB,adzuna_uk,79015.18,79015.18,GBP,annual,,79015.18,Lead Data Analyst - Total Service (Operations)
25691,data_architect,unknown,Brentford,GB,adzuna_uk,52979.32,52979.32,GBP,annual,,52979.32,Solution Architect – Dynamics 365 CE
25692,other,senior,London,GB,adzuna_uk,52278.02,52278.02,GBP,annual,,52278.02,"Senior Credit Risk Manager, Credit Platform"
11165,other,junior,Karachi,PK,chisel_pk,,,PKR,monthly,,,Full Time Sales / Marketing Executive Jobs in Pakistan
25693,data_analyst,unknown,London,GB,adzuna_uk,50344.99,50344.99,GBP,annual,,50344.99,BI Analyst
25694,financial_analyst,senior,London,GB,adzuna_uk,74446.67,74446.67,GBP,annual,,74446.67,Senior FP&A Analyst (Modelling)
25695,other,senior,London,GB,adzuna_uk,21368.56,21368.56,GBP,annual,,21368.56,Data Planning Manager
25696,operations_analyst,unknown,London,GB,adzuna_uk,37171.35,37171.35,GBP,annual,,37171.35,Sales Operations Analyst
25697,other,senior,London,GB,adzuna_uk,72534.96,72534.96,GBP,annual,,72534.96,Head of Marketing Analytics
25698,data_analyst,senior,London,GB,adzuna_uk,50676.6,50676.6,GBP,annual,,50676.6,Senior Business Analyst
25699,other,senior,London,GB,adzuna_uk,86656.98,86656.98,GBP,annual,,86656.98,"Application Support, Charles River Development, Assistant Vice President"
25700,other,senior,London,GB,adzuna_uk,54166.79,54166.79,GBP,annual,,54166.79,"Credit Risk Manager, Portfolio Management"
13893,other,junior,Karachi,PK,chisel_pk,,,PKR,monthly,,,Full Time Business Development Executive Job in Pakistan
25701,other,senior,London,GB,adzuna_uk,119726.88,119726.88,GBP,annual,,119726.88,"Lead Analytics Partner, EMEA (Sales, Marketing & Alternative Investments)"
25702,product_analyst,senior,London,GB,adzuna_uk,61106.66,61106.66,GBP,annual,,61106.66,Senior Product Analyst
25703,other,unknown,London,GB,adzuna_uk,56620.16,56620.16,GBP,annual,,56620.16,Data Analytics Specialist
25704,other,senior,London,GB,adzuna_uk,90000.0,90000.0,GBP,annual,,90000.0,Audit Data Analytics Senior Manager
25705,other,senior,London,GB,adzuna_uk,64012.86,64012.86,GBP,annual,,64012.86,Audit Data Analytics Senior Manager
25706,analytics_engineer,unknown,London,GB,adzuna_uk,154700.0,169000.0,GBP,annual,,161850.0,Data Analytics engineer
25707,other,senior,London,GB,adzuna_uk,81992.07,81992.07,GBP,annual,,81992.07,Director of Data & Analytics
25708,data_analyst,unknown,The City,GB,adzuna_uk,40000.0,50000.0,GBP,annual,,45000.0,Data Analytics Analyst
13895,other,junior,Karachi,PK,chisel_pk,,,PKR,monthly,,,Full Time Wordpress Designer / Developer Job in Pakistan
25709,other,senior,The City,GB,adzuna_uk,100000.0,100000.0,GBP,annual,,100000.0,Data & Analytics Manager
25710,other,senior,London,GB,adzuna_uk,69145.52,69145.52,GBP,annual,,69145.52,Data & Analytics Lead
25711,other,senior,London,GB,adzuna_uk,81517.79,81517.79,GBP,annual,,81517.79,"Director, Data & Analytics"
25712,other,senior,London,GB,adzuna_uk,30905.84,30905.84,GBP,annual,,30905.84,"Data Analytics, Director"
25713,other,unknown,London,GB,adzuna_uk,49429.09,49429.09,GBP,annual,,49429.09,Data & Analytics Specialist
25714,data_architect,senior,London,GB,adzuna_uk,78173.91,78173.91,GBP,annual,,78173.91,Chief of Data Analytics Data Architect
25715,other,senior,London,GB,adzuna_uk,64480.96,64480.96,GBP,annual,,64480.96,Data & Analytics Investment Planning Director - London Stock Exchange Group
25716,other,senior,London,GB,adzuna_uk,95706.16,95706.16,GBP,annual,,95706.16,Head of Data & Analytics Technology
13896,other,junior,Lahore,PK,chisel_pk,,,PKR,monthly,,,Full Time Intern Content Writer & Admin Job in Pakistan
25717,other,senior,Farringdon,GB,adzuna_uk,30000.0,55000.0,GBP,annual,,42500.0,Senior Data Analytics Consultant
25718,other,senior,London,GB,adzuna_uk,68003.05,68003.05,GBP,annual,,68003.05,"Senior Manager, Data Analytics"
25719,other,senior,Blackfriars,GB,adzuna_uk,64927.41,64927.41,GBP,annual,,64927.41,Data Analytics Manager - Transactions
25720,other,senior,London,GB,adzuna_uk,80.0,90.0,GBP,annual,,85.0,SAP Data & Analytics Lead
25721,other,senior,London,GB,adzuna_uk,68396.16,68396.16,GBP,annual,,68396.16,Lead Data Analytics Consultant
25722,other,unknown,London,GB,adzuna_uk,36891.01,36891.01,GBP,annual,,36891.01,FSQRN Data & Analytics Specialist
25723,other,unknown,Farringdon,GB,adzuna_uk,75417.66,75417.66,GBP,annual,,75417.66,Oracle Data & Analytics Consultant
25724,other,senior,London,GB,adzuna_uk,86190.98,86190.98,GBP,annual,,86190.98,"Senior Manager, Data Analytics"
25725,other,junior,London,GB,adzuna_uk,63141.71,63141.71,GBP,annual,,63141.71,Associate Consultant - Data & Analytics
25726,analytics_engineer,senior,Tower Bridge,GB,adzuna_uk,82619.3,82619.3,GBP,annual,,82619.3,Lead Data Analytics Engineer
25727,other,senior,London,GB,adzuna_uk,50598.56,50598.56,GBP,annual,,50598.56,Senior Data Analytics Consultant
25728,analytics_engineer,unknown,Uxbridge,GB,adzuna_uk,68513.27,68513.27,GBP,annual,,68513.27,Marketing Data Analytics Engineer
25729,analytics_engineer,unknown,Uxbridge,GB,adzuna_uk,60483.4,60483.4,GBP,annual,,60483.4,Marketing Data Analytics Engineer
25730,other,senior,London,GB,adzuna_uk,75223.29,75223.29,GBP,annual,,75223.29,Data Analytics Senior Manager
25731,analytics_engineer,unknown,London,GB,adzuna_uk,57256.01,57256.01,GBP,annual,,57256.01,Data Analytics Engineer I
25732,other,senior,London,GB,adzuna_uk,56454.58,56454.58,GBP,annual,,56454.58,"Senior Manager - Risk - Workspace, Data & Analytics - London Stock Exchange Group"
25733,other,senior,London,GB,adzuna_uk,71748.25,71748.25,GBP,annual,,71748.25,"Senior Sales – Climate Risks Data, Analytics & Ratings - Scientific Climate Ratings"
13897,other,senior,Islamabad,PK,chisel_pk,,,PKR,monthly,,,Full Time Senior Front End Developer Job in Pakistan
25734,other,senior,London,GB,adzuna_uk,55000.0,80000.0,GBP,annual,,67500.0,IT Business Solutions Manager - Data & Analytics
25735,other,unknown,London,GB,adzuna_uk,57224.3,57224.3,GBP,annual,,57224.3,"Pricing, Data Analytics & AI - contract"
25736,other,senior,London,GB,adzuna_uk,72857.62,72857.62,GBP,annual,,72857.62,HealthTech Data & Analytics - Senior BDM
25737,other,unknown,London,GB,adzuna_uk,63779.11,63779.11,GBP,annual,,63779.11,"Pricing, Data Analytics & AI - contract"
25738,other,unknown,London,GB,adzuna_uk,47238.8,47238.8,GBP,annual,,47238.8,Customer Success Executive - Data & Analytics
25739,other,senior,London,GB,adzuna_uk,75000.0,90000.0,GBP,annual,,82500.0,Audit Data Analytics Senior Manager
25740,other,senior,The City,GB,adzuna_uk,90000.0,90000.0,GBP,annual,,90000.0,Audit Data Analytics Senior Manager
25741,data_architect,senior,London,GB,adzuna_uk,90000.0,90000.0,GBP,annual,,90000.0,Lead Solution Architect - Data Analytics
13898,other,junior,Lahore,PK,chisel_pk,,,PKR,monthly,,,Full Time IOS Developer Job in Pakistan
25742,other,senior,London,GB,adzuna_uk,62888.23,62888.23,GBP,annual,,62888.23,SAP Data & Analytics Lead (Onsite)
25743,other,junior,Blackfriars,GB,adzuna_uk,74416.57,74416.57,GBP,annual,,74416.57,Data Analytics Associate Director - Transactions
25744,other,senior,London,GB,adzuna_uk,58766.27,58766.27,GBP,annual,,58766.27,Data Investigations Manager (Data & Analytics)
25745,other,senior,London,GB,adzuna_uk,76882.93,76882.93,GBP,annual,,76882.93,SAP Data & Analytics Portfolio Lead
25746,other,senior,London,GB,adzuna_uk,37756.1,37756.1,GBP,annual,,37756.1,Senior Consultant / Consultant - Geospatial and Data Analytics
25747,other,senior,Wimbledon,GB,adzuna_uk,55000.0,80000.0,GBP,annual,,67500.0,IT Business Solutions Manager - Data & Analytics
25748,other,senior,London,GB,adzuna_uk,81314.52,81314.52,GBP,annual,,81314.52,Director - Enterprise Data & Analytics (Energy & Utilities)
25749,other,senior,London,GB,adzuna_uk,69315.99,69315.99,GBP,annual,,69315.99,"Senior Director, Data & Analytics Value Creation"
13899,other,mid,Karachi,PK,chisel_pk,,,PKR,monthly,,,Full Time Telemarketing/Telesales Jobs in Pakistan
25750,other,senior,London,GB,adzuna_uk,109418.35,109418.35,GBP,annual,,109418.35,Principal (Director) - Data Analytics & AI Consulting
25751,other,senior,Farringdon,GB,adzuna_uk,74440.14,74440.14,GBP,annual,,74440.14,"Lead / Principle Data Analytics, Digital Marketing"
25752,other,senior,London,GB,adzuna_uk,54872.18,54872.18,GBP,annual,,54872.18,"Senior Manager - Risk – Workspace, Data & Analytics"
25753,other,junior,London,GB,adzuna_uk,37203.9,37203.9,GBP,annual,,37203.9,Data Analytics Intern - Sony Music Publishing
25754,other,unknown,London,GB,adzuna_uk,45333.16,45333.16,GBP,annual,,45333.16,T Level - Digital Data Analytics - T Level Examiner
25755,other,junior,London,GB,adzuna_uk,62861.72,62861.72,GBP,annual,,62861.72,Consumer Insights & Data Analytics Manager (Graduate)
25756,other,junior,London,GB,adzuna_uk,58030.46,58030.46,GBP,annual,,58030.46,Consumer Insights & Data Analytics Manager (Graduate)
25757,other,senior,London,GB,adzuna_uk,58138.2,58138.2,GBP,annual,,58138.2,Data and Analytics - Asset Management - Sales Lead
13900,data_analyst,unknown,Karachi,PK,chisel_pk,,,PKR,monthly,,,Full Time Business Analyst Jobs in Pakistan
25758,other,unknown,London,GB,adzuna_uk,44412.44,44412.44,GBP,annual,,44412.44,System Data Analytics Specialist (Fraud / Callsign Optimization)
25759,other,senior,London,GB,adzuna_uk,83318.92,83318.92,GBP,annual,,83318.92,CCOR Data Analytics - Product manager - Vice President
25760,other,senior,London,GB,adzuna_uk,54771.69,54771.69,GBP,annual,,54771.69,Senior Data Analytics Consultant (London Nova North)
25761,other,senior,London,GB,adzuna_uk,75487.46,75487.46,GBP,annual,,75487.46,CCOR Data Analytics - Product manager - Vice President
25762,other,unknown,London,GB,adzuna_uk,78255.81,78255.81,GBP,annual,,78255.81,Commercial Strategy & Data Analytics Architect - Morgan McKinley
25763,other,senior,London,GB,adzuna_uk,57763.44,57763.44,GBP,annual,,57763.44,Business Development Director - Public Sector Data Analytics
25764,data_analyst,unknown,London,GB,adzuna_uk,75814.14,75814.14,GBP,annual,,75814.14,"Data Analyst to join their Data, Intelligence & Analytics team"
25765,other,junior,Blackfriars,GB,adzuna_uk,60862.45,60862.45,GBP,annual,,60862.45,Audit Data Analytics Associate Director - Bespoke Analytics Lead
25766,other,senior,London,GB,adzuna_uk,83787.62,83787.62,GBP,annual,,83787.62,Management Consultant: Data Analytics Lead – Managing Principal (Director)
25767,other,unknown,London,GB,adzuna_uk,98385.04,98385.04,GBP,annual,,98385.04,Python Developer - Data & Analytics Team - Options Market Making
25768,other,senior,London,GB,adzuna_uk,90000.0,120000.0,GBP,annual,,105000.0,Senior Enterprise Data and Analytics Manager
25769,other,senior,London,GB,adzuna_uk,65788.93,65788.93,GBP,annual,,65788.93,"Senior Business Intelligence Engineer, EU Retail TCEE Data & Analytics"
25770,other,senior,London,GB,adzuna_uk,66025.2,66025.2,GBP,annual,,66025.2,"Senior Business Intelligence Engineer, EU Retail TCEE Data & Analytics"
25771,other,senior,London,GB,adzuna_uk,42282.65,42282.65,GBP,annual,,42282.65,Data Science & Analytics Lead
25772,data_scientist,senior,London,GB,adzuna_uk,67368.4,67368.4,GBP,annual,,67368.4,"Senior Data Scientist, Analytics"
25773,other,senior,London,GB,adzuna_uk,110000.0,130000.0,GBP,annual,,120000.0,Head of Data & Analytics - Leading Edge - Financial Services (FinTech Start-up)
13901,other,junior,Karachi,PK,chisel_pk,,,PKR,monthly,,,Full Time Software Quality Assurance (SQA) Analyst Jobs in Pakistan
25774,other,unknown,London,GB,adzuna_uk,51873.12,51873.12,GBP,annual,,51873.12,kdb Specialist – Real-Time Data & Analytics Platforms (Dev / Support / BA)
25775,other,senior,London,GB,adzuna_uk,60000.0,80000.0,GBP,annual,,70000.0,Data Platorm Manager
25776,analytics_engineer,unknown,London,GB,adzuna_uk,130000.0,156000.0,GBP,annual,,143000.0,Data Engineer
25777,other,junior,London,GB,adzuna_uk,70000.0,75000.0,GBP,annual,,72500.0,Associate Analytics Consultant
25778,analytics_engineer,junior,London,GB,adzuna_uk,35000.0,44000.0,GBP,annual,,39500.0,Graduate Data Engineer
25779,analytics_engineer,senior,London,GB,adzuna_uk,65000.0,65000.0,GBP,annual,,65000.0,Senior Analytics Engineer - Fabric
25780,data_scientist,senior,London,GB,adzuna_uk,104000.0,130000.0,GBP,annual,,117000.0,Senior Data Scientist
25781,other,unknown,London,GB,adzuna_uk,60000.0,65000.0,GBP,annual,,62500.0,Data Modeller
25782,data_analyst,unknown,London,GB,adzuna_uk,91000.0,104000.0,GBP,annual,,97500.0,Data Analyst
25783,other,unknown,London,GB,adzuna_uk,143000.0,153400.0,GBP,annual,,148200.0,Data & Software Engineer (Contract)
25784,other,senior,London,GB,adzuna_uk,75000.0,85000.0,GBP,annual,,80000.0,Senior Analytics Manager - Pricing & Promotions
25785,other,senior,London,GB,adzuna_uk,160000.0,180000.0,GBP,annual,,170000.0,Product and Growth Analytics Lead
25786,other,senior,London,GB,adzuna_uk,60000.0,80000.0,GBP,annual,,70000.0,Pricing Manager
25787,other,senior,London,GB,adzuna_uk,75000.0,80000.0,GBP,annual,,77500.0,Data Product Manager (Databricks)
25788,data_analyst,unknown,London,GB,adzuna_uk,91000.0,104000.0,GBP,annual,,97500.0,Data Analyst
25789,data_scientist,senior,London,GB,adzuna_uk,60000.0,75000.0,GBP,annual,,67500.0,Senior Data Scientist
25790,other,senior,London,GB,adzuna_uk,65000.0,80000.0,GBP,annual,,72500.0,Risk Pricing Manager
25791,operations_analyst,senior,London,GB,adzuna_uk,50000.0,60000.0,GBP,annual,,55000.0,Lead Business Intelligence Analyst
25792,data_analyst,senior,London,GB,adzuna_uk,110000.0,120000.0,GBP,annual,,115000.0,Head of Health Data Research
25793,other,unknown,London,GB,adzuna_uk,104000.0,117000.0,GBP,annual,,110500.0,Retail Media Analyst
25794,analytics_engineer,senior,London,GB,adzuna_uk,70000.0,85000.0,GBP,annual,,77500.0,Lead Data Engineer
25795,other,senior,London,GB,adzuna_uk,56000.0,56000.0,GBP,annual,,56000.0,Lead BI Analyst - Tableau
25796,product_analyst,senior,London,GB,adzuna_uk,104000.0,130000.0,GBP,annual,,117000.0,Senior Product Analyst
25797,other,senior,London,GB,adzuna_uk,50000.0,60000.0,GBP,annual,,55000.0,Senior Econometrics Consultant
25798,data_analyst,unknown,London,GB,adzuna_uk,91000.0,104000.0,GBP,annual,,97500.0,Data Analyst
25799,other,senior,London,GB,adzuna_uk,160000.0,180000.0,GBP,annual,,170000.0,Growth & Product Analytics Lead
25800,financial_analyst,unknown,London,GB,adzuna_uk,65000.0,70000.0,GBP,annual,,67500.0,FP&A Analyst
25801,analytics_engineer,unknown,London,GB,adzuna_uk,130000.0,143000.0,GBP,annual,,136500.0,Databricks Data Engineer (Contract)
25802,other,senior,London,GB,adzuna_uk,50000.0,60000.0,GBP,annual,,55000.0,Conversion Rate Optimization (CRO) Manager
25803,other,unknown,London,GB,adzuna_uk,156000.0,182000.0,GBP,annual,,169000.0,Data Modeler
25804,analytics_engineer,senior,London,GB,adzuna_uk,80000.0,100000.0,GBP,annual,,90000.0,Senior Data Engineer
25805,other,senior,London,GB,adzuna_uk,78000.0,91000.0,GBP,annual,,84500.0,Ecommerce Growth Manager
25806,product_analyst,senior,London,GB,adzuna_uk,65000.0,70000.0,GBP,annual,,67500.0,Senior Product Analyst
25807,other,senior,London,GB,adzuna_uk,75000.0,85000.0,GBP,annual,,80000.0,Senior AI Product Owner
25808,other,unknown,London,GB,adzuna_uk,143000.0,169000.0,GBP,annual,,156000.0,GCP DevOps Engineer
25809,data_scientist,senior,London,GB,adzuna_uk,130000.0,156000.0,GBP,annual,,143000.0,Senior Data Scientist (Contract)
25810,other,senior,London,GB,adzuna_uk,150000.0,200000.0,GBP,annual,,175000.0,Director of Performance Marketing
25811,other,senior,London,GB,adzuna_uk,50000.0,56000.0,GBP,annual,,53000.0,Lead BI Analyst
25812,data_analyst,unknown,London,GB,adzuna_uk,45000.0,55000.0,GBP,annual,,50000.0,Data Analyst
25813,other,senior,London,GB,adzuna_uk,65000.0,91000.0,GBP,annual,,78000.0,Ecommerce Digital Shelf Optimisation Lead
25814,other,senior,London,GB,adzuna_uk,97500.0,108160.0,GBP,annual,,102830.0,Senior Salesforce Administrator (Service Cloud Expert)
25815,other,unknown,London,GB,adzuna_uk,100000.0,130000.0,GBP,annual,,115000.0,Software Engineer
25816,data_scientist,senior,London,GB,adzuna_uk,65000.0,75000.0,GBP,annual,,70000.0,Senior Data Scientist
25817,other,unknown,London,GB,adzuna_uk,97500.0,107900.0,GBP,annual,,102700.0,Salesforce Administrator (Service Cloud Specialist)
25818,other,unknown,London,GB,adzuna_uk,104000.0,117000.0,GBP,annual,,110500.0,Research & Insights Consultant
25819,other,senior,London,GB,adzuna_uk,78000.0,91000.0,GBP,annual,,84500.0,Digital Shelf & Ecommerce Manager
25820,other,senior,London,GB,adzuna_uk,143000.0,182000.0,GBP,annual,,162500.0,Senior Payroll & Benefits Manager
25821,other,senior,London,GB,adzuna_uk,100000.0,110000.0,GBP,annual,,105000.0,Head of Growth
25822,other,unknown,London,GB,adzuna_uk,180000.0,200000.0,GBP,annual,,190000.0,Software Engineer - Treasury
25823,financial_analyst,unknown,London,GB,adzuna_uk,70000.0,75000.0,GBP,annual,,72500.0,FP&A/Finance Analyst
25824,data_analyst,unknown,London,GB,adzuna_uk,60000.0,80000.0,GBP,annual,,70000.0,Business Analyst
25825,other,junior,London,GB,adzuna_uk,40000.0,45000.0,GBP,annual,,42500.0,Graduate Software Engineer (Full Stack)
25826,other,junior,Blackfriars,GB,adzuna_uk,37912.98,37912.98,GBP,annual,,37912.98,Early Digital Careers Data Analytics (Consulting) Analyst Graduate - London - August 2024
13902,other,junior,Lahore,PK,chisel_pk,,,PKR,monthly,,,Full Time Android Developer Job in Pakistan
25827,other,senior,Farringdon,GB,adzuna_uk,90000.0,120000.0,GBP,annual,,105000.0,Senior Enterprise Data and Analytics Manager
25828,other,unknown,London,GB,adzuna_uk,50000.0,100000.0,GBP,annual,,75000.0,Strategic Account Executive - Data and Analytics
25829,other,junior,London,GB,adzuna_uk,60255.98,60255.98,GBP,annual,,60255.98,Associate Solution Consultant – Data and Analytics
25830,analytics_engineer,senior,London,GB,adzuna_uk,61114.12,61114.12,GBP,annual,,61114.12,Senior Data Engineer - Analytics Engineering
25831,other,senior,London,GB,adzuna_uk,66098.27,66098.27,GBP,annual,,66098.27,"Software Development Lead, Data and Analytics"
25832,other,senior,London,GB,adzuna_uk,41026.6,41026.6,GBP,annual,,41026.6,"Data, BI & Analytics Generalists & Leadership"
25833,other,junior,London,GB,adzuna_uk,70000.0,70000.0,GBP,annual,,70000.0,Associate Credit Risk Consultant
25834,data_analyst,unknown,London,GB,adzuna_uk,50000.0,54000.0,GBP,annual,,52000.0,Data Analyst
13903,other,junior,Islamabad,PK,chisel_pk,,,PKR,monthly,,,Full Time Android Developer Job in Pakistan
25835,other,senior,London,GB,adzuna_uk,110000.0,120000.0,GBP,annual,,115000.0,Head of Partnerships
25836,other,unknown,London,GB,adzuna_uk,40000.0,50000.0,GBP,annual,,45000.0,Retail Media Analyst
25837,other,senior,London,GB,adzuna_uk,40000.0,50000.0,GBP,annual,,45000.0,Senior Customer Analyst
25838,analytics_engineer,senior,London,GB,adzuna_uk,65000.0,75000.0,GBP,annual,,70000.0,Lead Data Engineer (Azure)
25839,other,unknown,London,GB,adzuna_uk,104000.0,117000.0,GBP,annual,,110500.0,Retail Media Analyst (Contract)
25840,analytics_engineer,unknown,London,GB,adzuna_uk,60000.0,70000.0,GBP,annual,,65000.0,Data Engineer
25841,data_scientist,senior,London,GB,adzuna_uk,85000.0,95000.0,GBP,annual,,90000.0,Lead Data Scientist
25842,other,senior,London,GB,adzuna_uk,150000.0,200000.0,GBP,annual,,175000.0,Director of Performance Marketing
25843,other,senior,London,GB,adzuna_uk,65000.0,70000.0,GBP,annual,,67500.0,Pricing Manager - Insurance
25844,other,unknown,London,GB,adzuna_uk,117000.0,117260.0,GBP,annual,,117130.0,Retail Media Analyst
25845,other,senior,London,GB,adzuna_uk,65000.0,80000.0,GBP,annual,,72500.0,Senior Pricing Analyst - 12 month FTC
25846,other,senior,London,GB,adzuna_uk,160000.0,180000.0,GBP,annual,,170000.0,Growth & Product Analytics Lead
25847,data_scientist,senior,London,GB,adzuna_uk,70000.0,75000.0,GBP,annual,,72500.0,Senior Data Scientist
25848,other,unknown,London,GB,adzuna_uk,40000.0,50000.0,GBP,annual,,45000.0,Retail Media Analyst
25849,data_analyst,senior,London,GB,adzuna_uk,60000.0,75000.0,GBP,annual,,67500.0,Senior Data Analyst - Marketing Science
25850,analytics_engineer,junior,London,GB,adzuna_uk,35000.0,45000.0,GBP,annual,,40000.0,Junior Data Engineer
25851,other,senior,London,GB,adzuna_uk,65000.0,75000.0,GBP,annual,,70000.0,Dataops Manager
25852,data_scientist,unknown,London,GB,adzuna_uk,50000.0,60000.0,GBP,annual,,55000.0,Data Scientist
25853,other,unknown,London,GB,adzuna_uk,55000.0,60000.0,GBP,annual,,57500.0,Marketing Mixed Modelling Consultant
25854,other,senior,London,GB,adzuna_uk,70000.0,80000.0,GBP,annual,,75000.0,Product Manager
25855,data_analyst,senior,London,GB,adzuna_uk,130000.0,130000.0,GBP,annual,,130000.0,Senior Product Data Scientist/ Product Data Analyst
25856,other,senior,London,GB,adzuna_uk,90000.0,150000.0,GBP,annual,,120000.0,Head of Analytics (FS)
25857,other,unknown,London,GB,adzuna_uk,55000.0,60000.0,GBP,annual,,57500.0,Marketing Mixed Modelling (MMM) Consultant
25858,marketing_analyst,unknown,London,GB,adzuna_uk,70000.0,80000.0,GBP,annual,,75000.0,Growth Analyst
25859,data_scientist,unknown,London,GB,adzuna_uk,104000.0,117000.0,GBP,annual,,110500.0,Data Scientist
25860,product_analyst,unknown,London,GB,adzuna_uk,130000.0,130000.0,GBP,annual,,130000.0,Product Analyst (Contract)
25861,data_analyst,senior,London,GB,adzuna_uk,104000.0,130000.0,GBP,annual,,117000.0,Senior Product Data Scientist / Product Data Analyst
25862,other,unknown,London,GB,adzuna_uk,104000.0,117000.0,GBP,annual,,110500.0,Retail Media Analyst (Contract)
25863,other,senior,London,GB,adzuna_uk,120000.0,130000.0,GBP,annual,,125000.0,Head of Engineering
25864,other,unknown,London,GB,adzuna_uk,104000.0,117000.0,GBP,annual,,110500.0,Research Consultant/ Insights Consultant
25865,other,unknown,London,GB,adzuna_uk,50000.0,60000.0,GBP,annual,,55000.0,Marketing Effectiveness Consultant
25866,data_scientist,unknown,London,GB,adzuna_uk,75000.0,85000.0,GBP,annual,,80000.0,AI Engineer
25867,product_analyst,senior,London,GB,adzuna_uk,65000.0,70000.0,GBP,annual,,67500.0,Senior Product Analyst
25868,other,senior,London,GB,adzuna_uk,80000.0,95000.0,GBP,annual,,87500.0,Senior Machine Learning Scientist
25869,other,senior,London,GB,adzuna_uk,65000.0,70000.0,GBP,annual,,67500.0,Lead Analyst
25870,other,senior,London,GB,adzuna_uk,55000.0,65000.0,GBP,annual,,60000.0,Senior Account Director
25871,operations_analyst,unknown,London,GB,adzuna_uk,50000.0,70000.0,GBP,annual,,60000.0,Credit Operations Analyst
25872,other,senior,London,GB,adzuna_uk,150000.0,200000.0,GBP,annual,,175000.0,Director of Performance Marketing
25873,data_scientist,unknown,London,GB,adzuna_uk,45000.0,46000.0,GBP,annual,,45500.0,Data Scientist - MMM
25874,data_scientist,unknown,London,GB,adzuna_uk,104000.0,104000.0,GBP,annual,,104000.0,Data Scientist
25875,other,unknown,London,GB,adzuna_uk,65000.0,65000.0,GBP,annual,,65000.0,Data Modeller
25876,other,junior,London,GB,adzuna_uk,30000.0,40000.0,GBP,annual,,35000.0,Junior Software Engineer
25877,other,senior,London,GB,adzuna_uk,100000.0,120000.0,GBP,annual,,110000.0,Head of Partnerships - Healthcare
25878,other,senior,London,GB,adzuna_uk,120000.0,140000.0,GBP,annual,,130000.0,Head of Commercial Analytics
25879,product_analyst,senior,London,GB,adzuna_uk,65000.0,70000.0,GBP,annual,,67500.0,Senior Product Analyst
25880,other,senior,London,GB,adzuna_uk,80000.0,90000.0,GBP,annual,,85000.0,Senior AI Product Owner
25881,other,senior,London,GB,adzuna_uk,75000.0,90000.0,GBP,annual,,82500.0,Senior AI Product Owner
25882,product_analyst,senior,London,GB,adzuna_uk,65000.0,70000.0,GBP,annual,,67500.0,Senior Product Analyst
25883,other,senior,London,GB,adzuna_uk,80000.0,85000.0,GBP,annual,,82500.0,Senior AI Product Owner
25884,other,senior,London,GB,adzuna_uk,100000.0,180000.0,GBP,annual,,140000.0,Growth and Product Analytics Lead
25885,financial_analyst,unknown,London,GB,adzuna_uk,70000.0,75000.0,GBP,annual,,72500.0,FP&A Analyst
25886,data_scientist,senior,London,GB,adzuna_uk,60000.0,75000.0,GBP,annual,,67500.0,Senior Data Scientist
25887,other,senior,London,GB,adzuna_uk,75000.0,90000.0,GBP,annual,,82500.0,Senior AI Product Owner
25888,other,senior,London,GB,adzuna_uk,50000.0,60000.0,GBP,annual,,55000.0,Senior Econometrician
25889,other,unknown,London,GB,adzuna_uk,104000.0,117000.0,GBP,annual,,110500.0,Research and Insights Consultant (Contract)
25890,other,senior,London,GB,adzuna_uk,130000.0,143000.0,GBP,annual,,136500.0,Senior Pay Roll and Benefits Manager
25891,data_scientist,senior,London,GB,adzuna_uk,70000.0,90000.0,GBP,annual,,80000.0,Senior Data Scientist
25892,other,senior,London,GB,adzuna_uk,50000.0,60000.0,GBP,annual,,55000.0,Senior Manager - Paid Media
25893,other,unknown,London,GB,adzuna_uk,104000.0,117000.0,GBP,annual,,110500.0,Research & Insights Consultant
25894,other,senior,London,GB,adzuna_uk,80000.0,90000.0,GBP,annual,,85000.0,Pricing Lead
25895,data_scientist,unknown,London,GB,adzuna_uk,80000.0,85000.0,GBP,annual,,82500.0,AI Engineer
25896,analytics_engineer,senior,London,GB,adzuna_uk,70000.0,85000.0,GBP,annual,,77500.0,Lead Data Engineer
25897,data_analyst,unknown,London,GB,adzuna_uk,52676.13,52676.13,GBP,annual,,52676.13,Business analyst – Market data and analytics - CRISIL
25898,other,senior,London,GB,adzuna_uk,88742.62,88742.62,GBP,annual,,88742.62,"Senior Manager, Product Data Science & Analytics"
13904,other,junior,Lahore,PK,chisel_pk,,,PKR,monthly,,,Full Time Senior PHP Developer Jobs in Pakistan
25899,data_scientist,unknown,London,GB,adzuna_uk,65704.16,65704.16,GBP,annual,,65704.16,"Data Scientist, Marketing Analytics"
25900,other,senior,London,GB,adzuna_uk,69306.08,69306.08,GBP,annual,,69306.08,Data Lead - Commercial Analytics
25901,other,senior,London,GB,adzuna_uk,70360.58,70360.58,GBP,annual,,70360.58,"Engineering Manager - Data and Analytics, Network Flow and Technologies"
25902,other,senior,London,GB,adzuna_uk,208000.0,338000.0,GBP,annual,,273000.0,Chief Data Officer /Chief Analytical Officer
25903,other,senior,London,GB,adzuna_uk,61390.31,61390.31,GBP,annual,,61390.31,Data and Analytics – Front Office Solutions Sales – Vice President
25904,other,senior,London,GB,adzuna_uk,44310.39,44310.39,GBP,annual,,44310.39,"Director, Data Science (Marketing Analytics)"
25905,data_scientist,senior,London,GB,adzuna_uk,53387.77,53387.77,GBP,annual,,53387.77,Senior Data Scientist - Product Analytics
25906,data_analyst,senior,London,GB,adzuna_uk,72294.08,72294.08,GBP,annual,,72294.08,Senior Data Analyst - CRM Analytics
13905,other,junior,Mirpur,PK,chisel_pk,,,PKR,monthly,,,Full Time Web Developer/ SEO Specialist/ Digital Marketing Expert Job in Pakistan
25907,other,unknown,Chiswick,GB,adzuna_uk,49343.65,49343.65,GBP,annual,,49343.65,CX) Business Analytics & Data Automation Specialist
25908,analytics_engineer,unknown,London,GB,adzuna_uk,73190.5,73190.5,GBP,annual,,73190.5,Data Engineer-Advanced Analytics - eSC or eDV Clearance Required
25909,data_analyst,unknown,London,GB,adzuna_uk,43971.0,59768.0,GBP,annual,,51869.5,HR Data Analyst (Workforce Reporting & Analytics)
25910,data_scientist,senior,London,GB,adzuna_uk,51979.59,51979.59,GBP,annual,,51979.59,"Senior Manager, Data Scientist for People Analytics"
25911,data_scientist,senior,Soho,GB,adzuna_uk,105000.0,120000.0,GBP,annual,,112500.0,"Senior Data Scientist, Graph Risk Analytics"
25912,other,senior,Blackfriars,GB,adzuna_uk,89244.72,89244.72,GBP,annual,,89244.72,"Senior Vice President, Pricing/Data/Deal Modelling & Analytics Manager"
25913,other,unknown,South East London,GB,adzuna_uk,36429.62,36429.62,GBP,annual,,36429.62,B2B Deployment Executive
25914,other,unknown,Waterloo,GB,adzuna_uk,40000.0,40000.0,GBP,annual,,40000.0,Marketing & Digital Analytics Recruitment Consultant
25915,analytics_engineer,unknown,London,GB,adzuna_uk,88696.26,88696.26,GBP,annual,,88696.26,Analytics Engineer – Capital Markets Data
25916,data_scientist,senior,London,GB,adzuna_uk,66466.48,66466.48,GBP,annual,,66466.48,"Senior Data Scientist | Product Marketing, Growth Analytics"
25917,other,senior,South East London,GB,adzuna_uk,70011.31,70011.31,GBP,annual,,70011.31,Account Technology Senior Director
25918,other,senior,Isleworth,GB,adzuna_uk,54532.41,54532.41,GBP,annual,,54532.41,Insight and Measurement Manager
25919,other,senior,Isleworth,GB,adzuna_uk,57403.8,57403.8,GBP,annual,,57403.8,Senior Procurement Manager - Procurement Intelligence
25920,other,junior,London,GB,adzuna_uk,79138.93,79138.93,GBP,annual,,79138.93,Tech & Services | Investment Banking Associate | London - Selby Jennings
25921,other,senior,South East London,GB,adzuna_uk,80000.0,80000.0,GBP,annual,,80000.0,Senior IT Auditor AVP Level
25922,other,senior,South East London,GB,adzuna_uk,54866.16,54866.16,GBP,annual,,54866.16,Tax Technology Manager
25923,data_analyst,unknown,London,GB,adzuna_uk,50305.78,50305.78,GBP,annual,,50305.78,"Worldwide Specialist Solutions Architect – Analytics, Messaging Services, Data & AI GTM"
25924,data_analyst,unknown,London,GB,adzuna_uk,55715.24,55715.24,GBP,annual,,55715.24,"Worldwide Specialist Solutions Architect – Analytics, Messaging Services, Data & AI GTM"
25925,data_analyst,unknown,London,GB,adzuna_uk,53853.67,53853.67,GBP,annual,,53853.67,"Worldwide Specialist Solutions Architect - Analytics, Messaging Services, Data & AI GTM"
25926,other,senior,Tower Bridge,GB,adzuna_uk,50000.0,50000.0,GBP,annual,,50000.0,Senior Sustainability Analyst
25927,other,senior,London,GB,adzuna_uk,78642.15,78642.15,GBP,annual,,78642.15,Group Head of Recoveries / Subrogation
25928,data_analyst,unknown,London,GB,adzuna_uk,85000.0,100000.0,GBP,annual,,92500.0,Data & AI Architect
25929,other,senior,London,GB,adzuna_uk,52298.26,52298.26,GBP,annual,,52298.26,Desk-Aligned Engineer (Commodities)- Market-Leading Global Hedge Fund
25930,data_analyst,senior,Farringdon,GB,adzuna_uk,162500.0,169000.0,GBP,annual,,165750.0,Chief/Staff Data Governance Manager
25931,other,senior,South East London,GB,adzuna_uk,55663.46,55663.46,GBP,annual,,55663.46,Global Real Estate Support Planning Lead
25932,other,senior,South East London,GB,adzuna_uk,59346.42,59346.42,GBP,annual,,59346.42,Client Success Director (AI)
25933,analytics_engineer,unknown,London,GB,adzuna_uk,50000.0,60000.0,GBP,annual,,55000.0,Data Engineer – UK Health
25934,other,unknown,Charing Cross,GB,adzuna_uk,45000.0,45000.0,GBP,annual,,45000.0,Construction Repair Analyst
25935,other,senior,London,GB,adzuna_uk,133900.0,158600.0,GBP,annual,,146250.0,Senior Catastrophe Modelling Analyst
25936,data_analyst,senior,London,GB,adzuna_uk,48177.81,48177.81,GBP,annual,,48177.81,Senior Data Analyst
25937,data_architect,junior,London,GB,adzuna_uk,98688.76,98688.76,GBP,annual,,98688.76,"Associate Director - Data Architect- London, Bristol, Cardiff, Birmingham, Leeds, Manchester, Newcastle, Glasgow, Edinburgh"
25938,other,junior,London,GB,adzuna_uk,83383.23,83383.23,GBP,annual,,83383.23,Sr Manager/Associate Director - Analytics Consulting (Pharma & Life sciences)
25939,other,senior,South East London,GB,adzuna_uk,53192.46,53192.46,GBP,annual,,53192.46,Lead Technology Auditor
25940,other,unknown,London,GB,adzuna_uk,55382.13,55382.13,GBP,annual,,55382.13,Quant Developer (Python/R) - Equity Models- Global Hedge Fund
25941,other,senior,St Paul'S,GB,adzuna_uk,95000.0,95000.0,GBP,annual,,95000.0,Senior Customer Lifecycle Manager
25942,data_scientist,senior,Isleworth,GB,adzuna_uk,62152.0,62152.0,GBP,annual,,62152.0,Principal ML Engineer | Sports AI & Computer Vision
25943,other,unknown,London,GB,adzuna_uk,143000.0,156000.0,GBP,annual,,149500.0,SC Cleared Technical Architect - (SAS Viya)
25944,other,unknown,London,GB,adzuna_uk,36468.56,36468.56,GBP,annual,,36468.56,B2B Deployment Executive
25945,other,unknown,London,GB,adzuna_uk,49061.83,49061.83,GBP,annual,,49061.83,Sales Specialist - Data & Feeds - London Stock Exchange Group
25946,other,senior,London,GB,adzuna_uk,63684.71,63684.71,GBP,annual,,63684.71,Senior Client Partner
25947,data_analyst,unknown,London,GB,adzuna_uk,48310.73,48310.73,GBP,annual,,48310.73,Data Analyst
25948,other,unknown,Bishopsgate,GB,adzuna_uk,234000.0,286000.0,GBP,annual,,260000.0,C# Quant Developer | Real-Time Market Data | Investment Bank
25949,other,senior,London,GB,adzuna_uk,96059.31,96059.31,GBP,annual,,96059.31,Senior Reporting and Analytics Lead - Selby Jennings
25950,data_analyst,unknown,London,GB,adzuna_uk,45972.38,45972.38,GBP,annual,,45972.38,Data Analyst
25951,other,unknown,London,GB,adzuna_uk,67964.61,67964.61,GBP,annual,,67964.61,Financial Solutions - Insurance Sales Specialist - Specialist Sales - London
25952,data_analyst,senior,London,GB,adzuna_uk,49139.61,49139.61,GBP,annual,,49139.61,Senior Data & AI Analyst
25953,data_analyst,senior,London,GB,adzuna_uk,45000.0,55000.0,GBP,annual,,50000.0,Senior Data Analyst
25954,data_analyst,unknown,London,GB,adzuna_uk,53957.82,53957.82,GBP,annual,,53957.82,Data Analyst
13906,other,mid,Islamabad,PK,chisel_pk,,,PKR,monthly,,,Full Time Android Developers (Only 3-5 Years Experience) Jobs in Pakistan
25955,other,unknown,London,GB,adzuna_uk,51087.89,51087.89,GBP,annual,,51087.89,Start Up Hiring Quant Developer / C++/ Python
25956,other,unknown,London,GB,adzuna_uk,63894.47,63894.47,GBP,annual,,63894.47,C/C++ Software Engineer - Core Dev- Global Quant Firm
25957,data_analyst,junior,London,GB,adzuna_uk,24000.0,25000.0,GBP,annual,,24500.0,Data Analyst Intern - Financial Markets
25958,other,senior,London,GB,adzuna_uk,67852.89,67852.89,GBP,annual,,67852.89,Account Director - Public Sector
25959,other,unknown,Monument,GB,adzuna_uk,75000.0,95000.0,GBP,annual,,85000.0,.NET Developer
25960,other,senior,The City,GB,adzuna_uk,70244.25,70244.25,GBP,annual,,70244.25,Actuarial Manager - Life Insurance Transformation
25961,analytics_engineer,unknown,London,GB,adzuna_uk,40000.0,60000.0,GBP,annual,,50000.0,Data Engineer (Azure)
25962,other,unknown,London,GB,adzuna_uk,30000.0,40000.0,GBP,annual,,35000.0,Marketing & Digital Analytics Recruitment Consultant
11673,other,junior,Lahore,PK,chisel_pk,,,PKR,monthly,,,Full Time Mechanical Fabricator Job in Pakistan
25963,other,unknown,South East London,GB,adzuna_uk,40000.0,40000.0,GBP,annual,,40000.0,Marketing & Digital Analytics Recruitment Consultant
25964,other,senior,London,GB,adzuna_uk,73230.58,73230.58,GBP,annual,,73230.58,Senior Manager - Risk - Analytics & Commercial AI - London Stock Exchange Group
25965,other,senior,Charing Cross,GB,adzuna_uk,60000.0,60000.0,GBP,annual,,60000.0,Project Manager
25966,other,junior,London,GB,adzuna_uk,66254.28,66254.28,GBP,annual,,66254.28,Internal Audit Manager - Technology and Cyber Risk - Macquarie Group
25967,other,unknown,London,GB,adzuna_uk,39209.39,39209.39,GBP,annual,,39209.39,Audit Specialist - COO & Technology - Quilter
25968,other,unknown,London,GB,adzuna_uk,75000.0,95000.0,GBP,annual,,85000.0,.NET Developer
25969,other,junior,London,GB,adzuna_uk,63872.36,63872.36,GBP,annual,,63872.36,IT Infrastructure & Systems Internal Auditor
25970,other,senior,London,GB,adzuna_uk,71760.84,71760.84,GBP,annual,,71760.84,Supplier Insight Manager - Supplier collaboration team
13907,other,junior,Islamabad,PK,chisel_pk,,,PKR,monthly,,,Full Time Apps Graphics Designer Jobs in Pakistan
25971,other,unknown,London,GB,adzuna_uk,34257.99,34257.99,GBP,annual,,34257.99,Construction Cost Analyst
25972,other,junior,London,GB,adzuna_uk,54760.82,54760.82,GBP,annual,,54760.82,Join our Associate Network
25973,other,unknown,London,GB,adzuna_uk,67488.33,67488.33,GBP,annual,,67488.33,Fabric Engineer (Microsoft)
25974,analytics_engineer,senior,Uxbridge,GB,adzuna_uk,69000.0,72000.0,GBP,annual,,70500.0,Senior Data Engineer (Databricks)
25975,other,senior,London,GB,adzuna_uk,102908.79,102908.79,GBP,annual,,102908.79,Sales Director
25976,other,unknown,London,GB,adzuna_uk,48250.92,48250.92,GBP,annual,,48250.92,Salesforce Administrator
25977,data_analyst,unknown,London,GB,adzuna_uk,45181.41,45181.41,GBP,annual,,45181.41,Data Analyst
25978,data_scientist,senior,London,GB,adzuna_uk,68899.99,68899.99,GBP,annual,,68899.99,Senior Data Scientist - F500 Expert
25979,other,senior,The City,GB,adzuna_uk,70000.0,120000.0,GBP,annual,,95000.0,Reporting Delivery Practice Lead Bank
25980,data_analyst,senior,The City,GB,adzuna_uk,80000.0,130000.0,GBP,annual,,105000.0,Data Reporting Delivery Practice Lead
25981,other,senior,London,GB,adzuna_uk,70000.0,130000.0,GBP,annual,,100000.0,Reporting Delivery Practice Lead Bank
25982,other,senior,London,GB,adzuna_uk,48103.89,48103.89,GBP,annual,,48103.89,Service Reporting Manager
25983,other,mid,London,GB,adzuna_uk,47690.46,47690.46,GBP,annual,,47690.46,Mid-level Python developer
25984,other,senior,London,GB,adzuna_uk,72230.34,72230.34,GBP,annual,,72230.34,"Vice President, Decision Intelligence"
25985,other,senior,London,GB,adzuna_uk,87618.78,87618.78,GBP,annual,,87618.78,Payments - AI Transformation Project Manager - Vice President - London
25986,other,senior,London,GB,adzuna_uk,87543.2,87543.2,GBP,annual,,87543.2,Payments - AI Transformation Project Manager - Vice President - London
25987,data_analyst,unknown,London,GB,adzuna_uk,130000.0,156000.0,GBP,annual,,143000.0,Data & AI Project manager
13908,other,junior,Rawalpindi,PK,chisel_pk,,,PKR,monthly,,,Online Full Time Hiring - Supervisor Job in Pakistan
25988,analytics_engineer,unknown,London,GB,adzuna_uk,46867.03,46867.03,GBP,annual,,46867.03,Data Engineer - AI Coding Expert
25989,analytics_engineer,unknown,London,GB,adzuna_uk,45932.93,45932.93,GBP,annual,,45932.93,Data Engineering Specialist - Fully Remote
25990,analytics_engineer,unknown,London,GB,adzuna_uk,51041.73,51041.73,GBP,annual,,51041.73,Data Engineer - AI Model Evaluation
25991,other,unknown,London,GB,adzuna_uk,42096.04,42096.04,GBP,annual,,42096.04,Financial Crime Analytics Consultant - Transaction Monitoring and Fraud
25992,other,senior,The City,GB,adzuna_uk,60663.86,60663.86,GBP,annual,,60663.86,Portfolio Energy Manager
25993,other,senior,Uxbridge,GB,adzuna_uk,111073.41,111073.41,GBP,annual,,111073.41,"Director, SAP BDC, BTP, Reporting & Analytics"
25994,other,senior,London,GB,adzuna_uk,75000.0,85000.0,GBP,annual,,80000.0,Technology Manager
25995,data_analyst,unknown,Waterloo,GB,adzuna_uk,34741.57,34741.57,GBP,annual,,34741.57,Data Analyst
13909,other,junior,Islamabad,PK,chisel_pk,,,PKR,monthly,,,Full Time Content Writer (Office Based Job) Jobs in Pakistan
25996,analytics_engineer,senior,Liverpool Street,GB,adzuna_uk,69000.0,72000.0,GBP,annual,,70500.0,Senior Data Engineer (Databricks)
25997,other,senior,South West London,GB,adzuna_uk,221000.0,247000.0,GBP,annual,,234000.0,Programme Manager
25998,other,unknown,London,GB,adzuna_uk,72345.53,72345.53,GBP,annual,,72345.53,Enterprise Data Science Specialist
25999,other,unknown,London,GB,adzuna_uk,65075.62,65075.62,GBP,annual,,65075.62,Data Science Expert - Fully Remote
26000,other,unknown,London,GB,adzuna_uk,50050.43,50050.43,GBP,annual,,50050.43,Business Development Representative - DACH
26001,other,senior,London,GB,adzuna_uk,96317.45,96317.45,GBP,annual,,96317.45,Payments - AI Transformation Program Director - Executive Director - London
26002,other,senior,London,GB,adzuna_uk,72506.61,72506.61,GBP,annual,,72506.61,ICB Data Control Manager
26003,other,senior,London,GB,adzuna_uk,63863.34,63863.34,GBP,annual,,63863.34,Senior Technology Consultant
13910,other,junior,Karachi,PK,chisel_pk,,,PKR,monthly,,,"Full Time Graphic Designer - Website Layouts, Social Media Pages & Logo Design Jobs in Pakistan"
26004,data_analyst,unknown,Farringdon,GB,adzuna_uk,78000.0,104000.0,GBP,annual,,91000.0,Data Analyst
26005,other,senior,London,GB,adzuna_uk,110518.37,110518.37,GBP,annual,,110518.37,Liquidity & Account Solutions - Analytics & AI Enablement - Vice President
26006,other,senior,Uxbridge,GB,adzuna_uk,100741.03,100741.03,GBP,annual,,100741.03,"Director, SAP BDC, BTP, Reporting & Analytics"
26007,data_architect,unknown,London,GB,adzuna_uk,96691.84,96691.84,GBP,annual,,96691.84,Data Architect
26008,other,senior,Farringdon,GB,adzuna_uk,130000.0,143000.0,GBP,annual,,136500.0,Engineering Manager
26009,other,senior,London,GB,adzuna_uk,51247.95,51247.95,GBP,annual,,51247.95,Product Manager
26010,analytics_engineer,unknown,South Bank,GB,adzuna_uk,65694.2,65694.2,GBP,annual,,65694.2,Engineering Manager - Data Platform
26011,other,unknown,London,GB,adzuna_uk,52918.32,52918.32,GBP,annual,,52918.32,Reporting Specialist Energy Metering & KPIs
13911,other,junior,Karachi,PK,chisel_pk,,,PKR,monthly,,,Full Time Experienced Wordpres And PHP Developer Jobs in Pakistan
26012,other,unknown,Farringdon,GB,adzuna_uk,37391.96,37391.96,GBP,annual,,37391.96,B2B Deployment Executive
26013,other,unknown,London,GB,adzuna_uk,49283.4,49283.4,GBP,annual,,49283.4,Audit Analytics Specialist
26014,other,senior,The City,GB,adzuna_uk,80000.0,95000.0,GBP,annual,,87500.0,Enterprise Risk Manager
26015,other,senior,London,GB,adzuna_uk,85988.19,85988.19,GBP,annual,,85988.19,Head of Prudential Reporting & Governance - eFinancialCareers
26016,data_analyst,junior,London,GB,adzuna_uk,24000.0,25000.0,GBP,annual,,24500.0,Data Analyst Intern - Financial Markets
26017,other,senior,Central London,GB,adzuna_uk,80000.0,80000.0,GBP,annual,,80000.0,HR Data & Insights Lead
26018,other,unknown,London,GB,adzuna_uk,60011.11,60011.11,GBP,annual,,60011.11,Trading Investigator
26019,other,senior,London,GB,adzuna_uk,80212.05,80212.05,GBP,annual,,80212.05,Senior Engagement / Strategic Account Manager
13912,other,junior,Karachi,PK,chisel_pk,,,PKR,monthly,,,Online Full Time Sales And Marketing Executive Jobs in Pakistan
26020,other,junior,London,GB,adzuna_uk,97149.19,97149.19,GBP,annual,,97149.19,"Assistant / Associate Director Workflow Specialist - Financial Crime, KYC & Data Solutions"
26021,other,junior,London,GB,adzuna_uk,98282.82,98282.82,GBP,annual,,98282.82,"Associate Director - Relationship Manager, Government"
26022,other,junior,London,GB,adzuna_uk,52281.71,52281.71,GBP,annual,,52281.71,"Cybersecurity, Senior Associate"
26023,data_analyst,senior,The City,GB,adzuna_uk,90219.92,90219.92,GBP,annual,,90219.92,Associate Director Data & AI Architect
26024,analytics_engineer,unknown,London,GB,adzuna_uk,130000.0,143000.0,GBP,annual,,136500.0,Data Engineer
26025,analytics_engineer,unknown,London,GB,adzuna_uk,60921.11,60921.11,GBP,annual,,60921.11,Security Analytics Engineer
26026,other,unknown,London,GB,adzuna_uk,57172.8,57172.8,GBP,annual,,57172.8,Sales Engineer
26027,other,junior,Fleet Street,GB,adzuna_uk,57136.12,57136.12,GBP,annual,,57136.12,Graduate Recruitment Delivery Consultant
13913,other,junior,Islamabad,PK,chisel_pk,,,PKR,monthly,,,Full Time Codeigniter Developer - PHP Jobs in Pakistan
26028,operations_analyst,unknown,London,GB,adzuna_uk,55676.68,55676.68,GBP,annual,,55676.68,Marketing Analytics & Business Intelligence Analyst
26029,other,unknown,London,GB,adzuna_uk,49359.75,49359.75,GBP,annual,,49359.75,Audit Analytics Specialist
26030,data_analyst,senior,London,GB,adzuna_uk,71873.09,71873.09,GBP,annual,,71873.09,Data & AI Associate Director
26031,other,senior,London,GB,adzuna_uk,77894.39,77894.39,GBP,annual,,77894.39,Head of Business Performance & Insights - NatWest Group
26032,data_scientist,junior,London,GB,adzuna_uk,25000.0,28000.0,GBP,annual,,26500.0,Graduate Data Scientist / Junior Analyst
26033,other,senior,London,GB,adzuna_uk,34050.61,34050.61,GBP,annual,,34050.61,Data Planning Director
26034,other,senior,London,GB,adzuna_uk,87181.85,87181.85,GBP,annual,,87181.85,VP - Strategic Alliances & Ecosystem
26035,other,senior,North West London,GB,adzuna_uk,85507.84,85507.84,GBP,annual,,85507.84,"Head of Data, Insight & Automation"
13914,other,junior,Islamabad,PK,chisel_pk,,,PKR,monthly,,,Full Time DAE ( Mechanical / Electrical) Jobs in Pakistan
26036,marketing_analyst,senior,London,GB,adzuna_uk,79916.55,79916.55,GBP,annual,,79916.55,"Senior Director, Marketing Data Strategy (Remote)"
26037,other,unknown,London,GB,adzuna_uk,58347.16,58347.16,GBP,annual,,58347.16,Trader - Multi-asset execution & data analysis
26038,other,senior,London,GB,adzuna_uk,73000.82,73000.82,GBP,annual,,73000.82,Finance & Reg Reporting Change Lead - NatWest Group
26039,data_analyst,unknown,Angel,GB,adzuna_uk,70000.0,75000.0,GBP,annual,,72500.0,Data Analyst 6 Month FTC
26040,other,senior,London,GB,adzuna_uk,57299.06,57299.06,GBP,annual,,57299.06,Transaction Services Assistant Manager
26041,other,senior,London,GB,adzuna_uk,130000.0,153400.0,GBP,annual,,141700.0,Operational Risk & Controls Manager
26042,other,senior,London,GB,adzuna_uk,56194.33,56194.33,GBP,annual,,56194.33,"Senior Business Development, Government Finance , Global Government Business Development"
26043,data_analyst,senior,London,GB,adzuna_uk,46898.37,46898.37,GBP,annual,,46898.37,Business Analyst / Project Manager - eFinancialCareers
26044,other,junior,Uxbridge,GB,adzuna_uk,25000.0,45000.0,GBP,annual,,35000.0,Data Science Trainee
26045,other,junior,Enfield,GB,adzuna_uk,25000.0,45000.0,GBP,annual,,35000.0,Data Science Trainee
26046,other,junior,Croydon,GB,adzuna_uk,25000.0,45000.0,GBP,annual,,35000.0,Data Science Trainee
26047,other,junior,Bromley,GB,adzuna_uk,25000.0,45000.0,GBP,annual,,35000.0,Data Science Trainee
26048,other,junior,London,GB,adzuna_uk,25000.0,45000.0,GBP,annual,,35000.0,Data Science Trainee
26049,data_scientist,unknown,Stratford,GB,adzuna_uk,60255.81,60255.81,GBP,annual,,60255.81,Industrial Data Scientist
26050,other,unknown,London,GB,adzuna_uk,37831.79,37831.79,GBP,annual,,37831.79,Data Officer | Studio School | Hackney
26051,other,unknown,London,GB,adzuna_uk,82422.63,82422.63,GBP,annual,,82422.63,KDB Software Engineer III
13915,other,junior,Gujranwala,PK,chisel_pk,,,PKR,monthly,,,Full Time Game Graphics Designer Jobs in Pakistan
26052,other,senior,London,GB,adzuna_uk,60933.25,60933.25,GBP,annual,,60933.25,Pre-sales Senior Technical Solutions Engineer (AI/ML - Digital Native Business) x2
26053,other,senior,London,GB,adzuna_uk,65381.12,65381.12,GBP,annual,,65381.12,Pre-sales Senior Technical Solutions Engineer (Data and AI)
26054,other,senior,London,GB,adzuna_uk,64386.76,64386.76,GBP,annual,,64386.76,Senior Research Analyst
26055,data_analyst,unknown,Hackney,GB,adzuna_uk,98800.0,104000.0,GBP,annual,,101400.0,Data Analyst
26056,other,senior,London,GB,adzuna_uk,94095.86,94095.86,GBP,annual,,94095.86,"Assistant Vice President, Audit Manager – Risk and Legal Audit"
26057,other,senior,London,GB,adzuna_uk,42806.86,42806.86,GBP,annual,,42806.86,Senior Product Owner
26058,other,senior,London,GB,adzuna_uk,38680.07,38680.07,GBP,annual,,38680.07,Senior Product Owner
26059,other,senior,South West London,GB,adzuna_uk,90000.0,90000.0,GBP,annual,,90000.0,Senior Product Owner
13916,other,junior,Gujranwala,PK,chisel_pk,,,PKR,monthly,,,Full Time Unity Developer Jobs in Pakistan
26060,other,senior,London,GB,adzuna_uk,85604.93,85604.93,GBP,annual,,85604.93,Senior Product Manager
26061,other,senior,London,GB,adzuna_uk,70000.0,80000.0,GBP,annual,,75000.0,Senior Benefits Advisor
26062,other,junior,London,GB,adzuna_uk,42532.75,42532.75,GBP,annual,,42532.75,Databricks & Palantir Analytics – Graduate Trainee
26063,other,unknown,London,GB,adzuna_uk,56366.89,56366.89,GBP,annual,,56366.89,Managing Consultant - E&U - Data Science
26064,data_architect,unknown,London,GB,adzuna_uk,68831.62,68831.62,GBP,annual,,68831.62,"Specialist Analytics Solution Architect, AWS Specialist & Partner Industries Organization (ASPI), Global Financial Services (GFS)"
26065,other,senior,The City,GB,adzuna_uk,110500.0,117000.0,GBP,annual,,113750.0,Data Project Manager
26066,analytics_engineer,junior,Monument,GB,adzuna_uk,61660.45,61660.45,GBP,annual,,61660.45,Data Engineering Internship (Summer 2027)
26067,other,unknown,London,GB,adzuna_uk,38000.0,45000.0,GBP,annual,,41500.0,Consultant
26068,other,unknown,The City,GB,adzuna_uk,45000.0,45000.0,GBP,annual,,45000.0,Consultant
26069,other,senior,London,GB,adzuna_uk,75291.12,75291.12,GBP,annual,,75291.12,Account Technology Senior Director
26070,other,senior,London,GB,adzuna_uk,71955.26,71955.26,GBP,annual,,71955.26,Account Technology Senior Director
26071,other,senior,London,GB,adzuna_uk,64892.25,64892.25,GBP,annual,,64892.25,"Senior Business Development, Government Finance , Global Government Business Development"
26072,other,unknown,Angel,GB,adzuna_uk,78618.98,78618.98,GBP,annual,,78618.98,Quantitative Product Specialist
26073,data_scientist,junior,London,GB,adzuna_uk,70000.0,80000.0,GBP,annual,,75000.0,Junior Data Scientist
26074,other,unknown,London,GB,adzuna_uk,47943.6,47943.6,GBP,annual,,47943.6,User Acquisition Specialist (Contractor)
26075,other,senior,London,GB,adzuna_uk,61391.94,61391.94,GBP,annual,,61391.94,TI Vendor Services Manager - (Contract)
13917,other,junior,Gujranwala,PK,chisel_pk,,,PKR,monthly,,,Full Time ASO (APP Store Optimisation Expert) Job in Pakistan
26076,other,junior,London,GB,adzuna_uk,44095.32,44095.32,GBP,annual,,44095.32,"Information Security Intern – Governance, Risk & Compliance (GRC)"
26077,analytics_engineer,unknown,London,GB,adzuna_uk,74274.41,74274.41,GBP,annual,,74274.41,"Data Platform Architect, Technology Consulting"
26078,other,senior,London,GB,adzuna_uk,86167.63,86167.63,GBP,annual,,86167.63,"Lead, Business Analysis"
26079,other,unknown,London,GB,adzuna_uk,76967.52,76967.52,GBP,annual,,76967.52,Managing Partner - Growth Analytics
26080,analytics_engineer,senior,Blackfriars,GB,adzuna_uk,46610.69,46610.69,GBP,annual,,46610.69,Tax Technology Assistant Manager – Tax Digital Services (Platform & Analytics Engineer)
26081,analytics_engineer,senior,London,GB,adzuna_uk,52043.87,52043.87,GBP,annual,,52043.87,Tax Technology Assistant Manager – Tax Digital Services (Platform & Analytics Engineer)
26082,analytics_engineer,senior,London,GB,adzuna_uk,58737.07,58737.07,GBP,annual,,58737.07,Lead Azure Data Engineering Architect – Lloyds Marketplace
26083,analytics_engineer,unknown,London,GB,adzuna_uk,70166.38,70166.38,GBP,annual,,70166.38,Data Scientist - Applied AI & Data Platforms
13918,other,junior,Sheikhupura,PK,chisel_pk,,,PKR,monthly,,,Full Time Accountant Job in Pakistan
26084,data_analyst,junior,Fenchurch St,GB,adzuna_uk,41601.36,41601.36,GBP,annual,,41601.36,Associate Data Analyst
26085,data_analyst,unknown,London,GB,adzuna_uk,52552.09,52552.09,GBP,annual,,52552.09,Business Analyst
26086,other,senior,London,GB,adzuna_uk,71837.59,71837.59,GBP,annual,,71837.59,"Technical Account Manager, ES - EMEA - ISV"
26087,other,junior,London,GB,adzuna_uk,53109.94,53109.94,GBP,annual,,53109.94,Internal Auditor - EMEA
26088,other,senior,London,GB,adzuna_uk,60000.0,70000.0,GBP,annual,,65000.0,Senior Data Science Consultant
26089,other,junior,London,GB,adzuna_uk,25000.0,28000.0,GBP,annual,,26500.0,Junior English Linguistics Analyst
26090,data_analyst,senior,London,GB,adzuna_uk,68601.87,68601.87,GBP,annual,,68601.87,Senior Consultant – Reinsurance Business Data Analyst
26091,other,senior,London,GB,adzuna_uk,62652.37,62652.37,GBP,annual,,62652.37,"Senior Business Development, Government Finance , Global Government Business Development"
13920,other,junior,Lahore,PK,chisel_pk,,,PKR,monthly,,,Full Time Telesales Representative Job in Pakistan
26092,other,unknown,London,GB,adzuna_uk,68302.23,68302.23,GBP,annual,,68302.23,Financial Solutions - Insurance Sales Specialist - Specialist Sales - London
26093,other,unknown,Monument,GB,adzuna_uk,130000.0,150000.0,GBP,annual,,140000.0,.NET Developer
26094,other,unknown,Eastcote,GB,adzuna_uk,35000.0,65000.0,GBP,annual,,50000.0,.NET Developer
26095,data_architect,unknown,Blackfriars,GB,adzuna_uk,60635.23,60635.23,GBP,annual,,60635.23,Data Architect
26096,other,senior,London,GB,adzuna_uk,59517.42,59517.42,GBP,annual,,59517.42,Growth Marketing Manager - EMEA
26097,data_scientist,unknown,London,GB,adzuna_uk,48707.05,48707.05,GBP,annual,,48707.05,Data Scientist
26098,other,junior,London,GB,adzuna_uk,25000.0,28000.0,GBP,annual,,26500.0,Junior English Linguistics Analyst
26099,analytics_engineer,senior,London,GB,adzuna_uk,78234.32,78234.32,GBP,annual,,78234.32,Senior Data Engineer
13921,other,junior,Rawalpindi,PK,chisel_pk,,,PKR,monthly,,,Online Full Time Wordpress & E Commerce Developer Job in Pakistan
26100,other,senior,London,GB,adzuna_uk,100000.0,100000.0,GBP,annual,,100000.0,Reporting Delivery Practice Lead Bank
26101,data_analyst,senior,The City,GB,adzuna_uk,100000.0,100000.0,GBP,annual,,100000.0,Data Reporting Delivery Practice Lead
26102,other,unknown,Charing Cross,GB,adzuna_uk,41500.0,71000.0,GBP,annual,,56250.0,Oracle Fusion Data Intelligence Architect
26103,data_analyst,senior,Fenchurch St,GB,adzuna_uk,41566.38,41566.38,GBP,annual,,41566.38,Senior Data Analyst
26104,other,unknown,Fleet Street,GB,adzuna_uk,67915.11,67915.11,GBP,annual,,67915.11,Recruitment Consultant - Transformation & Change
26105,other,senior,London,GB,adzuna_uk,67260.04,67260.04,GBP,annual,,67260.04,"AVP/VP, Quantitative Strategist, Equities - GIC Private Limited"
26106,other,senior,London,GB,adzuna_uk,98489.05,98489.05,GBP,annual,,98489.05,Liquidity & Account Solutions - Analytics & AI Enablement - Vice President
26107,other,senior,London,GB,adzuna_uk,70361.12,70361.12,GBP,annual,,70361.12,Applied AI ML Lead
13922,other,mid,Rawalpindi,PK,chisel_pk,,,PKR,monthly,,,Full Time Graphic Designer Job in Pakistan
26108,other,senior,London,GB,adzuna_uk,75931.94,75931.94,GBP,annual,,75931.94,Insurance Analytics Engagement Manager - Commercial & Speciality Insurance Analytics
26109,other,senior,London,GB,adzuna_uk,72954.96,72954.96,GBP,annual,,72954.96,Payments - AI Transformation Project Manager - Vice President - London
26110,other,senior,London,GB,adzuna_uk,73835.34,73835.34,GBP,annual,,73835.34,Payments - AI Transformation Project Manager - Vice President - London
26111,other,unknown,London,GB,adzuna_uk,80459.51,80459.51,GBP,annual,,80459.51,"Snr ProServe Cloud Architect, TMEGS-ISV-UKI-ProServe"
26112,analytics_engineer,unknown,London,GB,adzuna_uk,50000.0,50000.0,GBP,annual,,50000.0,Analytics Engineer
26113,other,senior,London,GB,adzuna_uk,42034.9,42034.9,GBP,annual,,42034.9,Commercial Publishing Director
26114,data_analyst,senior,Bankside,GB,adzuna_uk,61001.33,61001.33,GBP,annual,,61001.33,Senior Data Analyst
26115,other,junior,South East London,GB,adzuna_uk,89281.49,89281.49,GBP,annual,,89281.49,Senior Manager Internal Audit
13923,other,junior,Karachi,PK,chisel_pk,,,PKR,monthly,,,Full Time Social Media Marketing Officer Jobs in Pakistan
26116,analytics_engineer,unknown,Blackfriars,GB,adzuna_uk,60252.65,60252.65,GBP,annual,,60252.65,Data Engineer
26117,data_analyst,unknown,Wallington,GB,adzuna_uk,33000.0,38000.0,GBP,annual,,35500.0,Business Intelligence Analyst
26118,other,unknown,Hyde Park,GB,adzuna_uk,54426.83,54426.83,GBP,annual,,54426.83,Business Development Representitive
26119,data_scientist,senior,Aldgate,GB,adzuna_uk,71623.07,71623.07,GBP,annual,,71623.07,Senior Machine Learning Engineer
26120,other,unknown,Charing Cross,GB,adzuna_uk,60000.0,90000.0,GBP,annual,,75000.0,Salesforce Administrator
26121,other,unknown,London,GB,adzuna_uk,55387.47,55387.47,GBP,annual,,55387.47,Exposure Analyst - Gravitas Recruitment Group
26122,analytics_engineer,unknown,London,GB,adzuna_uk,169000.0,169000.0,GBP,annual,,169000.0,Contract Analytics Engineer Role - Fully Remote - £650/pd
26123,other,senior,The City,GB,adzuna_uk,100000.0,100000.0,GBP,annual,,100000.0,Reporting Delivery Practice Lead Bank
26124,analytics_engineer,unknown,London,GB,adzuna_uk,60000.0,85000.0,GBP,annual,,72500.0,SQL Server DBA / Data Engineer
26125,other,senior,London,GB,adzuna_uk,106389.73,106389.73,GBP,annual,,106389.73,Lead Technical Program Manager
26126,other,junior,London,GB,adzuna_uk,56030.69,56030.69,GBP,annual,,56030.69,"Associate, Real Estate Asset Management Operations"
26127,other,senior,London,GB,adzuna_uk,81577.29,81577.29,GBP,annual,,81577.29,Payments - AI Transformation Program Director - Executive Director - London
26128,other,unknown,London,GB,adzuna_uk,63712.72,63712.72,GBP,annual,,63712.72,Quant Trader — Sports Event Market Making
26129,other,junior,London,GB,adzuna_uk,44310.86,44310.86,GBP,annual,,44310.86,Quantitative Researcher - Graduate: 2027 - Susquehanna International Group
26130,other,unknown,Farringdon,GB,adzuna_uk,48955.45,48955.45,GBP,annual,,48955.45,Salesforce Administrator
26131,data_analyst,unknown,London,GB,adzuna_uk,79024.83,79024.83,GBP,annual,,79024.83,"Associate, Fixed Income Quant Data Operations"
26132,other,unknown,London,GB,adzuna_uk,67137.83,67137.83,GBP,annual,,67137.83,SAP Managing SAP Analytics Architect
26133,other,senior,St Lukes,GB,adzuna_uk,61000.0,91000.0,GBP,annual,,76000.0,Head of Dynamics 365 Project Delivery
26134,other,unknown,London,GB,adzuna_uk,65000.0,80000.0,GBP,annual,,72500.0,Legal operations
26135,other,unknown,London,GB,adzuna_uk,104000.0,124800.0,GBP,annual,,114400.0,Regulatory Consultant - Open Banking - SQL - Contract
26136,analytics_engineer,senior,London,GB,adzuna_uk,50918.62,50918.62,GBP,annual,,50918.62,Tax Technology Assistant Manager – Tax Digital Services (Platform & Analytics Engineer)
26137,other,senior,London,GB,adzuna_uk,56029.72,56029.72,GBP,annual,,56029.72,Director - Group Financial Reporting (fixed term contract) - London Stock Exchange Group
26138,analytics_engineer,senior,London,GB,adzuna_uk,74107.44,74107.44,GBP,annual,,74107.44,"Sr Lead Software Engineer – Data Engineering, Python/C++/KDB/AI"
26139,other,senior,London,GB,adzuna_uk,74974.62,74974.62,GBP,annual,,74974.62,Trade & Working Capital - Product Delivery - Vice President - London
26140,other,junior,Blackfriars,GB,adzuna_uk,70045.64,70045.64,GBP,annual,,70045.64,Associate Director - Business Transformation
26141,other,senior,Blackfriars,GB,adzuna_uk,77660.0,77660.0,GBP,annual,,77660.0,Consulting Director
26142,other,senior,Farringdon,GB,adzuna_uk,70000.0,130000.0,GBP,annual,,100000.0,Reporting Delivery Practice Lead Bank
26143,data_analyst,senior,The City,GB,adzuna_uk,80000.0,130000.0,GBP,annual,,105000.0,Data Reporting Delivery Practice Lead
26144,other,senior,The City,GB,adzuna_uk,70000.0,120000.0,GBP,annual,,95000.0,Reporting Delivery Practice Lead Bank
26145,other,unknown,Farringdon,GB,adzuna_uk,104000.0,117000.0,GBP,annual,,110500.0,AWS Security & Cloud Architect
26146,other,senior,Fleet Street,GB,adzuna_uk,67661.95,67661.95,GBP,annual,,67661.95,Executive Search Delivery Lead
26147,analytics_engineer,senior,London,GB,adzuna_uk,59849.99,59849.99,GBP,annual,,59849.99,Compute Infrastructure Platforms Lead Data Engineer
26148,other,senior,London,GB,adzuna_uk,66480.3,66480.3,GBP,annual,,66480.3,TI Vendor Services Manager - (Contract)
26149,other,senior,London,GB,adzuna_uk,83873.88,83873.88,GBP,annual,,83873.88,"Senior Director, Global Service Growth"
26150,other,unknown,Westminster,GB,adzuna_uk,58082.61,58082.61,GBP,annual,,58082.61,Actuarial Analyst
26151,other,senior,Charing Cross,GB,adzuna_uk,95000.0,95000.0,GBP,annual,,95000.0,Senior User Researcher
26152,analytics_engineer,unknown,London,GB,adzuna_uk,80000.0,90000.0,GBP,annual,,85000.0,Data Engineer
26153,other,senior,London,GB,adzuna_uk,76876.18,76876.18,GBP,annual,,76876.18,Director - Commercial Excellence (1259)
26154,other,senior,Holborn,GB,adzuna_uk,104702.27,104702.27,GBP,annual,,104702.27,Director of Data and AI
26155,analytics_engineer,senior,London,GB,adzuna_uk,64943.94,64943.94,GBP,annual,,64943.94,Lead Data Engineer
26156,analytics_engineer,senior,London,GB,adzuna_uk,66201.98,66201.98,GBP,annual,,66201.98,Lead Data Engineer - London Stock Exchange Group
11279,other,junior,Karachi,PK,chisel_pk,,,PKR,monthly,,,Full Time Sales Girl / Sales Man Jobs in Pakistan
26157,other,unknown,London,GB,adzuna_uk,130000.0,150000.0,GBP,annual,,140000.0,.NET Developer
26158,data_scientist,senior,London,GB,adzuna_uk,87393.88,87393.88,GBP,annual,,87393.88,Applied AI ML Engineer Director - NLP / LLM and Graphs
26159,data_analyst,unknown,Stratford,GB,adzuna_uk,29000.0,35000.0,GBP,annual,,32000.0,Data Analyst
26160,data_analyst,unknown,Thornton Heath,GB,adzuna_uk,29000.0,35000.0,GBP,annual,,32000.0,Data Analyst
26161,data_analyst,unknown,Forest Hill,GB,adzuna_uk,29000.0,35000.0,GBP,annual,,32000.0,Data Analyst
26162,data_analyst,unknown,Tooting,GB,adzuna_uk,29000.0,35000.0,GBP,annual,,32000.0,Data Analyst
26163,data_analyst,unknown,Monument,GB,adzuna_uk,29000.0,35000.0,GBP,annual,,32000.0,Data Analyst
26164,data_analyst,unknown,Covent Garden,GB,adzuna_uk,29000.0,35000.0,GBP,annual,,32000.0,Data Analyst
13924,other,mid,Karachi,PK,chisel_pk,,,PKR,monthly,,,Online Full Time Graphic Designer / Social Media Expert Job in Pakistan
26165,other,unknown,London,GB,adzuna_uk,59283.68,59283.68,GBP,annual,,59283.68,OSINT PreSales Engineer
26166,data_analyst,unknown,London,GB,adzuna_uk,51903.11,51903.11,GBP,annual,,51903.11,Fraud Data Analyst (Banking) - 6-Month Contract
26167,other,unknown,London,GB,adzuna_uk,70000.0,105000.0,GBP,annual,,87500.0,Data Software Engineer
26168,other,senior,London,GB,adzuna_uk,87040.38,87040.38,GBP,annual,,87040.38,Senior Product Owner (Data / AI)
26169,other,unknown,London,GB,adzuna_uk,91000.0,130000.0,GBP,annual,,110500.0,PMO Analyst
26170,other,unknown,London,GB,adzuna_uk,53524.9,53524.9,GBP,annual,,53524.9,Product Engineer
26171,analytics_engineer,senior,London,GB,adzuna_uk,90.0,100.0,GBP,annual,,95.0,Senior Data Engineer
26172,marketing_analyst,senior,London,GB,adzuna_uk,51995.55,51995.55,GBP,annual,,51995.55,Lead Digital Analyst – Customer Analytics
26173,other,unknown,London,GB,adzuna_uk,41713.91,41713.91,GBP,annual,,41713.91,"Managing Consultant, Advisors & Consulting Services, Performance Analytics"
26174,other,senior,London,GB,adzuna_uk,70480.12,70480.12,GBP,annual,,70480.12,"Technical Account Manager, ES - EMEA - ISV"
26175,analytics_engineer,unknown,Kingston Upon Thames,GB,adzuna_uk,58399.43,58399.43,GBP,annual,,58399.43,Analytics Engineer
26176,data_analyst,unknown,London,GB,adzuna_uk,65737.56,65737.56,GBP,annual,,65737.56,Procurement Data Analyst
26177,other,unknown,London,GB,adzuna_uk,62430.13,62430.13,GBP,annual,,62430.13,General Opportunities
26178,data_analyst,unknown,Farringdon,GB,adzuna_uk,66300.0,73580.0,GBP,annual,,69940.0,Business Analyst
26179,data_analyst,unknown,London,GB,adzuna_uk,66398.0,73756.0,GBP,annual,,70077.0,Business Analyst
26180,other,unknown,London,GB,adzuna_uk,53608.63,53608.63,GBP,annual,,53608.63,Quantitative Latency Engineer
26181,other,senior,London,GB,adzuna_uk,58846.52,58846.52,GBP,annual,,58846.52,"Senior Manager, Credit Insights"
13925,other,junior,Islamabad,PK,chisel_pk,,,PKR,monthly,,,Full Time Education Consultant / Student Counselor Jobs in Pakistan
26182,other,senior,London,GB,adzuna_uk,75418.67,75418.67,GBP,annual,,75418.67,Senior Solutions Architect (DS/ML/GenAI/LLM)
26183,other,unknown,London,GB,adzuna_uk,68530.27,68530.27,GBP,annual,,68530.27,"Pre-sales Solutions Architect (Manufacturing, Defence & Automotive)"
26184,analytics_engineer,unknown,London,GB,adzuna_uk,50000.0,60000.0,GBP,annual,,55000.0,Data Pipeline Engineer
26185,other,junior,London,GB,adzuna_uk,45617.62,45617.62,GBP,annual,,45617.62,Quantitative Research Internship: Summer 2027 - Susquehanna International Group
26186,other,unknown,London,GB,adzuna_uk,61980.11,61980.11,GBP,annual,,61980.11,ESG Quant Analyst - Mason Blake
26187,other,unknown,The City,GB,adzuna_uk,161200.0,169000.0,GBP,annual,,165100.0,Developer & Solutions Architect - London Insurance Market
26188,other,senior,London,GB,adzuna_uk,77543.66,77543.66,GBP,annual,,77543.66,Audit Manager
26189,other,unknown,Bloomsbury,GB,adzuna_uk,45000.0,55000.0,GBP,annual,,50000.0,Royalty Accountant
13926,other,junior,Lahore,PK,chisel_pk,,,PKR,monthly,,,Full Time Telesales Specialist Job in Pakistan
26190,other,senior,London,GB,adzuna_uk,51357.35,51357.35,GBP,annual,,51357.35,Senior Marketing Manager - UNLEASH in Miami
26191,other,unknown,London,GB,adzuna_uk,72509.92,72509.92,GBP,annual,,72509.92,Enterprise Account Executive
26192,data_analyst,unknown,London,GB,adzuna_uk,30000.0,39000.0,GBP,annual,,34500.0,Data Analyst
26193,other,senior,London,GB,adzuna_uk,80000.0,80000.0,GBP,annual,,80000.0,Technical Product Manager
26194,other,unknown,Richmond,GB,adzuna_uk,35558.39,35558.39,GBP,annual,,35558.39,Sales Admin Executive
26195,other,unknown,London,GB,adzuna_uk,86868.8,86868.8,GBP,annual,,86868.8,AWS Platform Engineer: Developer
26196,data_analyst,junior,Monument,GB,adzuna_uk,28000.0,32000.0,GBP,annual,,30000.0,Associate Accounting Data Analyst Asian Language
26197,other,senior,Central London,GB,adzuna_uk,79307.87,79307.87,GBP,annual,,79307.87,Global VP Sales and Marketing - Telecoms Service Provider Software
13928,other,junior,Karachi,PK,chisel_pk,,,PKR,monthly,,,Full Time Social Media Expert / Digital Marketer (With SEO Skills) Job in Pakistan
26198,other,senior,London,GB,adzuna_uk,96764.16,96764.16,GBP,annual,,96764.16,Project Manager - Data & Lakehouse - London - Investigo
26199,other,junior,The City,GB,adzuna_uk,30000.0,30000.0,GBP,annual,,30000.0,Business Systems Specialist Graduate
26200,analytics_engineer,senior,London,GB,adzuna_uk,78316.58,78316.58,GBP,annual,,78316.58,Senior Data Engineer
26201,other,unknown,London,GB,adzuna_uk,37139.42,37139.42,GBP,annual,,37139.42,Client Services Analyst - French Speaking
26202,other,senior,London,GB,adzuna_uk,60872.9,60872.9,GBP,annual,,60872.9,Director Product Offering Development
26203,analytics_engineer,unknown,London,GB,adzuna_uk,130000.0,156000.0,GBP,annual,,143000.0,Data Engineer (Snowflake)
26204,data_analyst,senior,The City,GB,adzuna_uk,100000.0,100000.0,GBP,annual,,100000.0,Data Insights Lead - Insurance Reserving
26205,other,senior,Blackfriars,GB,adzuna_uk,61374.33,61374.33,GBP,annual,,61374.33,Assistant Manager
13929,other,unknown,Lahore,PK,chisel_pk,,,PKR,monthly,,,Full Time E Commerce Specialist Customer Service Inventory Website Management Photoshop Accountant Ebay Amazon Jobs in Pakistan
26206,other,unknown,London,GB,adzuna_uk,80024.09,80024.09,GBP,annual,,80024.09,Quantitative Research Analyst - Financial Markets
26207,other,unknown,London,GB,adzuna_uk,53090.89,53090.89,GBP,annual,,53090.89,Solutions Architect
26208,data_architect,unknown,South East London,GB,adzuna_uk,117000.0,117000.0,GBP,annual,,117000.0,Data Architect - insurance domain
26209,other,unknown,London,GB,adzuna_uk,45346.79,45346.79,GBP,annual,,45346.79,HCM Operations/Analyst
26210,analytics_engineer,unknown,London,GB,adzuna_uk,156000.0,169000.0,GBP,annual,,162500.0,Analytics Engineer - £650/day Inside IR35 - Immediate Start
26211,other,senior,London,GB,adzuna_uk,64606.59,64606.59,GBP,annual,,64606.59,Applied AI & Analytics - Principal Consultant
26212,other,senior,London,GB,adzuna_uk,81344.92,81344.92,GBP,annual,,81344.92,"Product Manager, AI and Data - Trade / Channel"
26213,data_analyst,unknown,London,GB,adzuna_uk,68126.71,68126.71,GBP,annual,,68126.71,Data Analyst
13930,other,junior,Karachi,PK,chisel_pk,,,PKR,monthly,,,Full Time Customer Service Specialist Job in Pakistan
26214,other,unknown,London,GB,adzuna_uk,43378.66,43378.66,GBP,annual,,43378.66,Private Market and Performance Consultant - Northern Trust
26215,data_analyst,senior,London,GB,adzuna_uk,56506.88,56506.88,GBP,annual,,56506.88,Senior Data Design Analyst
26216,data_architect,senior,The City,GB,adzuna_uk,78764.87,78764.87,GBP,annual,,78764.87,Senior Data Architect
26217,analytics_engineer,unknown,London,GB,adzuna_uk,61191.86,61191.86,GBP,annual,,61191.86,Data Engineer
26218,other,senior,London,GB,adzuna_uk,62336.85,62336.85,GBP,annual,,62336.85,Senior Data & Digital Solutions Consultant
26219,data_analyst,unknown,London,GB,adzuna_uk,143000.0,162500.0,GBP,annual,,152750.0,Commercial Finance Data Analyst / Commercial Finance Business Partner
26220,data_architect,unknown,London,GB,adzuna_uk,63836.55,63836.55,GBP,annual,,63836.55,Data Architect
26221,other,unknown,London,GB,adzuna_uk,40721.77,40721.77,GBP,annual,,40721.77,ECT Computer Science Teacher: Outstanding Haringey School
26222,other,senior,London,GB,adzuna_uk,80000.0,80000.0,GBP,annual,,80000.0,Senior IT Auditor AVP Level
26223,other,unknown,The City,GB,adzuna_uk,110913.47,110913.47,GBP,annual,,110913.47,Quantitative Developer - Treasury
26224,other,senior,London,GB,adzuna_uk,81368.98,81368.98,GBP,annual,,81368.98,Senior Operations Engineer
26225,other,senior,London,GB,adzuna_uk,112751.14,112751.14,GBP,annual,,112751.14,Commercial & Investment Bank - Business Manager - Vice President
26226,other,junior,London,GB,adzuna_uk,69933.1,69933.1,GBP,annual,,69933.1,Senior AI Governance Associate
26227,other,senior,London,GB,adzuna_uk,68058.07,68058.07,GBP,annual,,68058.07,Senior Reporting Manager - Nuclear
26228,other,senior,London,GB,adzuna_uk,120640.0,156000.0,GBP,annual,,138320.0,Offerings and Products Activation Hub Senior Manager
26229,other,junior,London,GB,adzuna_uk,72451.03,72451.03,GBP,annual,,72451.03,Associate Director - Business Transformation
13931,other,junior,Lahore,PK,chisel_pk,,,PKR,monthly,,,Full Time ASO Expert / App Store Optimizer Job in Pakistan
26230,other,senior,London,GB,adzuna_uk,82258.59,82258.59,GBP,annual,,82258.59,Consulting Director
26231,other,senior,Blackfriars,GB,adzuna_uk,85656.87,85656.87,GBP,annual,,85656.87,"Vice President, Technology Audit - Applications & Platforms"
26232,other,senior,London,GB,adzuna_uk,58512.6,58512.6,GBP,annual,,58512.6,"Senior Customer Engineer, Platform, FSI, Google Cloud"
26233,other,senior,London,GB,adzuna_uk,67014.88,67014.88,GBP,annual,,67014.88,"Tax Manager, EMEA - Aristocrat"
26234,other,senior,London,GB,adzuna_uk,82333.47,82333.47,GBP,annual,,82333.47,Medical Analytics & R&D Manager - Goodman Masson
26235,analytics_engineer,unknown,London,GB,adzuna_uk,70000.0,105000.0,GBP,annual,,87500.0,Data Engineer
26236,other,senior,London,GB,adzuna_uk,62494.77,62494.77,GBP,annual,,62494.77,Transaction Banking Product Manager (FTC/Secondment)
26237,other,senior,London,GB,adzuna_uk,90051.45,90051.45,GBP,annual,,90051.45,Senior Industry Practice Lead (Subject Matter Expert) - Tax Authorities
26238,other,senior,London,GB,adzuna_uk,95000.0,140000.0,GBP,annual,,117500.0,Lead Machine Learning Research Engineer
26239,other,junior,London,GB,adzuna_uk,55000.0,65000.0,GBP,annual,,60000.0,Internal Audit Assistant Manager - Top 10 Firm - London
26240,other,senior,London,GB,adzuna_uk,69218.3,69218.3,GBP,annual,,69218.3,Senior Managing Consultant / Principal Consultant - Health & Safety
26241,data_architect,unknown,London,GB,adzuna_uk,260000.0,390000.0,GBP,annual,,325000.0,Data Solution Architect
26242,analytics_engineer,senior,Sutton,GB,adzuna_uk,104000.0,117000.0,GBP,annual,,110500.0,Senior Snowflake Data Engineer
26243,other,senior,London,GB,adzuna_uk,28406.62,28406.62,GBP,annual,,28406.62,Tax Manager - GMS - Global Compensation
26244,other,junior,London,GB,adzuna_uk,50038.65,50038.65,GBP,annual,,50038.65,Private Bank Senior Internal Auditor
26245,analytics_engineer,unknown,Kingston Upon Thames,GB,adzuna_uk,55036.95,55036.95,GBP,annual,,55036.95,Analytics Engineer
13932,other,junior,Islamabad,PK,chisel_pk,,,PKR,monthly,,,Full Time Junior SEO Person Jobs in Pakistan
26246,other,unknown,London,GB,adzuna_uk,54817.41,54817.41,GBP,annual,,54817.41,Sales Engineer
26247,other,senior,London,GB,adzuna_uk,94182.22,94182.22,GBP,annual,,94182.22,Senior Software Engineer - CRISIL
26248,data_scientist,unknown,London,GB,adzuna_uk,58803.77,58803.77,GBP,annual,,58803.77,Soccer Data Scientist
26249,other,senior,London,GB,adzuna_uk,65828.02,65828.02,GBP,annual,,65828.02,Underwriting Execution and Governance Lead
26250,other,unknown,London,GB,adzuna_uk,104000.0,117000.0,GBP,annual,,110500.0,Microsoft Fabric Consultant (Outside IR35/Remote)
26251,other,unknown,London,GB,adzuna_uk,57430.96,57430.96,GBP,annual,,57430.96,"Solutions Architect, Betting & Gaming, UK&I"
26252,other,senior,London,GB,adzuna_uk,72455.66,72455.66,GBP,annual,,72455.66,Senior Software Engineer (AI & SaaS Applications)
26253,other,unknown,Liverpool Street,GB,adzuna_uk,100000.0,105000.0,GBP,annual,,102500.0,Infrastructure Engineer
13933,other,junior,Lahore,PK,chisel_pk,,,PKR,monthly,,,Full Time Web Content Writer Jobs in Pakistan
26254,other,senior,London,GB,adzuna_uk,100000.0,110000.0,GBP,annual,,105000.0,Supply Chain Senior Manager
26255,other,senior,London,GB,adzuna_uk,85238.83,85238.83,GBP,annual,,85238.83,DA Claims Manager
26256,data_analyst,junior,London,GB,adzuna_uk,35000.0,35000.0,GBP,annual,,35000.0,Graduate Data Analyst
26257,financial_analyst,junior,London,GB,adzuna_uk,46277.21,46277.21,GBP,annual,,46277.21,Commercial Finance Analyst – International Health and Fitness Business (Multisite)
26258,analytics_engineer,unknown,London,GB,adzuna_uk,69793.59,69793.59,GBP,annual,,69793.59,SC Cleared Data Engineer | London
26259,other,unknown,South East London,GB,adzuna_uk,80000.0,80000.0,GBP,annual,,80000.0,Power System & Product Development Engineer
26260,other,senior,London,GB,adzuna_uk,67398.6,67398.6,GBP,annual,,67398.6,AI & Automation Lead
26261,data_analyst,senior,London,GB,adzuna_uk,66464.77,66464.77,GBP,annual,,66464.77,Data Operations Lead
13934,other,junior,Karachi,PK,chisel_pk,,,PKR,monthly,,,Full Time Business Developer Jobs in Pakistan
26262,other,unknown,London,GB,adzuna_uk,124800.0,130000.0,GBP,annual,,127400.0,AWS Security Consultant
26263,data_architect,unknown,London,GB,adzuna_uk,65000.0,65000.0,GBP,annual,,65000.0,Data Architect
26264,data_analyst,unknown,London,GB,adzuna_uk,46847.5,46847.5,GBP,annual,,46847.5,Data Analyst
26265,other,unknown,Soho,GB,adzuna_uk,46037.66,46037.66,GBP,annual,,46037.66,Data Consultant
26266,other,senior,London,GB,adzuna_uk,58620.79,58620.79,GBP,annual,,58620.79,"Senior Customer Engineer, Platform, FSI, Google Cloud"
26267,other,senior,London,GB,adzuna_uk,78580.6,78580.6,GBP,annual,,78580.6,Marketing Insight & Analytics Lead - Mat Cover (9 Month FTC)
26268,other,junior,London,GB,adzuna_uk,75208.09,75208.09,GBP,annual,,75208.09,Quantitative Trading & Research – Securities Services and Payments – Associate or Vice President
26269,data_architect,senior,The City,GB,adzuna_uk,80320.0,90360.0,GBP,annual,,85340.0,Lead Solution Architect in ARCHITECTURE
13935,other,junior,Islamabad,PK,chisel_pk,,,PKR,monthly,,,Full Time SQA Job in Pakistan
26270,data_architect,senior,London,GB,adzuna_uk,72702.7,72702.7,GBP,annual,,72702.7,Head of Data Architecture
26271,other,junior,London,GB,adzuna_uk,73860.98,73860.98,GBP,annual,,73860.98,Kinexys Product Senior Associate
26272,other,junior,London,GB,adzuna_uk,48356.78,48356.78,GBP,annual,,48356.78,Graduate Recruitment Delivery Consultant
26273,other,unknown,South Wimbledon,GB,adzuna_uk,80000.0,100000.0,GBP,annual,,90000.0,Experienced Recruitment Consultant - Relocate to US
26274,other,senior,Blackfriars,GB,adzuna_uk,76731.08,76731.08,GBP,annual,,76731.08,Engineering Manager
26275,other,senior,London,GB,adzuna_uk,33501.0,33501.0,GBP,annual,,33501.0,"Manager, Product Management"
26276,other,unknown,London,GB,adzuna_uk,50939.07,50939.07,GBP,annual,,50939.07,Security Assurance Specialist
26277,other,senior,Monument,GB,adzuna_uk,130000.0,180000.0,GBP,annual,,155000.0,"Senior Manager, Market Intelligence & Strategic Research"
13936,other,junior,Karachi,PK,chisel_pk,,,PKR,monthly,,,Full Time Firmware Engineer Jobs in Pakistan
26278,other,senior,London,GB,adzuna_uk,99591.39,99591.39,GBP,annual,,99591.39,Senior Software Engineer – Risk Services (Java / Python) - CRISIL
26279,other,senior,Farringdon,GB,adzuna_uk,60000.0,70000.0,GBP,annual,,65000.0,Senior Data Science Consultant
26280,other,senior,London,GB,adzuna_uk,68672.7,68672.7,GBP,annual,,68672.7,Product Manager - Rates Technology
26281,other,senior,London,GB,adzuna_uk,56240.54,56240.54,GBP,annual,,56240.54,"Senior Benefits Analyst - UK & EMEA - Wellington Management Company, LLP"
26282,other,unknown,London,GB,adzuna_uk,89609.65,89609.65,GBP,annual,,89609.65,Group Financial Controller - Morgan McKinley
26283,other,unknown,London,GB,adzuna_uk,70188.88,70188.88,GBP,annual,,70188.88,Freelance Agent Evaluation Engineer
26284,other,junior,The City,GB,adzuna_uk,30000.0,45000.0,GBP,annual,,37500.0,Graduate Business Development Executive
26285,other,senior,London,GB,adzuna_uk,,156000.0,GBP,annual,,,Pega Lead Decisioning Architect - Remote
13937,other,mid,Faisalabad,PK,chisel_pk,,,PKR,monthly,,,Full Time SEO Specialist Jobs in Pakistan
26286,analytics_engineer,senior,Sutton,GB,adzuna_uk,,117000.0,GBP,annual,,,Senior SQL Data Engineer
26287,other,senior,London,GB,adzuna_uk,71090.91,71090.91,GBP,annual,,71090.91,Account Manager - Financial Markets
26288,other,senior,London,GB,adzuna_uk,260000.0,468000.0,GBP,annual,,364000.0,Head of Analytics - AI Trainer - Freelance - 8-20hrs/week
26289,other,senior,London,GB,adzuna_uk,51811.51,51811.51,GBP,annual,,51811.51,Chief Data Officer - 12 month FTC - Quilter
26290,other,senior,London,GB,adzuna_uk,67222.02,67222.02,GBP,annual,,67222.02,Senior IT Auditor
26291,other,senior,London,GB,adzuna_uk,28984.63,28984.63,GBP,annual,,28984.63,"Senior Manager, People Partner (Parental Leave Cover)"
26292,analytics_engineer,unknown,London,GB,adzuna_uk,52296.87,52296.87,GBP,annual,,52296.87,Data Engineer
26293,other,senior,London,GB,adzuna_uk,74364.0,74364.0,GBP,annual,,74364.0,Partner Sales Lead
13938,other,junior,Faisalabad,PK,chisel_pk,,,PKR,monthly,,,Full Time Social Media Manager Jobs in Pakistan
26294,other,senior,London,GB,adzuna_uk,52722.77,52722.77,GBP,annual,,52722.77,Senior IT Auditor
26295,other,senior,The City,GB,adzuna_uk,85000.0,85000.0,GBP,annual,,85000.0,Technology Manager
26296,data_analyst,senior,West London,GB,adzuna_uk,70000.0,70000.0,GBP,annual,,70000.0,Senior Data Analyst
26297,other,junior,London,GB,adzuna_uk,33520.79,33520.79,GBP,annual,,33520.79,Payroll Analyst - International
26298,analytics_engineer,unknown,London,GB,adzuna_uk,56774.96,56774.96,GBP,annual,,56774.96,Data Engineer
26299,other,senior,London,GB,adzuna_uk,72965.81,72965.81,GBP,annual,,72965.81,Senior Threat Intelligence Analyst -UK
26300,other,senior,London,GB,adzuna_uk,65296.82,65296.82,GBP,annual,,65296.82,Director of Treasury - UK Client Treasury
26301,data_architect,senior,London,GB,adzuna_uk,90000.0,100000.0,GBP,annual,,95000.0,Lead Fabric Data Architect - London - £100K
26302,other,unknown,London,GB,adzuna_uk,53804.8,53804.8,GBP,annual,,53804.8,Security Assurance Specialist
26303,other,mid,London,GB,adzuna_uk,28345.57,28345.57,GBP,annual,,28345.57,"Commercial Strategy & Insights, Global Media Distribution – Europe & Middle East"
26304,other,senior,London,GB,adzuna_uk,92880.57,92880.57,GBP,annual,,92880.57,Lead Technical Program Manager
26305,other,senior,London,GB,adzuna_uk,78257.16,78257.16,GBP,annual,,78257.16,Applied AI ML Director - NLP / LLM and Graphs
26306,marketing_analyst,unknown,London,GB,adzuna_uk,40000.0,55000.0,GBP,annual,,47500.0,Digital Marketing Analyst - 12 Month FTC
26307,other,senior,London,GB,adzuna_uk,75271.16,75271.16,GBP,annual,,75271.16,"Head of Portfolio Analytics, Asset Management, London - eFinancialCareers"
26308,other,junior,The City,GB,adzuna_uk,54483.59,54483.59,GBP,annual,,54483.59,Front Office Software Engineer Internship (Summer 2027)
26309,other,senior,London,GB,adzuna_uk,73221.78,73221.78,GBP,annual,,73221.78,"Product Manager III, AI Analytics Products"
26310,data_analyst,unknown,London,GB,adzuna_uk,40000.0,85000.0,GBP,annual,,62500.0,Data Analyst
13939,other,junior,Faisalabad,PK,chisel_pk,,,PKR,monthly,,,Full Time PPC Specialist Job in Pakistan
26311,other,senior,London,GB,adzuna_uk,54222.24,54222.24,GBP,annual,,54222.24,Director Product Offering Development
26312,data_analyst,unknown,Hackney,GB,adzuna_uk,98800.0,104000.0,GBP,annual,,101400.0,Data Analyst
26313,other,senior,Paddington,GB,adzuna_uk,48893.91,48893.91,GBP,annual,,48893.91,Tax Technology Manager
26314,other,senior,Charing Cross,GB,adzuna_uk,54580.74,54580.74,GBP,annual,,54580.74,Director of Slot Performance - EMEA
26315,analytics_engineer,junior,London,GB,adzuna_uk,50522.57,50522.57,GBP,annual,,50522.57,Junior Condition Monitoring & Analytics Engineer
26316,other,unknown,London,GB,adzuna_uk,73890.43,73890.43,GBP,annual,,73890.43,KDB Software Engineer III
26317,other,senior,London,GB,adzuna_uk,62151.76,62151.76,GBP,annual,,62151.76,Applied AI ML Lead
26318,other,senior,London,GB,adzuna_uk,56389.74,56389.74,GBP,annual,,56389.74,Tax Technology Manager
26319,other,unknown,London,GB,adzuna_uk,68486.75,68486.75,GBP,annual,,68486.75,Technical Pricing Analyst - eFinancialCareers
26320,other,senior,London,GB,adzuna_uk,151426.33,151426.33,GBP,annual,,151426.33,Principal Product Manager (Data)
26321,other,unknown,London,GB,adzuna_uk,69317.65,69317.65,GBP,annual,,69317.65,Python Quantitative Researcher - London- Global Quant Firm
26322,data_analyst,unknown,Farringdon,GB,adzuna_uk,45000.0,60000.0,GBP,annual,,52500.0,Data Analyst
26323,analytics_engineer,unknown,London,GB,adzuna_uk,71388.01,71388.01,GBP,annual,,71388.01,Data Engineer - Environmental & Climate Risk Tech
26324,data_analyst,unknown,London,GB,adzuna_uk,68812.13,68812.13,GBP,annual,,68812.13,Business Analyst – Data Governance & Microsoft Purview
26325,other,senior,London,GB,adzuna_uk,76892.68,76892.68,GBP,annual,,76892.68,Principal - Industry Advisory
26326,other,senior,London,GB,adzuna_uk,84125.66,84125.66,GBP,annual,,84125.66,Marketing Insight & Analytics Lead - Mat Cover
26327,other,junior,London,GB,adzuna_uk,67217.34,67217.34,GBP,annual,,67217.34,"Associate Director, Metals Trading Research"
26328,other,junior,London,GB,adzuna_uk,61377.19,61377.19,GBP,annual,,61377.19,"Associate Director, Metals Trading Research"
26329,other,senior,London,GB,adzuna_uk,75101.58,75101.58,GBP,annual,,75101.58,Customer Analytics Lead
26330,data_analyst,unknown,London,GB,adzuna_uk,73263.06,73263.06,GBP,annual,,73263.06,Fraud Data Analyst (Banking) - Remote then Onsite Kuwait
26331,other,senior,London,GB,adzuna_uk,59237.68,59237.68,GBP,annual,,59237.68,Revenue Operations Manager
26332,other,senior,London,GB,adzuna_uk,65000.0,68000.0,GBP,annual,,66500.0,Senior English Linguistics Lead
26333,other,senior,London,GB,adzuna_uk,82646.33,82646.33,GBP,annual,,82646.33,Senior Portfolio Manager
26334,other,senior,London,GB,adzuna_uk,45000.0,50000.0,GBP,annual,,47500.0,Information Manager
26335,other,senior,Farringdon,GB,adzuna_uk,65000.0,80000.0,GBP,annual,,72500.0,Digital Forensics Manager
9960,other,junior,Lahore,PK,chisel_pk,,,PKR,monthly,,,Full Time Unity 3D Game Developer Job in Pakistan
26336,other,unknown,South Wimbledon,GB,adzuna_uk,37740.4,37740.4,GBP,annual,,37740.4,Sales Development Representative
26337,other,senior,Isleworth,GB,adzuna_uk,54315.3,54315.3,GBP,annual,,54315.3,Insight and Measurement Manager
26338,other,senior,Isleworth,GB,adzuna_uk,57221.62,57221.62,GBP,annual,,57221.62,Senior Procurement Manager - Procurement Intelligence
26339,other,unknown,London,GB,adzuna_uk,46552.89,46552.89,GBP,annual,,46552.89,Data Science Research Assistant
26340,data_analyst,unknown,London,GB,adzuna_uk,48489.96,48489.96,GBP,annual,,48489.96,Data Analyst Financial Markets - Mandarin Speaking
26341,other,senior,London,GB,adzuna_uk,46724.04,46724.04,GBP,annual,,46724.04,Senior Fundraising Executive
26342,other,senior,London,GB,adzuna_uk,74140.38,74140.38,GBP,annual,,74140.38,"Senior Manager, Client Development (Head of UK Partnerships) - Capital One Ad Solutions (Remote)"
26343,other,junior,London,GB,adzuna_uk,63105.05,63105.05,GBP,annual,,63105.05,"Senior Internal Audit Analyst, Technology and Cyber Risk - Macquarie Group"
26344,data_scientist,unknown,London,GB,adzuna_uk,70529.54,70529.54,GBP,annual,,70529.54,Data Scientist
26345,analytics_engineer,unknown,London,GB,adzuna_uk,66570.45,66570.45,GBP,annual,,66570.45,Data Engineer
26346,data_analyst,unknown,London,GB,adzuna_uk,40730.16,40730.16,GBP,annual,,40730.16,Remediation Data Analyst
26347,analytics_engineer,senior,London,GB,adzuna_uk,63450.41,63450.41,GBP,annual,,63450.41,Senior Data Platform Engineer
26348,data_architect,unknown,London,GB,adzuna_uk,69950.98,69950.98,GBP,annual,,69950.98,AI Solution Architect
26349,data_analyst,unknown,London,GB,adzuna_uk,48699.99,48699.99,GBP,annual,,48699.99,Data Analyst
26350,other,junior,London,GB,adzuna_uk,76837.26,76837.26,GBP,annual,,76837.26,ESG Data & Reporting Senior Associate
26351,data_analyst,unknown,West London,GB,adzuna_uk,50000.0,50000.0,GBP,annual,,50000.0,Sustainable Procurement Data Analyst
26352,other,junior,London,GB,adzuna_uk,83767.41,83767.41,GBP,annual,,83767.41,Internal Audit - Treasury
26353,other,senior,Fenchurch St,GB,adzuna_uk,65106.85,65106.85,GBP,annual,,65106.85,Chief Commercial Officer - Direct and Facultative
26354,other,senior,South East London,GB,adzuna_uk,66945.06,66945.06,GBP,annual,,66945.06,WE&O Engineering Manager PSP & BS
26355,other,senior,London,GB,adzuna_uk,76919.08,76919.08,GBP,annual,,76919.08,"Team Leader - Funds Reference Data, - Enterprise Data Product"
26356,other,unknown,South West London,GB,adzuna_uk,90000.0,90000.0,GBP,annual,,90000.0,Data Modeller
26357,other,senior,London,GB,adzuna_uk,47000.0,52000.0,GBP,annual,,49500.0,Senior Sustainability Analyst
26358,other,senior,South East London,GB,adzuna_uk,50000.0,50000.0,GBP,annual,,50000.0,Senior Sustainability Analyst
26359,other,unknown,London,GB,adzuna_uk,40024.85,40024.85,GBP,annual,,40024.85,Software Engineering Expert - AI/ML
26360,other,junior,London,GB,adzuna_uk,42838.46,42838.46,GBP,annual,,42838.46,Assessments & Exercises Senior Associate
13941,other,mid,Islamabad,PK,chisel_pk,,,PKR,monthly,,,Full Time Node JS Developers (Full Time / Part Time / Project Basis) Jobs in Pakistan
26361,other,unknown,London,GB,adzuna_uk,61729.52,61729.52,GBP,annual,,61729.52,Power BI Analyst
26362,data_analyst,unknown,London,GB,adzuna_uk,40000.0,60000.0,GBP,annual,,50000.0,Data Analyst
26363,other,senior,London,GB,adzuna_uk,105736.72,105736.72,GBP,annual,,105736.72,"Assistant Vice President, Data Virtualisation Lead"
26364,analytics_engineer,senior,London,GB,adzuna_uk,92117.34,92117.34,GBP,annual,,92117.34,Lead Data Engineer – Market Data Systems
26365,other,unknown,London,GB,adzuna_uk,39539.31,39539.31,GBP,annual,,39539.31,Account Executive
26366,other,junior,The City,GB,adzuna_uk,53392.81,53392.81,GBP,annual,,53392.81,Data Science Machine Learning Internship (Summer 2027)
26367,bi_developer,senior,London,GB,adzuna_uk,80000.0,80000.0,GBP,annual,,80000.0,Senior Power BI Developer
26368,other,unknown,London,GB,adzuna_uk,71081.9,71081.9,GBP,annual,,71081.9,Process Modelling - BA - Private Equity - TWE46799
13942,other,junior,Islamabad,PK,chisel_pk,,,PKR,monthly,,,Full Time Senior CAD Designer Jobs in Pakistan
26369,other,unknown,London,GB,adzuna_uk,48981.6,48981.6,GBP,annual,,48981.6,Sales Specialist - Data & Feeds
26370,other,unknown,London,GB,adzuna_uk,57629.68,57629.68,GBP,annual,,57629.68,Technical Product Owner - KYC
26371,data_analyst,unknown,London,GB,adzuna_uk,93397.17,93397.17,GBP,annual,,93397.17,Domain Expert (Data & AI Strategy)
26372,other,unknown,London,GB,adzuna_uk,101537.45,101537.45,GBP,annual,,101537.45,Big Data Developer
26373,other,senior,London,GB,adzuna_uk,71394.2,71394.2,GBP,annual,,71394.2,Head of Data - PSD
26374,data_architect,unknown,London,GB,adzuna_uk,80000.0,94000.0,GBP,annual,,87000.0,Data Architect
26375,other,junior,London,GB,adzuna_uk,79055.8,79055.8,GBP,annual,,79055.8,"Senior Associate, Global Sustainable Investing and Operations"
26376,other,senior,London,GB,adzuna_uk,100000.0,140000.0,GBP,annual,,120000.0,UK Senior Data Lead
26377,analytics_engineer,unknown,London,GB,adzuna_uk,70000.0,80000.0,GBP,annual,,75000.0,Snowflake Data Engineer
26378,other,senior,London,GB,adzuna_uk,62112.12,62112.12,GBP,annual,,62112.12,"Lead Developer Advocate, SQL & Analytics Workloads"
26379,other,senior,London,GB,adzuna_uk,68824.87,68824.87,GBP,annual,,68824.87,Manager - Actimize SAM - Tuning & Calibration - Transaction Monitoring System
26380,other,unknown,London,GB,adzuna_uk,130000.0,134420.0,GBP,annual,,132210.0,Gen AI - Solutions Architect - Home based
26381,other,unknown,London,GB,adzuna_uk,82454.79,82454.79,GBP,annual,,82454.79,Consolidation and Reporting Specialist
26382,other,unknown,London,GB,adzuna_uk,35000.0,45000.0,GBP,annual,,40000.0,Building Performance Consultant
26383,other,senior,London,GB,adzuna_uk,36522.78,36522.78,GBP,annual,,36522.78,UKI Portfolio Insights Leader – Commercial Insurance
26384,data_architect,unknown,London,GB,adzuna_uk,85000.0,100000.0,GBP,annual,,92500.0,Data Architect - AWS
26385,other,unknown,London,GB,adzuna_uk,30000.0,30000.0,GBP,annual,,30000.0,Production Planner
13943,other,junior,Islamabad,PK,chisel_pk,,,PKR,monthly,,,Full Time Trainee CAD Designer Jobs in Pakistan
26386,data_analyst,unknown,London,GB,adzuna_uk,41600.0,50000.0,GBP,annual,,45800.0,"Data Analyst (London, UK)"
26387,other,senior,London,GB,adzuna_uk,81115.31,81115.31,GBP,annual,,81115.31,Product Manager - Funds & Index Analytics
26388,other,senior,London,GB,adzuna_uk,89041.62,89041.62,GBP,annual,,89041.62,VP of Product Data
26389,other,senior,London,GB,adzuna_uk,65000.0,68000.0,GBP,annual,,66500.0,Senior English Linguistics Lead
26390,other,senior,London,GB,adzuna_uk,76155.38,76155.38,GBP,annual,,76155.38,Risk Transformation Manager - London hybrid
26391,other,senior,London,GB,adzuna_uk,62156.62,62156.62,GBP,annual,,62156.62,"Director, Data Science, Digital & Insights, Strategic Communications"
26392,other,senior,London,GB,adzuna_uk,52956.99,52956.99,GBP,annual,,52956.99,Regulatory Reporting Manager
26393,other,senior,London,GB,adzuna_uk,50097.38,50097.38,GBP,annual,,50097.38,Senior Analyst
26394,other,unknown,Fleet Street,GB,adzuna_uk,81729.21,81729.21,GBP,annual,,81729.21,Experienced Recruiter (Strategy and M&A)
26395,other,senior,Fleet Street,GB,adzuna_uk,50000.0,65000.0,GBP,annual,,57500.0,Senior Software Engineer
26396,other,senior,London,GB,adzuna_uk,73294.3,73294.3,GBP,annual,,73294.3,"Director, Systems Operational Excellence, EMEA"
26397,operations_analyst,unknown,Victoria,GB,adzuna_uk,50114.77,50114.77,GBP,annual,,50114.77,UK Business Intelligence Analyst- Travel & Expense
26398,other,unknown,London,GB,adzuna_uk,69605.21,69605.21,GBP,annual,,69605.21,Experienced Recruiter (Strategy and M&A)
26399,other,junior,London,GB,adzuna_uk,39321.02,39321.02,GBP,annual,,39321.02,"AVP, Internal Audit"
26400,other,unknown,London,GB,adzuna_uk,57817.23,57817.23,GBP,annual,,57817.23,Recruitment Consultant - Transformation & Change
26401,other,junior,London,GB,adzuna_uk,56382.64,56382.64,GBP,annual,,56382.64,"Associate, Investment Banking - Technology - London"
26402,other,senior,London,GB,adzuna_uk,76099.11,76099.11,GBP,annual,,76099.11,"Lead Software Engineer, VP"
13862,data_analyst,junior,Islamabad,PK,chisel_pk,,,PKR,monthly,,,Full Time CSR / Telecom Data Management Executive Jobs in Pakistan
26403,other,unknown,London,GB,adzuna_uk,75392.93,75392.93,GBP,annual,,75392.93,"Business Intelligence Engineer, Amazon Customer Service"
26404,other,senior,London,GB,adzuna_uk,84673.63,84673.63,GBP,annual,,84673.63,"Director, VAT UK & Europe (London)"
26405,other,junior,London,GB,adzuna_uk,54117.37,54117.37,GBP,annual,,54117.37,Internal Auditor - EMEA
26406,other,unknown,London,GB,adzuna_uk,61711.92,61711.92,GBP,annual,,61711.92,Capital Markets Consultant (BA/PM - Post Trade Services)
26407,other,senior,London,GB,adzuna_uk,56546.07,56546.07,GBP,annual,,56546.07,Senior Product Manager for AI Observability - London Stock Exchange Group
26408,data_analyst,unknown,London,GB,adzuna_uk,57897.95,57897.95,GBP,annual,,57897.95,Data Analyst III
26409,other,unknown,London,GB,adzuna_uk,47783.06,47783.06,GBP,annual,,47783.06,FID - EU Flow Rates Strat
26410,other,senior,London,GB,adzuna_uk,60888.98,60888.98,GBP,annual,,60888.98,Senior Manager - Financial Crime Advisory
9789,other,mid,Karachi,PK,chisel_pk,,,PKR,monthly,,,Full Time Warehouse Job in Pakistan
26411,other,unknown,Poplar,GB,adzuna_uk,71078.57,71078.57,GBP,annual,,71078.57,Quant Developer
26412,other,unknown,Feltham,GB,adzuna_uk,30000.0,35000.0,GBP,annual,,32500.0,Quality & Compliance Executive
26413,data_analyst,unknown,London,GB,adzuna_uk,63934.03,63934.03,GBP,annual,,63934.03,CRM Data Analyst
26414,other,senior,Finsbury,GB,adzuna_uk,60000.0,90000.0,GBP,annual,,75000.0,Senior Data Consultant
26415,other,unknown,Heathrow,GB,adzuna_uk,30000.0,35000.0,GBP,annual,,32500.0,Quality & Compliance Executive
26416,other,senior,The City,GB,adzuna_uk,60000.0,65000.0,GBP,annual,,62500.0,Workplace and Operations Lead - EMEA
26417,other,senior,London,GB,adzuna_uk,60000.0,65000.0,GBP,annual,,62500.0,Workplace and Operations Lead - EMEA
26418,data_analyst,unknown,London,GB,adzuna_uk,78834.69,78834.69,GBP,annual,,78834.69,Purview Data Governance Consultant
13944,other,junior,Islamabad,PK,chisel_pk,,,PKR,monthly,,,Full Time Electrical Engineering Intern Job in Pakistan
26419,marketing_analyst,senior,London,GB,adzuna_uk,51429.79,51429.79,GBP,annual,,51429.79,Lead Digital Analyst
26420,other,senior,Holborn,GB,adzuna_uk,57906.24,57906.24,GBP,annual,,57906.24,Head of Marketing
26421,other,junior,London,GB,adzuna_uk,73570.5,73570.5,GBP,annual,,73570.5,Oliver Wyman: Finance & Risk / Senior Consultant - Associate / UK
26422,other,senior,London,GB,adzuna_uk,81042.01,81042.01,GBP,annual,,81042.01,Principal Software Engineer - Full Stack Python/AWS
26423,other,senior,London,GB,adzuna_uk,62790.9,62790.9,GBP,annual,,62790.9,Data Science Manager
26424,data_architect,senior,London,GB,adzuna_uk,91689.63,91689.63,GBP,annual,,91689.63,"Senior Analytics Solution Architect, UK & Ireland, Amazon Global Sales, AWS"
26425,analytics_engineer,senior,London,GB,adzuna_uk,66482.02,66482.02,GBP,annual,,66482.02,Senior Analytics Engineer
26426,other,unknown,Farringdon,GB,adzuna_uk,71500.0,84500.0,GBP,annual,,78000.0,Reward Specialist - Compensation
13945,other,junior,Lahore,PK,chisel_pk,,,PKR,monthly,,,Full Time Email Marketing Specialist Job in Pakistan
26427,other,senior,London,GB,adzuna_uk,82870.32,82870.32,GBP,annual,,82870.32,Senior Risk Manager
26428,other,senior,London,GB,adzuna_uk,80000.0,85000.0,GBP,annual,,82500.0,Program Lead
26429,other,unknown,Angel,GB,adzuna_uk,39245.94,39245.94,GBP,annual,,39245.94,Sales Support Specialist
26430,other,junior,The City,GB,adzuna_uk,30000.0,30000.0,GBP,annual,,30000.0,Associate - Trainee Recruitment Consultant
26431,other,unknown,London,GB,adzuna_uk,63315.01,63315.01,GBP,annual,,63315.01,Deputy Class Underwriter - Political Violence - Chaucer Group
26432,other,senior,London,GB,adzuna_uk,82576.84,82576.84,GBP,annual,,82576.84,"Senior Director, AI Solutions"
26433,other,senior,London,GB,adzuna_uk,81022.23,81022.23,GBP,annual,,81022.23,"Senior Director, Data Solutions & Architecture"
26434,other,senior,Blackfriars,GB,adzuna_uk,78845.73,78845.73,GBP,annual,,78845.73,Tax Technology Director
13946,other,junior,Rawalpindi,PK,chisel_pk,,,PKR,monthly,,,Full Time Accountant Job in Pakistan
26435,data_analyst,junior,London,GB,adzuna_uk,43798.21,43798.21,GBP,annual,,43798.21,"Graduate Analyst, Data & AI Innovation"
26436,other,senior,London,GB,adzuna_uk,82175.48,82175.48,GBP,annual,,82175.48,Sr.Product Manager - Threat Intelligence Analytics
26437,data_architect,unknown,London,GB,adzuna_uk,112602.96,112602.96,GBP,annual,,112602.96,Customer Solution Architect
26438,other,senior,London,GB,adzuna_uk,30791.6,30791.6,GBP,annual,,30791.6,"Manager, Analytics - Global Clients"
26439,other,senior,South East London,GB,adzuna_uk,55000.0,70000.0,GBP,annual,,62500.0,Senior Analytical Chemist
26440,data_architect,senior,London,GB,adzuna_uk,91873.45,91873.45,GBP,annual,,91873.45,"Director, Enterprise Architect"
26441,data_architect,senior,London,GB,adzuna_uk,88281.9,88281.9,GBP,annual,,88281.9,"Director, Enterprise Architect - London Stock Exchange Group"
26442,other,senior,London,GB,adzuna_uk,68581.52,68581.52,GBP,annual,,68581.52,Aritifical Intelligence Research Lead
13947,other,junior,Karachi,PK,chisel_pk,,,PKR,monthly,,,Full Time Computer Operator Jobs in Pakistan
26443,other,senior,South East London,GB,adzuna_uk,70000.0,70000.0,GBP,annual,,70000.0,Senior Analytical Chemist
26444,other,senior,London,GB,adzuna_uk,49428.19,49428.19,GBP,annual,,49428.19,"Freelance Senior Account Manager, Social Media"
26445,other,junior,London,GB,adzuna_uk,27904.96,27904.96,GBP,annual,,27904.96,Junior Accounts Payable Assistant
26446,other,senior,London,GB,adzuna_uk,62284.08,62284.08,GBP,annual,,62284.08,Business Continuity & Insurance Manager
26447,other,unknown,Soho,GB,adzuna_uk,35360.0,35360.0,GBP,annual,,35360.0,Retail Fraud Analyst
26448,data_analyst,unknown,London,GB,adzuna_uk,55173.8,55173.8,GBP,annual,,55173.8,"Business Analyst, Business Intelligence"
26449,data_architect,unknown,Farringdon,GB,adzuna_uk,100000.0,120000.0,GBP,annual,,110000.0,Azure Pre-Sales Solution Architect
26450,other,junior,London,GB,adzuna_uk,99500.0,117500.0,GBP,annual,,108500.0,Staff Decision Scientist (International)
26451,other,senior,London,GB,adzuna_uk,75091.12,75091.12,GBP,annual,,75091.12,EMEA Credit Technology Delivery & Architecture Lead
26452,other,senior,London,GB,adzuna_uk,182000.0,182000.0,GBP,annual,,182000.0,Senior UX Researcher (Software Platform)
26453,data_analyst,junior,London,GB,adzuna_uk,30000.0,30000.0,GBP,annual,,30000.0,Junior Data Analyst
26454,data_analyst,junior,Central London,GB,adzuna_uk,35000.0,35000.0,GBP,annual,,35000.0,Junior Data Analyst – Tech Startup
26455,data_scientist,junior,London,GB,adzuna_uk,25000.0,28000.0,GBP,annual,,26500.0,Graduate Data Scientist / Junior Analyst
26456,data_analyst,junior,Harrow,GB,adzuna_uk,30000.0,50000.0,GBP,annual,,40000.0,Trainee Data Analyst
26457,data_analyst,junior,London,GB,adzuna_uk,30000.0,50000.0,GBP,annual,,40000.0,Data Analyst Trainee
26458,data_analyst,junior,London,GB,adzuna_uk,30000.0,50000.0,GBP,annual,,40000.0,Data Analyst Trainee
26459,other,junior,London,GB,adzuna_uk,45941.26,45941.26,GBP,annual,,45941.26,Junior Growth Analyst - Sherpany
26460,data_analyst,junior,Kingston Upon Thames,GB,adzuna_uk,30000.0,50000.0,GBP,annual,,40000.0,Trainee Data Analyst
26461,data_analyst,junior,Heathrow,GB,adzuna_uk,30000.0,50000.0,GBP,annual,,40000.0,Data Analyst Trainee
26462,data_analyst,junior,London,GB,adzuna_uk,30000.0,50000.0,GBP,annual,,40000.0,Data Analyst Trainee
26463,data_analyst,junior,Enfield,GB,adzuna_uk,30000.0,50000.0,GBP,annual,,40000.0,Data Analyst Trainee
26464,data_analyst,junior,Twickenham,GB,adzuna_uk,30000.0,50000.0,GBP,annual,,40000.0,Data Analyst Trainee
26465,data_analyst,junior,Harrow,GB,adzuna_uk,30000.0,50000.0,GBP,annual,,40000.0,Data Analyst Trainee
26466,data_analyst,junior,Uxbridge,GB,adzuna_uk,30000.0,50000.0,GBP,annual,,40000.0,Trainee Data Analyst
26467,data_analyst,junior,Bromley,GB,adzuna_uk,30000.0,50000.0,GBP,annual,,40000.0,Trainee Data Analyst
26468,data_analyst,junior,Enfield,GB,adzuna_uk,30000.0,50000.0,GBP,annual,,40000.0,Trainee Data Analyst
26469,other,junior,London,GB,adzuna_uk,30000.0,50000.0,GBP,annual,,40000.0,Data Science Trainee
26470,data_analyst,junior,Croydon,GB,adzuna_uk,30000.0,50000.0,GBP,annual,,40000.0,Trainee Data Analyst
26471,data_scientist,senior,London,GB,adzuna_uk,66413.2,66413.2,GBP,annual,,66413.2,Senior Data Scientist
26472,data_scientist,unknown,London,GB,adzuna_uk,80170.59,80170.59,GBP,annual,,80170.59,Data Scientist - AI - Managing Consultant
26473,data_scientist,unknown,London,GB,adzuna_uk,80438.41,80438.41,GBP,annual,,80438.41,Data Scientist - AI - Managing Consultant
26474,other,senior,London,GB,adzuna_uk,50847.78,50847.78,GBP,annual,,50847.78,"Marketing Science Manager, Forecasting"
26475,other,unknown,Kings Cross,GB,adzuna_uk,58021.49,58021.49,GBP,annual,,58021.49,Analytics & Insights Strategist
26476,data_analyst,unknown,West End,GB,adzuna_uk,42850.11,42850.11,GBP,annual,,42850.11,Technical Business Analyst
26477,data_scientist,senior,London,GB,adzuna_uk,64651.65,64651.65,GBP,annual,,64651.65,Senior Data Scientist
13948,other,junior,Karachi,PK,chisel_pk,,,PKR,monthly,,,Full Time Sales Executive Job in Pakistan
26478,other,unknown,London,GB,adzuna_uk,62250.77,62250.77,GBP,annual,,62250.77,Ceded Re Analyst
26479,data_analyst,senior,London,GB,adzuna_uk,31994.57,31994.57,GBP,annual,,31994.57,Senior Data Governance Analyst
26480,data_analyst,senior,London,GB,adzuna_uk,130000.0,130000.0,GBP,annual,,130000.0,Senior Data Analyst
26481,data_analyst,senior,London,GB,adzuna_uk,45000.0,55000.0,GBP,annual,,50000.0,Senior Data Analyst
26482,data_analyst,senior,London,GB,adzuna_uk,50000.0,55000.0,GBP,annual,,52500.0,Senior Data Analyst
26483,data_analyst,senior,London,GB,adzuna_uk,48338.52,48338.52,GBP,annual,,48338.52,Senior Data Analyst
26484,data_analyst,senior,London,GB,adzuna_uk,48177.81,48177.81,GBP,annual,,48177.81,Senior Data Analyst
26485,data_analyst,senior,Bankside,GB,adzuna_uk,61001.33,61001.33,GBP,annual,,61001.33,Senior Data Analyst
26486,data_analyst,senior,London,GB,adzuna_uk,57901.32,57901.32,GBP,annual,,57901.32,Senior Data Analyst
26487,data_analyst,senior,London,GB,adzuna_uk,68975.41,68975.41,GBP,annual,,68975.41,Senior Data Analyst
26488,data_analyst,senior,Kings Cross,GB,adzuna_uk,49626.14,49626.14,GBP,annual,,49626.14,Senior Data Analyst
26489,data_analyst,senior,The City,GB,adzuna_uk,65000.0,75000.0,GBP,annual,,70000.0,Senior Data Analyst
26490,data_analyst,senior,London,GB,adzuna_uk,70000.0,75000.0,GBP,annual,,72500.0,Senior Data Analyst
26491,data_analyst,senior,West London,GB,adzuna_uk,70000.0,70000.0,GBP,annual,,70000.0,Senior Data Analyst
26492,data_analyst,senior,Fenchurch St,GB,adzuna_uk,41566.38,41566.38,GBP,annual,,41566.38,Senior Data Analyst
26493,data_analyst,senior,Farringdon,GB,adzuna_uk,70000.0,75000.0,GBP,annual,,72500.0,Senior Data Analyst
26494,data_analyst,senior,Piccadilly,GB,adzuna_uk,65000.0,75000.0,GBP,annual,,70000.0,Senior Data Analyst
13949,other,junior,Lahore,PK,chisel_pk,,,PKR,monthly,,,Full Time Website Data Entry And Manager Job in Pakistan
26495,data_analyst,senior,London,GB,adzuna_uk,55594.23,55594.23,GBP,annual,,55594.23,Senior Data Analyst
26496,data_analyst,senior,Hammersmith,GB,adzuna_uk,45907.36,45907.36,GBP,annual,,45907.36,Senior Data Analyst
26497,data_analyst,senior,London,GB,adzuna_uk,41288.12,41288.12,GBP,annual,,41288.12,Senior Data Analyst
26498,data_analyst,senior,St Pancras,GB,adzuna_uk,50482.02,50482.02,GBP,annual,,50482.02,Senior Data Analyst
26499,data_analyst,senior,London,GB,adzuna_uk,54048.93,54048.93,GBP,annual,,54048.93,Senior Data Analyst
26500,data_analyst,senior,Tower Bridge,GB,adzuna_uk,51911.17,51911.17,GBP,annual,,51911.17,Senior Data Analyst
26501,data_analyst,senior,South East London,GB,adzuna_uk,40000.0,40000.0,GBP,annual,,40000.0,Senior Data Analyst
26502,data_analyst,senior,London,GB,adzuna_uk,60622.4,60622.4,GBP,annual,,60622.4,Senior Data Analyst
26503,data_analyst,senior,Clerkenwell,GB,adzuna_uk,45763.81,45763.81,GBP,annual,,45763.81,Senior Data Analyst
26504,data_analyst,senior,London,GB,adzuna_uk,54939.83,54939.83,GBP,annual,,54939.83,Senior Data Analyst
26505,data_analyst,senior,London,GB,adzuna_uk,68649.71,68649.71,GBP,annual,,68649.71,Senior Data Analyst
26506,data_analyst,senior,London,GB,adzuna_uk,40000.0,43000.0,GBP,annual,,41500.0,Senior Data Analyst
26507,data_analyst,senior,Farringdon,GB,adzuna_uk,75000.0,85000.0,GBP,annual,,80000.0,Senior Data Analyst/BA
26508,data_analyst,senior,London,GB,adzuna_uk,77002.09,77002.09,GBP,annual,,77002.09,Senior Data Analyst - Growth
26509,data_analyst,senior,London,GB,adzuna_uk,75090.34,75090.34,GBP,annual,,75090.34,Senior Data Analyst - Growth
26510,data_analyst,senior,London,GB,adzuna_uk,48861.42,48861.42,GBP,annual,,48861.42,Senior Data Analyst II
26511,data_analyst,senior,London,GB,adzuna_uk,63471.83,63471.83,GBP,annual,,63471.83,Senior Data Analyst - Marketing
26512,data_analyst,senior,London,GB,adzuna_uk,69092.52,69092.52,GBP,annual,,69092.52,Senior Data Analyst - Content
26513,data_analyst,senior,London,GB,adzuna_uk,60000.0,75000.0,GBP,annual,,67500.0,Senior Data Analyst - Marketing Science
26514,data_analyst,senior,London,GB,adzuna_uk,51000.95,51000.95,GBP,annual,,51000.95,"Senior Data Analyst, Financial Health"
26515,data_analyst,senior,London,GB,adzuna_uk,64723.58,64723.58,GBP,annual,,64723.58,Senior Data Analyst - Platform Pricing
26516,data_analyst,senior,London,GB,adzuna_uk,50710.83,50710.83,GBP,annual,,50710.83,Senior Data Analyst - Last Mile
26517,data_analyst,senior,London,GB,adzuna_uk,51870.89,51870.89,GBP,annual,,51870.89,Senior Data Analyst - Strategic Finance
26518,data_analyst,senior,London,GB,adzuna_uk,64740.31,64740.31,GBP,annual,,64740.31,Senior Data Analyst - Regulatory Reporting
26519,data_analyst,senior,London,GB,adzuna_uk,62026.88,62026.88,GBP,annual,,62026.88,Senior Data Analyst - Regulatory Reporting
26520,data_analyst,senior,London,GB,adzuna_uk,61283.5,61283.5,GBP,annual,,61283.5,Senior Data Analyst- SEM/PPC
13950,other,junior,Lahore,PK,chisel_pk,,,PKR,monthly,,,Full Time Field Marketing Representative Job in Pakistan
26521,data_analyst,senior,London,GB,adzuna_uk,51866.49,51866.49,GBP,annual,,51866.49,Senior Data Analyst - Payment Operations
26522,data_analyst,senior,London,GB,adzuna_uk,80952.33,80952.33,GBP,annual,,80952.33,Senior Data Analyst - Product Reliability
26523,data_analyst,senior,London,GB,adzuna_uk,72294.08,72294.08,GBP,annual,,72294.08,Senior Data Analyst - CRM Analytics
26524,data_analyst,senior,London,GB,adzuna_uk,51240.82,51240.82,GBP,annual,,51240.82,Senior Data Analyst - Payment Operations
26525,data_analyst,senior,London,GB,adzuna_uk,49740.0,49740.0,GBP,annual,,49740.0,Senior data analyst - 6 month FTC
26526,data_analyst,senior,London,GB,adzuna_uk,50537.94,50537.94,GBP,annual,,50537.94,Senior Data Analyst - Customer Insight & Performance
26527,data_analyst,senior,London,GB,adzuna_uk,51053.8,51053.8,GBP,annual,,51053.8,Senior Data Analyst – PropTech/SaaS Startup
26528,data_analyst,senior,London,GB,adzuna_uk,65786.23,65786.23,GBP,annual,,65786.23,Senior Data Analyst - Wise Platform Pricing
13951,other,senior,Islamabad,PK,chisel_pk,,,PKR,monthly,,,Full Time Technical Engineering Manager Job in Pakistan
26529,data_analyst,senior,London,GB,adzuna_uk,63067.75,63067.75,GBP,annual,,63067.75,Senior Data Analyst - Digital Legal Delivery
26530,data_analyst,senior,London,GB,adzuna_uk,68771.2,68771.2,GBP,annual,,68771.2,"Senior Data Analyst, Compliance (12-Month FTC)"
26531,data_analyst,senior,London,GB,adzuna_uk,43000.0,50000.0,GBP,annual,,46500.0,Senior Planning & Data Analyst
26532,data_analyst,senior,London,GB,adzuna_uk,54734.36,54734.36,GBP,annual,,54734.36,Senior Investment Data Analyst - Universities Superannuation Scheme Limited
26533,data_analyst,senior,The City,GB,adzuna_uk,85000.0,95000.0,GBP,annual,,90000.0,Senior Data Governance Analyst
26534,data_analyst,senior,Kings Cross,GB,adzuna_uk,49573.35,49573.35,GBP,annual,,49573.35,Senior UK Data Analyst
26535,data_analyst,senior,Farringdon,GB,adzuna_uk,43000.0,50000.0,GBP,annual,,46500.0,Senior Planning & Data Analyst
26536,data_analyst,senior,London,GB,adzuna_uk,56776.0,56776.0,GBP,annual,,56776.0,Senior Data Protection Analyst
13952,other,junior,Lahore,PK,chisel_pk,,,PKR,monthly,,,Full Time Junior SQA Engineer Jobs in Pakistan
26537,data_analyst,senior,London,GB,adzuna_uk,57395.59,57395.59,GBP,annual,,57395.59,Senior Data Business Analyst
26538,data_analyst,senior,London,GB,adzuna_uk,69122.71,69122.71,GBP,annual,,69122.71,Senior Data Privacy Analyst
26539,data_analyst,senior,Richmond,GB,adzuna_uk,53391.58,53391.58,GBP,annual,,53391.58,Senior Commercial Data Analyst
26540,data_analyst,senior,London,GB,adzuna_uk,31994.57,31994.57,GBP,annual,,31994.57,Senior Data Governance Analyst
26541,data_analyst,senior,London,GB,adzuna_uk,59324.97,59324.97,GBP,annual,,59324.97,Senior Market Data Analyst
26542,data_analyst,senior,London,GB,adzuna_uk,49139.61,49139.61,GBP,annual,,49139.61,Senior Data & AI Analyst
26543,data_analyst,senior,London,GB,adzuna_uk,65265.44,65265.44,GBP,annual,,65265.44,Senior Quantitative Data Analyst
26544,data_analyst,senior,London,GB,adzuna_uk,56506.88,56506.88,GBP,annual,,56506.88,Senior Data Design Analyst
26545,data_analyst,senior,London,GB,adzuna_uk,56264.47,56264.47,GBP,annual,,56264.47,Senior Data Governance Analyst
26546,data_analyst,senior,Islington,GB,adzuna_uk,61963.0,61963.0,GBP,annual,,61963.0,Senior Data & Performance Analyst (Hybrid)
26547,data_analyst,senior,London,GB,adzuna_uk,82530.16,82530.16,GBP,annual,,82530.16,Senior Marketing Data Analyst - Marketing Science
26548,other,senior,London,GB,adzuna_uk,43149.59,43149.59,GBP,annual,,43149.59,"21030 - Senior Data Strategy Analyst, JCTPPH"
26549,data_analyst,senior,London,GB,adzuna_uk,47855.71,47855.71,GBP,annual,,47855.71,Senior Product Data Analyst - Consumer Growth
26550,data_analyst,senior,London,GB,adzuna_uk,43238.69,43238.69,GBP,annual,,43238.69,Senior Product Data Analyst- Consumer Growth
26551,other,senior,London,GB,adzuna_uk,69163.06,69163.06,GBP,annual,,69163.06,"Senior Analyst, Data & Insights"
26552,data_analyst,senior,London,GB,adzuna_uk,47886.3,47886.3,GBP,annual,,47886.3,Senior Strategy and Data Analyst
26553,data_analyst,senior,London,GB,adzuna_uk,45883.99,45883.99,GBP,annual,,45883.99,Senior Strategy and Data Analyst
13953,other,junior,Islamabad,PK,chisel_pk,,,PKR,monthly,,,Full Time Software Engineer Job in Pakistan
13954,other,junior,Karachi,PK,chisel_pk,,,PKR,monthly,,,Full Time Customer Service Jobs in Pakistan
26554,data_analyst,senior,London,GB,adzuna_uk,62996.81,62996.81,GBP,annual,,62996.81,Senior Market Data Analyst - Man Group plc
26555,data_analyst,senior,London,GB,adzuna_uk,52442.35,52442.35,GBP,annual,,52442.35,Senior Business Data Analyst - M&G plc.
26556,data_analyst,senior,London,GB,adzuna_uk,77284.67,77284.67,GBP,annual,,77284.67,"Senior Manager, Product Data Analyst"
26557,other,senior,London,GB,adzuna_uk,34037.46,34037.46,GBP,annual,,34037.46,Senior Analyst-Accounting & Data Services - Northern Trust
26558,data_analyst,senior,London,GB,adzuna_uk,50751.27,50751.27,GBP,annual,,50751.27,"Senior Analyst, Data Governance & Technical Privacy"
26559,data_analyst,senior,Stratford,GB,adzuna_uk,49000.0,58000.0,GBP,annual,,53500.0,Senior Business Analyst (Research Data)
26560,data_analyst,senior,Stratford,GB,adzuna_uk,49000.0,58000.0,GBP,annual,,53500.0,Senior Business Analyst (Research Data)
26561,data_analyst,senior,London,GB,adzuna_uk,51094.33,51094.33,GBP,annual,,51094.33,Senior Data Quality and Governance Analyst
13955,other,junior,Karachi,PK,chisel_pk,,,PKR,monthly,,,Full Time I.T. Staff Jobs in Pakistan
26562,other,junior,London,GB,adzuna_uk,75741.52,75741.52,GBP,annual,,75741.52,"Senior Analyst - Model, Data and AI Risk Internal Audit - Macquarie Group"
26563,data_analyst,senior,London,GB,adzuna_uk,54983.02,54983.02,GBP,annual,,54983.02,Senior Project Controls Data & Reporting Analyst
26564,data_analyst,senior,London,GB,adzuna_uk,68601.87,68601.87,GBP,annual,,68601.87,Senior Consultant – Reinsurance Business Data Analyst
26565,data_analyst,senior,London,GB,adzuna_uk,46631.68,46631.68,GBP,annual,,46631.68,Senior Consultant – Local Government Data Analyst
26566,data_analyst,senior,London,GB,adzuna_uk,80763.95,80763.95,GBP,annual,,80763.95,Senior Technical Business Analyst/Data Product Owner - Asset Management - Fixed Income
26567,other,senior,London,GB,adzuna_uk,150000.0,150000.0,GBP,annual,,150000.0,Senior Compliance Analyst - Control Room & Data
26568,data_analyst,senior,London,GB,adzuna_uk,104000.0,130000.0,GBP,annual,,117000.0,Senior Product Data Scientist / Product Data Analyst
26569,data_analyst,senior,London,GB,adzuna_uk,130000.0,130000.0,GBP,annual,,130000.0,Senior Product Data Scientist/ Product Data Analyst
26570,data_analyst,senior,London,GB,adzuna_uk,66795.2,66795.2,GBP,annual,,66795.2,Data Privacy & AI Governance Senior Analyst
26571,data_analyst,senior,London,GB,adzuna_uk,51177.04,51177.04,GBP,annual,,51177.04,Data Governance Foundation Senior Lead Analyst (SVP) - Citi
26572,data_analyst,senior,London,GB,adzuna_uk,57611.76,57611.76,GBP,annual,,57611.76,"Senior Business Analyst – AI, Automation and Data – Tax"
26573,data_analyst,unknown,Farringdon,GB,adzuna_uk,66300.0,73580.0,GBP,annual,,69940.0,Business Analyst
26574,data_analyst,unknown,London,GB,adzuna_uk,66398.0,73756.0,GBP,annual,,70077.0,Business Analyst
26575,other,senior,Forest Hill,GB,adzuna_uk,54814.85,54814.85,GBP,annual,,54814.85,Data Lead
26576,other,senior,London,GB,adzuna_uk,57309.71,57309.71,GBP,annual,,57309.71,Senior Governance Analyst
26577,data_analyst,unknown,London,GB,adzuna_uk,50344.99,50344.99,GBP,annual,,50344.99,BI Analyst
13956,other,junior,Islamabad,PK,chisel_pk,,,PKR,monthly,,,Full Time Ecommerce Executive (Trainee) Jobs in Pakistan
26578,data_analyst,unknown,London,GB,adzuna_uk,40000.0,60000.0,GBP,annual,,50000.0,Data Analyst
26579,data_analyst,unknown,Marylebone,GB,adzuna_uk,100000.0,100000.0,GBP,annual,,100000.0,Data Analyst
26580,data_analyst,unknown,Central London,GB,adzuna_uk,100000.0,100000.0,GBP,annual,,100000.0,Data Analyst
26581,data_analyst,unknown,Blackfriars,GB,adzuna_uk,47611.98,47611.98,GBP,annual,,47611.98,"Annuities Data Analyst, RS&AM"
26582,other,senior,London,GB,adzuna_uk,59890.02,59890.02,GBP,annual,,59890.02,"Manager, Pricing and Reference Data, RBC BlueBay Asset Management (London)"
26583,other,senior,London,GB,adzuna_uk,75223.29,75223.29,GBP,annual,,75223.29,Data Analytics Senior Manager
26584,product_analyst,senior,London,GB,adzuna_uk,48560.16,48560.16,GBP,annual,,48560.16,Senior Product Analyst
26585,analytics_engineer,senior,St Lukes,GB,adzuna_uk,75000.0,80000.0,GBP,annual,,77500.0,Senior Data Engineer
13957,other,junior,Karachi,PK,chisel_pk,,,PKR,monthly,,,Full Time Business Development Executive Jobs in Pakistan
26586,data_analyst,junior,Monument,GB,adzuna_uk,28000.0,32000.0,GBP,annual,,30000.0,Associate Accounting Data Analyst Asian Language
26587,data_scientist,senior,London,GB,adzuna_uk,60000.0,75000.0,GBP,annual,,67500.0,Senior Data Scientist and Marketing Effectiveness (MMM)
26588,other,unknown,London,GB,adzuna_uk,59992.0,59992.0,GBP,annual,,59992.0,Fraud Analyst - L2 (Banking) - Remote then Onsite Kuwait
26589,other,senior,South West London,GB,adzuna_uk,100000.0,100000.0,GBP,annual,,100000.0,Principal Product Manager
26590,product_analyst,senior,London,GB,adzuna_uk,68512.49,68512.49,GBP,annual,,68512.49,Senior Product Analyst
26591,analytics_engineer,senior,London,GB,adzuna_uk,83803.12,83803.12,GBP,annual,,83803.12,Head of Data Engineering
26592,other,senior,London,GB,adzuna_uk,73088.11,73088.11,GBP,annual,,73088.11,"Director, Search & AI Evaluation"
26593,other,senior,London,GB,adzuna_uk,66056.81,66056.81,GBP,annual,,66056.81,"Director, Search & AI Evaluation"
9790,other,mid,Karachi,PK,chisel_pk,,,PKR,monthly,,,Full Time Production Manager Job in Pakistan
26594,data_analyst,unknown,London,GB,adzuna_uk,56279.01,56279.01,GBP,annual,,56279.01,"Data Analyst, Compliance (12-Month FTC)"
26595,other,senior,London,GB,adzuna_uk,76682.58,76682.58,GBP,annual,,76682.58,Treasury Senior Analyst
26596,analytics_engineer,senior,Farringdon,GB,adzuna_uk,75000.0,80000.0,GBP,annual,,77500.0,Senior Data Engineer
26597,other,junior,London,GB,adzuna_uk,37661.52,37661.52,GBP,annual,,37661.52,Graduate Commercial Insights Analyst
26598,data_analyst,senior,London,GB,adzuna_uk,52457.26,52457.26,GBP,annual,,52457.26,Senior Regulatory Reporting Analyst
26599,other,senior,London,GB,adzuna_uk,54568.56,54568.56,GBP,annual,,54568.56,Senior Process Analyst
26600,other,unknown,Kings Cross,GB,adzuna_uk,58021.49,58021.49,GBP,annual,,58021.49,Analytics & Insights Strategist
26601,other,senior,London,GB,adzuna_uk,61259.07,61259.07,GBP,annual,,61259.07,Senior People Analyst
13958,other,junior,Islamabad,PK,chisel_pk,,,PKR,monthly,,,Full Time Android App Developer Jobs in Pakistan
26602,other,senior,Central London,GB,adzuna_uk,62000.0,115000.0,GBP,annual,,88500.0,Data Science Manager
26603,analytics_engineer,unknown,London,GB,adzuna_uk,50608.69,50608.69,GBP,annual,,50608.69,Staff Data Engineer — Subscriptions User Understanding
26604,data_scientist,unknown,London,GB,adzuna_uk,62727.94,62727.94,GBP,annual,,62727.94,Staff Data Scientist - Network
26605,other,senior,London,GB,adzuna_uk,69145.52,69145.52,GBP,annual,,69145.52,Data & Analytics Lead
26606,other,senior,London,GB,adzuna_uk,61757.2,61757.2,GBP,annual,,61757.2,Group Product Manager - Retail and Digital Data
26607,other,senior,Farringdon,GB,adzuna_uk,64776.0,64776.0,GBP,annual,,64776.0,Group Product Manager - Retail and Digital Data
26608,other,senior,London,GB,adzuna_uk,60423.5,60423.5,GBP,annual,,60423.5,Group Product Manager - Retail and Digital Data
26609,other,senior,Walthamstow,GB,adzuna_uk,49056.0,52194.0,GBP,annual,,50625.0,Senior Insight Analyst (Corporate)
12801,other,junior,Karachi,PK,chisel_pk,,,PKR,monthly,,,Full Time Assistant Store Manager Jobs in Pakistan
26610,other,senior,London,GB,adzuna_uk,51790.42,51790.42,GBP,annual,,51790.42,Lead Backend Engineer (Routing Squad)
26611,product_analyst,senior,London,GB,adzuna_uk,83114.88,83114.88,GBP,annual,,83114.88,Financial Risk Analytics – Senior Product Analyst
26612,product_analyst,senior,London,GB,adzuna_uk,75088.76,75088.76,GBP,annual,,75088.76,Financial Risk Analytics - Senior Product Analyst
26613,data_scientist,unknown,London,GB,adzuna_uk,52381.27,52381.27,GBP,annual,,52381.27,Data Scientist
26614,data_scientist,senior,Charing Cross,GB,adzuna_uk,95000.0,95000.0,GBP,annual,,95000.0,Senior Research Data Scientist
26615,other,senior,Charing Cross,GB,adzuna_uk,95000.0,95000.0,GBP,annual,,95000.0,Senior Data Science Engineer
26616,other,junior,Uxbridge,GB,adzuna_uk,25000.0,45000.0,GBP,annual,,35000.0,Data Science Trainee
26617,other,junior,Enfield,GB,adzuna_uk,25000.0,45000.0,GBP,annual,,35000.0,Data Science Trainee
26618,other,junior,Croydon,GB,adzuna_uk,25000.0,45000.0,GBP,annual,,35000.0,Data Science Trainee
26619,other,junior,Bromley,GB,adzuna_uk,25000.0,45000.0,GBP,annual,,35000.0,Data Science Trainee
26620,other,junior,London,GB,adzuna_uk,25000.0,45000.0,GBP,annual,,35000.0,Data Science Trainee
26621,data_scientist,senior,London,GB,adzuna_uk,60000.0,75000.0,GBP,annual,,67500.0,Senior Data Scientist
26622,data_scientist,senior,London,GB,adzuna_uk,65000.0,75000.0,GBP,annual,,70000.0,Senior Data Scientist
26623,data_scientist,unknown,London,GB,adzuna_uk,45000.0,95000.0,GBP,annual,,70000.0,eDV Data Scientist
26624,data_scientist,senior,London,GB,adzuna_uk,104000.0,130000.0,GBP,annual,,117000.0,Senior Data Scientist
26625,other,junior,London,GB,adzuna_uk,30000.0,50000.0,GBP,annual,,40000.0,Data Science Trainee
8965,other,junior,Shahdadpur,PK,chisel_pk,,,PKR,monthly,,,Full Time Area Sales Head Job in Pakistan
26626,data_scientist,senior,London,GB,adzuna_uk,59484.39,59484.39,GBP,annual,,59484.39,Data Scientist / Senior Data Scientist
26627,data_scientist,senior,London,GB,adzuna_uk,60200.67,60200.67,GBP,annual,,60200.67,Data Scientist / Senior Data Scientist
26628,data_scientist,unknown,London,GB,adzuna_uk,44706.34,44706.34,GBP,annual,,44706.34,Data Scientist
26629,data_scientist,unknown,London,GB,adzuna_uk,38000.0,38000.0,GBP,annual,,38000.0,Data Scientist
26630,data_scientist,unknown,London,GB,adzuna_uk,70529.54,70529.54,GBP,annual,,70529.54,Data Scientist
26631,data_scientist,unknown,London,GB,adzuna_uk,57569.31,57569.31,GBP,annual,,57569.31,Data Scientist
26632,data_scientist,junior,London,GB,adzuna_uk,70000.0,80000.0,GBP,annual,,75000.0,Junior Data Scientist
26633,data_scientist,unknown,London,GB,adzuna_uk,50000.0,60000.0,GBP,annual,,55000.0,Data Scientist
26634,data_scientist,unknown,London,GB,adzuna_uk,48707.05,48707.05,GBP,annual,,48707.05,Data Scientist
26635,other,unknown,The City,GB,adzuna_uk,130000.0,195000.0,GBP,annual,,162500.0,Data Science
26636,data_scientist,unknown,London,GB,adzuna_uk,104000.0,117000.0,GBP,annual,,110500.0,Data Scientist
26637,data_scientist,unknown,Farringdon,GB,adzuna_uk,46000.0,56000.0,GBP,annual,,51000.0,Data Scientist
26638,data_scientist,unknown,London,GB,adzuna_uk,104000.0,104000.0,GBP,annual,,104000.0,Data Scientist
26639,data_scientist,unknown,Chiswick,GB,adzuna_uk,66976.41,66976.41,GBP,annual,,66976.41,Data Scientist
26640,data_scientist,unknown,London,GB,adzuna_uk,55000.0,55000.0,GBP,annual,,55000.0,Data Scientist
26641,data_scientist,unknown,London,GB,adzuna_uk,49880.89,49880.89,GBP,annual,,49880.89,Data Scientist
26642,data_scientist,unknown,London,GB,adzuna_uk,32067.95,32067.95,GBP,annual,,32067.95,Data Scientist
13959,other,junior,Lahore,PK,chisel_pk,,,PKR,monthly,,,Full Time Software Engineer - Python / PHP Jobs in Pakistan
26643,data_scientist,unknown,London,GB,adzuna_uk,57216.16,57216.16,GBP,annual,,57216.16,Data Scientist
26644,data_scientist,unknown,London,GB,adzuna_uk,78000.0,130000.0,GBP,annual,,104000.0,Data Scientist
26645,data_scientist,unknown,Strand,GB,adzuna_uk,49248.26,49248.26,GBP,annual,,49248.26,Data Scientist
26646,data_scientist,unknown,Central London,GB,adzuna_uk,80000.0,80000.0,GBP,annual,,80000.0,Data Scientist
26647,data_scientist,unknown,Holborn,GB,adzuna_uk,62304.1,62304.1,GBP,annual,,62304.1,Data Scientist
26648,data_scientist,unknown,London,GB,adzuna_uk,54146.69,54146.69,GBP,annual,,54146.69,Data Scientist
26649,data_scientist,unknown,London,GB,adzuna_uk,45826.79,45826.79,GBP,annual,,45826.79,Data Scientist
26650,data_scientist,unknown,Liverpool Street,GB,adzuna_uk,63770.96,63770.96,GBP,annual,,63770.96,Data Scientist
26651,data_scientist,unknown,The City,GB,adzuna_uk,75705.26,75705.26,GBP,annual,,75705.26,Data Scientist
26652,data_scientist,unknown,London,GB,adzuna_uk,117000.0,143000.0,GBP,annual,,130000.0,Data Scientist
26653,data_scientist,unknown,London,GB,adzuna_uk,58264.97,58264.97,GBP,annual,,58264.97,Data Scientist
26654,data_scientist,unknown,London,GB,adzuna_uk,64755.62,64755.62,GBP,annual,,64755.62,Data Scientist
26655,data_scientist,unknown,London,GB,adzuna_uk,80000.0,160000.0,GBP,annual,,120000.0,Data Scientist
26656,data_scientist,unknown,London,GB,adzuna_uk,39168.28,39168.28,GBP,annual,,39168.28,Data Scientist
26657,data_scientist,unknown,London,GB,adzuna_uk,37638.11,37638.11,GBP,annual,,37638.11,Data Scientist
26658,data_scientist,unknown,South West London,GB,adzuna_uk,100000.0,100000.0,GBP,annual,,100000.0,Data Scientist
26659,data_scientist,unknown,London,GB,adzuna_uk,26551.41,26551.41,GBP,annual,,26551.41,Data Scientist
8967,other,junior,Hyderabad,PK,chisel_pk,,,PKR,monthly,,,Full Time Channel Enablement Executive Job in Pakistan
26660,data_scientist,unknown,London,GB,adzuna_uk,53502.91,53502.91,GBP,annual,,53502.91,Data Scientist
26661,data_scientist,unknown,London,GB,adzuna_uk,90000.0,110000.0,GBP,annual,,100000.0,Data Scientist
26662,data_scientist,unknown,Waterloo,GB,adzuna_uk,75531.1,75531.1,GBP,annual,,75531.1,Data Scientist
26663,data_scientist,unknown,London,GB,adzuna_uk,62780.66,62780.66,GBP,annual,,62780.66,Data Scientist
26664,data_scientist,unknown,London,GB,adzuna_uk,38916.84,38916.84,GBP,annual,,38916.84,Data Scientist
26665,data_scientist,unknown,London,GB,adzuna_uk,91058.65,91058.65,GBP,annual,,91058.65,Data Scientist
26666,data_scientist,unknown,London,GB,adzuna_uk,70416.62,70416.62,GBP,annual,,70416.62,Data Scientist
26667,data_scientist,unknown,London,GB,adzuna_uk,63978.68,63978.68,GBP,annual,,63978.68,Data Scientist
26668,data_scientist,unknown,London,GB,adzuna_uk,81585.77,81585.77,GBP,annual,,81585.77,Data Scientist
26669,data_scientist,unknown,London,GB,adzuna_uk,57201.27,57201.27,GBP,annual,,57201.27,Data Scientist
26670,data_scientist,unknown,London,GB,adzuna_uk,44093.34,44093.34,GBP,annual,,44093.34,Data Scientist
26671,data_scientist,unknown,London,GB,adzuna_uk,51627.14,51627.14,GBP,annual,,51627.14,Data Scientist
26672,data_scientist,senior,London,GB,adzuna_uk,50173.35,50173.35,GBP,annual,,50173.35,Senior Data Scientist- Innovative AI Start-Up
26673,other,senior,London,GB,adzuna_uk,60000.0,70000.0,GBP,annual,,65000.0,Senior Data Science Consultant
26674,data_scientist,senior,London,GB,adzuna_uk,130000.0,156000.0,GBP,annual,,143000.0,Senior Data Scientist (Contract)
26675,data_scientist,unknown,London,GB,adzuna_uk,124800.0,128960.0,GBP,annual,,126880.0,Business & Marketing Data Scientist
26676,other,junior,London,GB,adzuna_uk,42658.8,42658.8,GBP,annual,,42658.8,Data Science Internship
13960,other,mid,Karachi,PK,chisel_pk,,,PKR,monthly,,,Full Time UX And UI Designer Jobs in Pakistan
26677,other,senior,London,GB,adzuna_uk,105000.0,115000.0,GBP,annual,,110000.0,Head of Data Science
26678,other,senior,London,GB,adzuna_uk,100000.0,120000.0,GBP,annual,,110000.0,Data Science Manager
26679,other,senior,Tower Bridge,GB,adzuna_uk,66870.85,66870.85,GBP,annual,,66870.85,Data Science Lead
26680,data_scientist,senior,Moorgate,GB,adzuna_uk,54045.79,54045.79,GBP,annual,,54045.79,Lead Data Scientist
26681,data_scientist,unknown,The City,GB,adzuna_uk,45000.0,95000.0,GBP,annual,,70000.0,eDV Data Scientist
26682,other,senior,London,GB,adzuna_uk,91544.25,91544.25,GBP,annual,,91544.25,AVP Data Science
26683,data_scientist,senior,Moorgate,GB,adzuna_uk,51381.94,51381.94,GBP,annual,,51381.94,Senior Data Scientist
26684,other,senior,London,GB,adzuna_uk,62790.9,62790.9,GBP,annual,,62790.9,Data Science Manager
26685,data_scientist,senior,London,GB,adzuna_uk,80000.0,85000.0,GBP,annual,,82500.0,Senior Data Scientist
26686,data_scientist,senior,Farringdon,GB,adzuna_uk,50000.0,70000.0,GBP,annual,,60000.0,Lead Data Scientist
26687,data_scientist,junior,London,GB,adzuna_uk,53494.23,53494.23,GBP,annual,,53494.23,Associate Data Scientist
26688,data_scientist,junior,London,GB,adzuna_uk,30000.0,35000.0,GBP,annual,,32500.0,Graduate Data Scientist
26689,data_scientist,senior,Fleet Street,GB,adzuna_uk,95000.0,95000.0,GBP,annual,,95000.0,Lead Data Scientist
26690,data_scientist,unknown,London,GB,adzuna_uk,58367.75,58367.75,GBP,annual,,58367.75,Data Scientist - London
26691,other,senior,Farringdon,GB,adzuna_uk,100000.0,120000.0,GBP,annual,,110000.0,Data Science Manager
26692,data_scientist,unknown,London,GB,adzuna_uk,45000.0,46000.0,GBP,annual,,45500.0,Data Scientist - MMM
26693,data_scientist,senior,London,GB,adzuna_uk,85000.0,95000.0,GBP,annual,,90000.0,Lead Data Scientist
13961,other,junior,Hyderabad,PK,chisel_pk,,,PKR,monthly,,,Full Time Cable Splicer/ Jointer Jobs in Pakistan
26694,data_scientist,unknown,London,GB,adzuna_uk,70000.0,80000.0,GBP,annual,,75000.0,Data Scientist II
26695,data_scientist,senior,London,GB,adzuna_uk,70000.0,90000.0,GBP,annual,,80000.0,Senior Data Scientist
26696,data_scientist,senior,London,GB,adzuna_uk,60000.0,75000.0,GBP,annual,,67500.0,Senior Data Scientist
26697,data_scientist,senior,Farringdon,GB,adzuna_uk,104000.0,117000.0,GBP,annual,,110500.0,Senior Data Scientist
26698,data_scientist,senior,London,GB,adzuna_uk,104000.0,117000.0,GBP,annual,,110500.0,Senior Data Scientist
26699,data_scientist,senior,London,GB,adzuna_uk,74949.75,74949.75,GBP,annual,,74949.75,Principal Data Scientist
26700,data_scientist,senior,Hounslow,GB,adzuna_uk,100000.0,100000.0,GBP,annual,,100000.0,Principal Data Scientist
26701,other,senior,London,GB,adzuna_uk,59646.0,59646.0,GBP,annual,,59646.0,Manager Data Science
26702,other,senior,Leamouth,GB,adzuna_uk,100000.0,120000.0,GBP,annual,,110000.0,Data Science Manager
26703,data_scientist,senior,London,GB,adzuna_uk,66413.2,66413.2,GBP,annual,,66413.2,Senior Data Scientist
26704,data_scientist,senior,London,GB,adzuna_uk,70000.0,75000.0,GBP,annual,,72500.0,Senior Data Scientist
26705,data_scientist,senior,London,GB,adzuna_uk,63944.64,63944.64,GBP,annual,,63944.64,Senior Data Scientist
26706,data_scientist,unknown,London,GB,adzuna_uk,60980.92,60980.92,GBP,annual,,60980.92,Data Scientist (Economics)
26707,other,junior,London,GB,adzuna_uk,58966.23,58966.23,GBP,annual,,58966.23,"Associate, Data Science"
26708,other,senior,The City,GB,adzuna_uk,55455.76,55455.76,GBP,annual,,55455.76,Data Science Manager
26709,data_scientist,unknown,The City,GB,adzuna_uk,95000.0,95000.0,GBP,annual,,95000.0,eDV Data Scientist
26710,data_scientist,unknown,London,GB,adzuna_uk,84999.52,84999.52,GBP,annual,,84999.52,Data Scientist (LLM)
26711,data_scientist,senior,London,GB,adzuna_uk,65950.43,65950.43,GBP,annual,,65950.43,Senior Data Scientist
26712,data_scientist,senior,The City,GB,adzuna_uk,54177.02,54177.02,GBP,annual,,54177.02,Senior Data Scientist
26713,data_scientist,senior,The City,GB,adzuna_uk,80000.0,80000.0,GBP,annual,,80000.0,Lead Data Scientist
26714,data_scientist,senior,London,GB,adzuna_uk,76879.41,76879.41,GBP,annual,,76879.41,Senior Data Scientist
26715,data_scientist,unknown,Farringdon,GB,adzuna_uk,50925.13,50925.13,GBP,annual,,50925.13,Data Scientist I
26716,data_scientist,senior,London,GB,adzuna_uk,136000.0,190000.0,GBP,annual,,163000.0,Principal Data Scientist
26717,data_scientist,unknown,London,GB,adzuna_uk,45591.83,45591.83,GBP,annual,,45591.83,Data Scientist - London
26718,other,senior,Central London,GB,adzuna_uk,62000.0,115000.0,GBP,annual,,88500.0,Data Science Manager
26719,data_scientist,senior,London,GB,adzuna_uk,56811.8,56811.8,GBP,annual,,56811.8,Senior Data Scientist
26720,data_scientist,senior,London,GB,adzuna_uk,84004.77,84004.77,GBP,annual,,84004.77,Senior Data Scientist
26721,data_scientist,senior,London,GB,adzuna_uk,43728.35,43728.35,GBP,annual,,43728.35,Lead Data Scientist
26722,other,senior,London,GB,adzuna_uk,90753.05,90753.05,GBP,annual,,90753.05,Data Science Manager
26723,data_scientist,senior,London,GB,adzuna_uk,56047.36,56047.36,GBP,annual,,56047.36,Lead Data Scientist
26724,other,senior,London,GB,adzuna_uk,65270.54,65270.54,GBP,annual,,65270.54,Director of Data Science
26725,data_scientist,unknown,London,GB,adzuna_uk,121692.35,121692.35,GBP,annual,,121692.35,Staff Data Scientist
26726,data_scientist,senior,London,GB,adzuna_uk,59432.79,59432.79,GBP,annual,,59432.79,Senior Data Scientist
26727,data_scientist,senior,London,GB,adzuna_uk,64651.65,64651.65,GBP,annual,,64651.65,Senior Data Scientist
11656,other,junior,Islamabad,PK,chisel_pk,,,PKR,monthly,,,Full Time Wordpress / Woocommerce Developer Job in Pakistan
26728,data_scientist,unknown,London,GB,adzuna_uk,67251.7,67251.7,GBP,annual,,67251.7,Product Data Scientist
26729,other,senior,London,GB,adzuna_uk,68565.56,68565.56,GBP,annual,,68565.56,Data Science Manager
26730,data_scientist,senior,The City,GB,adzuna_uk,104000.0,117000.0,GBP,annual,,110500.0,Senior Data Scientist
26731,data_scientist,unknown,London,GB,adzuna_uk,68912.88,68912.88,GBP,annual,,68912.88,Commercial Data Scientist
26732,data_scientist,unknown,London,GB,adzuna_uk,48352.17,48352.17,GBP,annual,,48352.17,Data Scientist (Fraud)
26733,data_scientist,unknown,London,GB,adzuna_uk,58803.77,58803.77,GBP,annual,,58803.77,Soccer Data Scientist
26734,data_scientist,junior,London,GB,adzuna_uk,48707.24,48707.24,GBP,annual,,48707.24,Graduate Data Scientist
26735,data_scientist,unknown,London,GB,adzuna_uk,35774.38,35774.38,GBP,annual,,35774.38,Data Scientist & Engineer
11752,other,junior,Islamabad,PK,chisel_pk,,,PKR,monthly,,,Full Time BBQ / Tandoor Expert Jobs in Pakistan
26736,data_scientist,senior,Farringdon,GB,adzuna_uk,80000.0,88000.0,GBP,annual,,84000.0,Senior Data Scientist
26737,data_scientist,senior,London,GB,adzuna_uk,53628.27,53628.27,GBP,annual,,53628.27,Lead Data Scientist
26738,data_scientist,unknown,London,GB,adzuna_uk,49374.81,49374.81,GBP,annual,,49374.81,Data Scientist II
26739,data_scientist,senior,Knightsbridge,GB,adzuna_uk,55551.62,55551.62,GBP,annual,,55551.62,Senior Data Scientist
26740,data_scientist,senior,London,GB,adzuna_uk,50408.02,50408.02,GBP,annual,,50408.02,Senior Data Scientist
26741,data_scientist,senior,London,GB,adzuna_uk,61765.8,61765.8,GBP,annual,,61765.8,Principal Data Scientist
26742,data_scientist,unknown,London,GB,adzuna_uk,66090.08,66090.08,GBP,annual,,66090.08,"Data Scientist, GenAI"
26743,data_scientist,unknown,London,GB,adzuna_uk,37909.44,37909.44,GBP,annual,,37909.44,"Data Scientist, Growth"
10012,other,junior,Islamabad,PK,chisel_pk,,,PKR,monthly,,,Full Time Android Developer Job in Pakistan
26744,data_scientist,unknown,London,GB,adzuna_uk,56970.71,56970.71,GBP,annual,,56970.71,Workplace Data Scientist
26745,data_scientist,unknown,London,GB,adzuna_uk,51378.27,51378.27,GBP,annual,,51378.27,Product Data Scientist
26746,data_scientist,unknown,London,GB,adzuna_uk,61956.12,61956.12,GBP,annual,,61956.12,Pricing Data Scientist
26747,data_scientist,unknown,London,GB,adzuna_uk,60831.76,60831.76,GBP,annual,,60831.76,Workplace Data Scientist
26748,data_scientist,junior,London,GB,adzuna_uk,29783.17,29783.17,GBP,annual,,29783.17,Graduate Data Scientist
26749,data_scientist,senior,Gunnersbury,GB,adzuna_uk,58601.17,58601.17,GBP,annual,,58601.17,Senior Data Scientist
26750,other,senior,London,GB,adzuna_uk,62840.74,62840.74,GBP,annual,,62840.74,Data Science Manager
26751,data_scientist,senior,London,GB,adzuna_uk,53631.59,53631.59,GBP,annual,,53631.59,Senior Data Scientist
11908,other,junior,Lahore,PK,chisel_pk,,,PKR,monthly,,,Full Time Software Developer - Angular 2+ Jobs in Pakistan
26752,data_scientist,senior,London,GB,adzuna_uk,74209.34,74209.34,GBP,annual,,74209.34,Senior Data Scientist
26753,data_scientist,senior,London,GB,adzuna_uk,64721.42,64721.42,GBP,annual,,64721.42,Lead Data Scientist
26754,data_scientist,unknown,London,GB,adzuna_uk,76031.87,76031.87,GBP,annual,,76031.87,Data Scientist - Defence
26755,data_scientist,unknown,London,GB,adzuna_uk,276100.0,311400.0,GBP,annual,,293750.0,Staff Data Scientist
26756,data_scientist,unknown,London,GB,adzuna_uk,59149.22,59149.22,GBP,annual,,59149.22,Data Scientist - Forecasting
26757,data_scientist,unknown,London,GB,adzuna_uk,53057.19,53057.19,GBP,annual,,53057.19,Data Scientist (London)
26758,data_scientist,unknown,London,GB,adzuna_uk,38477.61,38477.61,GBP,annual,,38477.61,Bioinformatics Data Scientist
26759,data_scientist,unknown,London,GB,adzuna_uk,69562.41,69562.41,GBP,annual,,69562.41,Data Scientist - Defence
26760,data_scientist,unknown,London,GB,adzuna_uk,55373.26,55373.26,GBP,annual,,55373.26,Climate Data Scientist
26761,data_scientist,unknown,London,GB,adzuna_uk,48250.92,48250.92,GBP,annual,,48250.92,Data Scientist - London
26762,data_scientist,unknown,London,GB,adzuna_uk,67261.0,67261.0,GBP,annual,,67261.0,Data Scientist III
26763,data_scientist,senior,London,GB,adzuna_uk,41682.61,41682.61,GBP,annual,,41682.61,Senior Data Scientist
26764,data_scientist,senior,London,GB,adzuna_uk,54684.94,54684.94,GBP,annual,,54684.94,Senior Data Scientist
26765,data_scientist,senior,London,GB,adzuna_uk,72721.42,72721.42,GBP,annual,,72721.42,Senior Data Scientist
26766,data_scientist,senior,London,GB,adzuna_uk,62916.0,62916.0,GBP,annual,,62916.0,Data Scientist Manager
26767,data_scientist,senior,London,GB,adzuna_uk,72762.48,72762.48,GBP,annual,,72762.48,Senior Data Scientist
26768,data_scientist,senior,London,GB,adzuna_uk,68752.18,68752.18,GBP,annual,,68752.18,Senior Data Scientist
26769,data_scientist,senior,London,GB,adzuna_uk,49151.42,49151.42,GBP,annual,,49151.42,Senior Data Scientist
26770,data_scientist,senior,London,GB,adzuna_uk,62650.69,62650.69,GBP,annual,,62650.69,Senior Data Scientist
26771,data_scientist,unknown,Stratford,GB,adzuna_uk,60255.81,60255.81,GBP,annual,,60255.81,Industrial Data Scientist
26772,data_scientist,senior,London,GB,adzuna_uk,90000.0,100000.0,GBP,annual,,95000.0,Senior Data Scientist
26773,data_scientist,senior,London,GB,adzuna_uk,66033.88,66033.88,GBP,annual,,66033.88,Senior Data Scientist
26774,data_scientist,unknown,London,GB,adzuna_uk,41983.3,41983.3,GBP,annual,,41983.3,Product Data Scientist (Data Labs)
26775,data_scientist,unknown,London,GB,adzuna_uk,68308.94,68308.94,GBP,annual,,68308.94,Data Scientist / Quant (Macro Trading Pod)- Global Hedge Fund
26776,other,unknown,London,GB,adzuna_uk,57583.53,57583.53,GBP,annual,,57583.53,"Consultant, Data Science, Digital & Insights, Data Science, Strategic Communications"
26777,other,unknown,London,GB,adzuna_uk,72345.53,72345.53,GBP,annual,,72345.53,Enterprise Data Science Specialist
13962,other,junior,Karachi,PK,chisel_pk,,,PKR,monthly,,,Full Time Coordinator/Secretary Job in Pakistan
26778,other,senior,London,GB,adzuna_uk,54479.85,54479.85,GBP,annual,,54479.85,Senior Data Science Engineer
26779,other,senior,London,GB,adzuna_uk,53214.18,53214.18,GBP,annual,,53214.18,Senior Data Science Engineer
26780,data_scientist,unknown,London,GB,adzuna_uk,59663.18,59663.18,GBP,annual,,59663.18,Data Scientist - AI Evaluation
26781,data_scientist,unknown,London,GB,adzuna_uk,57332.78,57332.78,GBP,annual,,57332.78,Data Scientist - AI Evaluation
26782,other,senior,London,GB,adzuna_uk,54335.09,54335.09,GBP,annual,,54335.09,"Data Science Manager, Marketing"
26783,other,senior,London,GB,adzuna_uk,60472.73,60472.73,GBP,annual,,60472.73,Head of Telematics Data Science
26784,data_scientist,senior,Monument,GB,adzuna_uk,64040.15,64040.15,GBP,annual,,64040.15,Lead Data Scientist - Telematics
26785,data_scientist,senior,London,GB,adzuna_uk,101156.55,101156.55,GBP,annual,,101156.55,Senior/Lead Data Scientist
13963,other,junior,Karachi,PK,chisel_pk,,,PKR,monthly,,,Online Full Time Education Consultants Jobs in Pakistan
26786,other,senior,Farringdon,GB,adzuna_uk,60000.0,70000.0,GBP,annual,,65000.0,Senior Data Science Consultant
26787,data_scientist,unknown,London,GB,adzuna_uk,65000.0,75000.0,GBP,annual,,70000.0,Credit Risk - Data Scientist
26788,other,senior,London,GB,adzuna_uk,95006.48,95006.48,GBP,annual,,95006.48,VP of Data Science (Remote)
26789,other,senior,Monument,GB,adzuna_uk,117218.27,117218.27,GBP,annual,,117218.27,"VP, Head of Data Science"
26790,data_scientist,senior,London,GB,adzuna_uk,86050.37,86050.37,GBP,annual,,86050.37,Principal Product Data Scientist
26791,data_scientist,senior,The City,GB,adzuna_uk,43012.69,43012.69,GBP,annual,,43012.69,Senior Data Scientist (Economist)
26792,other,senior,London,GB,adzuna_uk,81752.21,81752.21,GBP,annual,,81752.21,Data Science Team Leader
26793,other,senior,London,GB,adzuna_uk,59573.64,59573.64,GBP,annual,,59573.64,Data Science Manager (Credit)
9791,other,mid,Karachi,PK,chisel_pk,,,PKR,monthly,,,Full Time Pet Machine Operator Job in Pakistan
26794,data_scientist,unknown,London,GB,adzuna_uk,79340.85,79340.85,GBP,annual,,79340.85,"Advanced Specialist, Data Scientist"
26795,data_scientist,senior,London,GB,adzuna_uk,79381.95,79381.95,GBP,annual,,79381.95,Senior Product Data Scientist
26796,data_scientist,senior,London,GB,adzuna_uk,82045.18,82045.18,GBP,annual,,82045.18,"Senior Data Scientist, Growth"
26797,data_scientist,senior,Blackfriars,GB,adzuna_uk,59233.05,59233.05,GBP,annual,,59233.05,"Senior Specialist, Data Scientist"
26798,other,senior,London,GB,adzuna_uk,54948.47,54948.47,GBP,annual,,54948.47,Data Science Team Lead
26799,other,senior,London,GB,adzuna_uk,69167.42,69167.42,GBP,annual,,69167.42,"Senior Manager, Data Science"
26800,other,senior,London,GB,adzuna_uk,59880.19,59880.19,GBP,annual,,59880.19,Senior Data Science Manager
26801,other,senior,Finsbury,GB,adzuna_uk,60000.0,70000.0,GBP,annual,,65000.0,Senior Data Science Consultant
11957,other,mid,Lahore,PK,chisel_pk,,,PKR,monthly,,,Full Time Accounts Officer Job in Pakistan
26802,other,unknown,London,GB,adzuna_uk,46552.89,46552.89,GBP,annual,,46552.89,Data Science Research Assistant
26803,data_scientist,unknown,London,GB,adzuna_uk,70750.57,70750.57,GBP,annual,,70750.57,"Advanced Specialist, Data Scientist"
26804,data_scientist,senior,London,GB,adzuna_uk,48792.6,48792.6,GBP,annual,,48792.6,"Senior Specialist, Data Scientist"
26805,data_scientist,senior,The City,GB,adzuna_uk,38731.38,38731.38,GBP,annual,,38731.38,Senior Data Scientist - Experimentation
26806,data_scientist,unknown,London,GB,adzuna_uk,82642.47,82642.47,GBP,annual,,82642.47,"Data Scientist, Artificial Intelligence"
26807,other,senior,London,GB,adzuna_uk,50488.81,50488.81,GBP,annual,,50488.81,"Data Science Manager, Marketing"
26808,other,senior,London,GB,adzuna_uk,54266.84,54266.84,GBP,annual,,54266.84,"Data Science Manager, Marketing"
26809,data_scientist,unknown,London,GB,adzuna_uk,70192.35,70192.35,GBP,annual,,70192.35,Data Scientist III - LeapSpace
26810,data_scientist,senior,London,GB,adzuna_uk,81566.62,81566.62,GBP,annual,,81566.62,Principal Data Scientist - Aristocrat
26811,data_scientist,senior,Victoria,GB,adzuna_uk,35178.53,35178.53,GBP,annual,,35178.53,Senior Data Scientist - Cricket
26812,data_scientist,unknown,London,GB,adzuna_uk,39706.89,39706.89,GBP,annual,,39706.89,Customer Data Scientist - Experimentation
26813,data_scientist,junior,Liverpool Street,GB,adzuna_uk,47894.56,47894.56,GBP,annual,,47894.56,Associate Data Scientist - SAS
26814,data_scientist,senior,London,GB,adzuna_uk,61038.87,61038.87,GBP,annual,,61038.87,Senior Data Scientist II
26815,data_scientist,senior,London,GB,adzuna_uk,62052.09,62052.09,GBP,annual,,62052.09,Senior Data Scientist (Imaging)
26816,data_scientist,senior,London,GB,adzuna_uk,67368.4,67368.4,GBP,annual,,67368.4,"Senior Data Scientist, Analytics"
26817,other,senior,London,GB,adzuna_uk,94289.98,94289.98,GBP,annual,,94289.98,Assistant Director -Data Science
26818,data_scientist,senior,London,GB,adzuna_uk,50674.86,50674.86,GBP,annual,,50674.86,Senior Applied Data Scientist
26819,data_scientist,senior,South West London,GB,adzuna_uk,85000.0,85000.0,GBP,annual,,85000.0,Senior Applied Data Scientist
26820,data_scientist,senior,South West London,GB,adzuna_uk,95000.0,95000.0,GBP,annual,,95000.0,Senior Applied Data Scientist
26821,other,senior,London,GB,adzuna_uk,51642.61,51642.61,GBP,annual,,51642.61,Product Data Science Manager
26822,data_scientist,senior,London,GB,adzuna_uk,76286.88,76286.88,GBP,annual,,76286.88,Senior Research Data Scientist
26823,other,senior,London,GB,adzuna_uk,48158.43,48158.43,GBP,annual,,48158.43,"Director, Data Science (AI)"
26824,data_scientist,senior,London,GB,adzuna_uk,75767.81,75767.81,GBP,annual,,75767.81,Senior Research Data Scientist
26825,data_scientist,senior,South West London,GB,adzuna_uk,95000.0,95000.0,GBP,annual,,95000.0,Senior Research Data Scientist
26826,other,senior,London,GB,adzuna_uk,50177.9,50177.9,GBP,annual,,50177.9,"Data Science Manager, Pricing"
26827,data_scientist,senior,London,GB,adzuna_uk,48038.02,48038.02,GBP,annual,,48038.02,Senior Applied Data Scientist
26828,other,senior,South West London,GB,adzuna_uk,95000.0,95000.0,GBP,annual,,95000.0,Senior Data Science Engineer
26829,data_scientist,senior,London,GB,adzuna_uk,64471.98,64471.98,GBP,annual,,64471.98,Principal Data Scientist - Healthcare
26830,data_scientist,senior,London,GB,adzuna_uk,70401.25,70401.25,GBP,annual,,70401.25,"Senior Data Scientist, FinCrime"
26831,data_scientist,unknown,London,GB,adzuna_uk,62727.94,62727.94,GBP,annual,,62727.94,Staff Data Scientist - Network
26832,other,senior,London,GB,adzuna_uk,42282.65,42282.65,GBP,annual,,42282.65,Data Science & Analytics Lead
26833,other,senior,London,GB,adzuna_uk,97348.4,97348.4,GBP,annual,,97348.4,"Vice President, Data Science"
26834,data_scientist,unknown,London,GB,adzuna_uk,73896.49,73896.49,GBP,annual,,73896.49,Data Scientist - Machine Learning
26835,other,senior,London,GB,adzuna_uk,60094.1,60094.1,GBP,annual,,60094.1,AVP - Data Science (NTS)
26836,data_scientist,unknown,London,GB,adzuna_uk,64822.97,64822.97,GBP,annual,,64822.97,Data Scientist (Electromagnetic Environment)
26837,other,senior,London,GB,adzuna_uk,88812.64,88812.64,GBP,annual,,88812.64,"Vice President, Data Science"
26838,data_scientist,senior,Blackfriars,GB,adzuna_uk,95505.95,95505.95,GBP,annual,,95505.95,"Director, Data Scientist Management"
26839,data_scientist,senior,London,GB,adzuna_uk,61654.21,61654.21,GBP,annual,,61654.21,Senior Data Scientist I
26840,data_scientist,unknown,London,GB,adzuna_uk,68045.16,68045.16,GBP,annual,,68045.16,Data Scientist (Growth Team)
26841,data_scientist,senior,London,GB,adzuna_uk,75905.59,75905.59,GBP,annual,,75905.59,"Director, Data Scientist Management"
26842,other,senior,London,GB,adzuna_uk,88203.55,88203.55,GBP,annual,,88203.55,Data Science Chief Of Staff
26843,data_scientist,senior,London,GB,adzuna_uk,91631.51,91631.51,GBP,annual,,91631.51,Senior Finance Data Scientist
26844,data_scientist,senior,London,GB,adzuna_uk,93970.58,93970.58,GBP,annual,,93970.58,Principal AI Data Scientist
26845,data_scientist,senior,London,GB,adzuna_uk,52906.77,52906.77,GBP,annual,,52906.77,Lead Data Scientist - Marketing
26846,data_scientist,senior,London,GB,adzuna_uk,51398.16,51398.16,GBP,annual,,51398.16,Lead Data Scientist - Marketing
26847,data_scientist,unknown,London,GB,adzuna_uk,53840.57,53840.57,GBP,annual,,53840.57,Power Analyst – Data Scientist
26848,data_scientist,senior,London,GB,adzuna_uk,118828.91,118828.91,GBP,annual,,118828.91,Lead Data Scientist - Liquidity
26849,data_scientist,senior,London,GB,adzuna_uk,115237.54,115237.54,GBP,annual,,115237.54,Lead Data Scientist - Liquidity
26850,data_scientist,unknown,London,GB,adzuna_uk,65704.16,65704.16,GBP,annual,,65704.16,"Data Scientist, Marketing Analytics"
26851,data_scientist,senior,London,GB,adzuna_uk,71575.48,71575.48,GBP,annual,,71575.48,Senior Data Scientist - Insights
26852,data_scientist,unknown,London,GB,adzuna_uk,46684.09,46684.09,GBP,annual,,46684.09,Data Scientist - Payment Success
26853,other,senior,London,GB,adzuna_uk,41614.53,41614.53,GBP,annual,,41614.53,Senior Data Science-London
26854,data_scientist,senior,London,GB,adzuna_uk,51671.08,51671.08,GBP,annual,,51671.08,Senior Data Scientist II
26855,data_scientist,senior,London,GB,adzuna_uk,48137.99,48137.99,GBP,annual,,48137.99,Senior Data Scientist II
26856,data_scientist,unknown,London,GB,adzuna_uk,48626.06,48626.06,GBP,annual,,48626.06,"Data Scientist, Research, DeepMind"
26857,analytics_engineer,unknown,London,GB,adzuna_uk,70166.38,70166.38,GBP,annual,,70166.38,Data Scientist - Applied AI & Data Platforms
26858,other,unknown,London,GB,adzuna_uk,65075.62,65075.62,GBP,annual,,65075.62,Data Science Expert - Fully Remote
26859,data_scientist,senior,London,GB,adzuna_uk,68899.99,68899.99,GBP,annual,,68899.99,Senior Data Scientist - F500 Expert
26860,other,unknown,London,GB,adzuna_uk,47695.74,47695.74,GBP,annual,,47695.74,Data Science Specialist - Fully Remote
26861,other,unknown,London,GB,adzuna_uk,50589.78,50589.78,GBP,annual,,50589.78,Data Science Expert - AI Evaluation
26862,other,unknown,London,GB,adzuna_uk,50545.99,50545.99,GBP,annual,,50545.99,Data Science Expert - Fully Remote
26863,data_scientist,senior,Farringdon,GB,adzuna_uk,96221.05,96221.05,GBP,annual,,96221.05,Senior Data Scientist - Technical Specialist
13965,other,junior,Lahore,PK,chisel_pk,,,PKR,monthly,,,Full Time SEO Intern Job in Pakistan
26864,other,junior,London,GB,adzuna_uk,36090.74,36090.74,GBP,annual,,36090.74,"Data Science PhD Intern, 2027"
26865,data_scientist,senior,London,GB,adzuna_uk,95391.34,95391.34,GBP,annual,,95391.34,Senior Data Scientist - Technical Specialist
26866,data_scientist,junior,London,GB,adzuna_uk,25000.0,28000.0,GBP,annual,,26500.0,Graduate Data Scientist / Junior Analyst
26867,data_scientist,unknown,London,GB,adzuna_uk,,182000.0,GBP,annual,,,Data Scientist - SC Clear - Waterloo
26868,data_scientist,senior,London,GB,adzuna_uk,70172.21,70172.21,GBP,annual,,70172.21,Senior Data Scientist - Generative AI
26869,other,senior,The City,GB,adzuna_uk,59293.02,59293.02,GBP,annual,,59293.02,Data Science Manager - Merchants Team
26870,other,senior,The City,GB,adzuna_uk,61870.38,61870.38,GBP,annual,,61870.38,Data Science Manager - Delivery Team
26871,other,senior,The City,GB,adzuna_uk,100000.0,100000.0,GBP,annual,,100000.0,Data Science & AI Delivery Lead
13966,other,junior,Islamabad,PK,chisel_pk,,,PKR,monthly,,,Full Time Content Writer Job in Pakistan
26872,data_scientist,senior,London,GB,adzuna_uk,58115.97,58115.97,GBP,annual,,58115.97,Senior Data Scientist - Consumer Twins
26873,data_scientist,unknown,London,GB,adzuna_uk,80170.59,80170.59,GBP,annual,,80170.59,Data Scientist - AI - Managing Consultant
26874,data_scientist,unknown,London,GB,adzuna_uk,80438.41,80438.41,GBP,annual,,80438.41,Data Scientist - AI - Managing Consultant
26875,other,senior,London,GB,adzuna_uk,76811.25,76811.25,GBP,annual,,76811.25,Staff Data Science Product Manager
26876,data_scientist,senior,London,GB,adzuna_uk,66420.48,66420.48,GBP,annual,,66420.48,"Senior Data Scientist, AD/ADAS"
26877,data_scientist,senior,London,GB,adzuna_uk,49504.85,49504.85,GBP,annual,,49504.85,Lead Data Scientist - Customer Onboarding
26878,data_scientist,senior,London,GB,adzuna_uk,89859.62,89859.62,GBP,annual,,89859.62,Senior Data Scientist - Technical Specialist
26879,other,senior,London,GB,adzuna_uk,110000.0,130000.0,GBP,annual,,120000.0,Data Science & AI Delivery Lead
26880,data_scientist,junior,London,GB,adzuna_uk,50000.0,70000.0,GBP,annual,,60000.0,Associate Data Scientist - Operations Research
26881,data_scientist,senior,London,GB,adzuna_uk,64733.09,64733.09,GBP,annual,,64733.09,Senior Data Scientist/AI Engineer
26882,data_scientist,senior,London,GB,adzuna_uk,69692.69,69692.69,GBP,annual,,69692.69,Senior Data Scientist/AI Engineer
26883,data_scientist,senior,South West London,GB,adzuna_uk,100000.0,100000.0,GBP,annual,,100000.0,Senior Data Scientist AI Engineer
26884,data_scientist,senior,London,GB,adzuna_uk,90555.67,90555.67,GBP,annual,,90555.67,Senior Data Scientist | Artificial Intelligence
26885,data_scientist,senior,London,GB,adzuna_uk,86283.58,86283.58,GBP,annual,,86283.58,Lead Data Scientist – Energy Domain
26886,data_scientist,senior,London,GB,adzuna_uk,98186.14,98186.14,GBP,annual,,98186.14,Senior AI Engineer / Data Scientist
26887,data_scientist,senior,London,GB,adzuna_uk,51115.38,51115.38,GBP,annual,,51115.38,Senior Underwriter/Data Scientist - London
26888,other,senior,London,GB,adzuna_uk,85113.98,85113.98,GBP,annual,,85113.98,Senior AI/Data Science Consultant
13967,other,mid,Islamabad,PK,chisel_pk,,,PKR,monthly,,,Full Time Growth Marketing Manager (Remote) Job in Pakistan
26889,other,senior,London,GB,adzuna_uk,44310.39,44310.39,GBP,annual,,44310.39,"Director, Data Science (Marketing Analytics)"
26890,data_scientist,senior,London,GB,adzuna_uk,53800.0,89900.0,GBP,annual,,71850.0,Senior Data Scientist I - LeapSpace
26891,data_scientist,junior,Charing Cross,GB,adzuna_uk,52956.89,52956.89,GBP,annual,,52956.89,Club Data Scientist (Junior or Senior)
26892,data_scientist,senior,London,GB,adzuna_uk,53387.77,53387.77,GBP,annual,,53387.77,Senior Data Scientist - Product Analytics
26893,data_scientist,unknown,London,GB,adzuna_uk,60000.0,80000.0,GBP,annual,,70000.0,Data Scientist - iwocaPay Risk Squad
26894,other,junior,London,GB,adzuna_uk,35162.16,35162.16,GBP,annual,,35162.16,"Data Science PhD Intern, 2027"
26895,data_scientist,unknown,London,GB,adzuna_uk,72523.41,72523.41,GBP,annual,,72523.41,AI Data Scientist - Autonomous Network
26896,other,senior,London,GB,adzuna_uk,71035.95,71035.95,GBP,annual,,71035.95,Senior Data Science Manager (Experimentation)
13968,other,mid,Rawalpindi,PK,chisel_pk,,,PKR,monthly,,,Full Time Art Teacher Job in Pakistan
26897,data_scientist,unknown,London,GB,adzuna_uk,82652.72,82652.72,GBP,annual,,82652.72,Forward-Deployed Data Scientist II
26898,data_scientist,unknown,London,GB,adzuna_uk,70000.0,100000.0,GBP,annual,,85000.0,Data Scientist - Partner Flow Team
26899,other,senior,London,GB,adzuna_uk,72970.34,72970.34,GBP,annual,,72970.34,Engineering Manager - Data Science Team
26900,data_scientist,unknown,Soho,GB,adzuna_uk,90000.0,105000.0,GBP,annual,,97500.0,"Data Scientist, Retrieval & Agentic Systems"
26901,data_scientist,senior,London,GB,adzuna_uk,61240.03,61240.03,GBP,annual,,61240.03,Principal Data Scientist - Water Sector
26902,data_scientist,unknown,London,GB,adzuna_uk,48926.23,48926.23,GBP,annual,,48926.23,Data Scientist – Incremental Player Value
26903,data_scientist,senior,London,GB,adzuna_uk,71689.29,71689.29,GBP,annual,,71689.29,Senior Data Scientist - AI Tooling
26904,data_scientist,senior,London,GB,adzuna_uk,67018.27,67018.27,GBP,annual,,67018.27,Senior Data Scientist - Network Simulation
13888,other,junior,Karachi,PK,chisel_pk,,,PKR,monthly,,,Online Full Time Marketing Officer Jobs in Pakistan
26905,data_scientist,senior,London,GB,adzuna_uk,99200.0,148800.0,GBP,annual,,124000.0,"Senior Data Scientist, Payment Intelligence"
26906,other,junior,London,GB,adzuna_uk,37600.4,37600.4,GBP,annual,,37600.4,"Data Science PhD Intern, 2027"
26907,data_scientist,senior,London,GB,adzuna_uk,87819.13,87819.13,GBP,annual,,87819.13,Lead Data Scientist - Personalisation/CRM
26908,data_scientist,senior,London,GB,adzuna_uk,84656.84,84656.84,GBP,annual,,84656.84,Lead Data Scientist - Personalisation/CRM
26909,data_scientist,senior,London,GB,adzuna_uk,55277.97,55277.97,GBP,annual,,55277.97,Senior Data Scientist - Operational Research
26910,data_scientist,senior,London,GB,adzuna_uk,66347.23,66347.23,GBP,annual,,66347.23,Senior Credit Risk Data Scientist
26911,data_scientist,senior,London,GB,adzuna_uk,58697.93,58697.93,GBP,annual,,58697.93,Senior Data Scientist (Single Cell)
26912,data_analyst,senior,London,GB,adzuna_uk,104000.0,130000.0,GBP,annual,,117000.0,Senior Product Data Scientist / Product Data Analyst
9793,other,junior,Karachi,PK,chisel_pk,,,PKR,monthly,,,Full Time Marketing Manager Job in Pakistan
26913,other,unknown,London,GB,adzuna_uk,51462.37,51462.37,GBP,annual,,51462.37,frog -Managing Consultant - Data Science (Customer Data)
26914,data_analyst,senior,London,GB,adzuna_uk,130000.0,130000.0,GBP,annual,,130000.0,Senior Product Data Scientist/ Product Data Analyst
26915,data_scientist,senior,London,GB,adzuna_uk,86278.64,86278.64,GBP,annual,,86278.64,Senior Data Scientist (FP&A) (Full-time)
26916,data_scientist,senior,London,GB,adzuna_uk,76226.73,76226.73,GBP,annual,,76226.73,Lead Data Scientist - Treasury Markets Quant
26917,data_scientist,senior,London,GB,adzuna_uk,75000.0,75000.0,GBP,annual,,75000.0,Senior Data Scientist - (Privacy & Security Controls)
26918,analytics_engineer,senior,London,GB,adzuna_uk,59126.94,59126.94,GBP,annual,,59126.94,Senior Data Engineer - Data Science Platform
26919,data_scientist,senior,London,GB,adzuna_uk,51984.99,51984.99,GBP,annual,,51984.99,"Senior Business Data Scientist, gTech Ads"
26920,other,senior,London,GB,adzuna_uk,88742.62,88742.62,GBP,annual,,88742.62,"Senior Manager, Product Data Science & Analytics"
13969,other,junior,Islamabad,PK,chisel_pk,,,PKR,monthly,,,Full Time Sales Executive Job in Pakistan
26921,data_scientist,unknown,London,GB,adzuna_uk,143000.0,148200.0,GBP,annual,,145600.0,Data Scientist (Active SC Clearance Required)
26922,other,senior,London,GB,adzuna_uk,75091.27,75091.27,GBP,annual,,75091.27,AI & Data Science Manager / Senior Manager
26923,data_scientist,unknown,London,GB,adzuna_uk,74999.44,74999.44,GBP,annual,,74999.44,"Data Scientist - Measurement, Experimentation & Causal Inference"
26924,data_scientist,unknown,London,GB,adzuna_uk,40000.0,55000.0,GBP,annual,,47500.0,Data Scientist & Marketing Effectiveness Consultant (MMM)
26925,other,senior,London,GB,adzuna_uk,57050.0,105950.0,GBP,annual,,81500.0,"Senior Specialist, Data Science & Artificial Intelligence"
26926,data_scientist,senior,London,GB,adzuna_uk,60000.0,75000.0,GBP,annual,,67500.0,Senior Data Scientist and Marketing Effectiveness (MMM)
26927,data_scientist,senior,London,GB,adzuna_uk,48250.23,48250.23,GBP,annual,,48250.23,Principal Data Scientist & Machine Learning Researcher
26928,data_scientist,unknown,London,GB,adzuna_uk,57663.38,57663.38,GBP,annual,,57663.38,Data Scientist - London Stock Exchange Group
9856,other,mid,Karachi,PK,chisel_pk,,,PKR,monthly,,,Full Time Fire Alarm Technician Job in Pakistan
26929,data_scientist,senior,London,GB,adzuna_uk,77313.35,77313.35,GBP,annual,,77313.35,Lead Data Scientist - Treasury Markets Quant
26930,data_scientist,unknown,London,GB,adzuna_uk,46525.38,46525.38,GBP,annual,,46525.38,"Data Scientist II, RufusX Science UK"
26931,data_scientist,unknown,London,GB,adzuna_uk,48164.35,48164.35,GBP,annual,,48164.35,"Data Scientist II, RufusX Science UK"
26932,data_scientist,senior,London,GB,adzuna_uk,42331.34,42331.34,GBP,annual,,42331.34,"Senior Business Data Scientist, gTech Ads"
26933,data_scientist,unknown,London,GB,adzuna_uk,51508.52,51508.52,GBP,annual,,51508.52,"Data Scientist II, RufusX Science UK"
26934,other,senior,London,GB,adzuna_uk,75000.0,90000.0,GBP,annual,,82500.0,"Manager, Data science & Marketing Effectiveness (MMM)"
26935,data_scientist,senior,Soho,GB,adzuna_uk,105000.0,120000.0,GBP,annual,,112500.0,"Senior Data Scientist, Graph Risk Analytics"
26936,data_scientist,senior,London,GB,adzuna_uk,51979.59,51979.59,GBP,annual,,51979.59,"Senior Manager, Data Scientist for People Analytics"
13970,other,junior,Karachi,PK,chisel_pk,,,PKR,monthly,,,Full Time Tele Sales Representative Job in Pakistan
26937,data_scientist,senior,London,GB,adzuna_uk,50609.76,50609.76,GBP,annual,,50609.76,Senior Data Scientist - Last Mile Pricing
26938,data_scientist,senior,London,GB,adzuna_uk,67266.97,67266.97,GBP,annual,,67266.97,Senior Data Scientist - Platform Economics & Simulation
26939,data_scientist,senior,London,GB,adzuna_uk,51708.35,51708.35,GBP,annual,,51708.35,"Senior Business Data Scientist, gTech Ads"
26940,other,unknown,London,GB,adzuna_uk,56366.89,56366.89,GBP,annual,,56366.89,Managing Consultant - E&U - Data Science
26941,other,senior,London,GB,adzuna_uk,48155.85,48155.85,GBP,annual,,48155.85,frog - Consultant/Senior Consultant - Data Science (Customer Data)
26942,data_scientist,senior,London,GB,adzuna_uk,66466.48,66466.48,GBP,annual,,66466.48,"Senior Data Scientist | Product Marketing, Growth Analytics"
26943,other,senior,London,GB,adzuna_uk,96370.0,96370.0,GBP,annual,,96370.0,Head of Data Science (12m fixed-term contract)
26944,data_scientist,unknown,Liverpool Street,GB,adzuna_uk,35000.0,42000.0,GBP,annual,,38500.0,Data Scientist (AI/ML) - Hybrid Near Edinburgh
13971,other,junior,Islamabad,PK,chisel_pk,,,PKR,monthly,,,Full Time Operations Executive Jobs in Pakistan
26945,other,junior,The City,GB,adzuna_uk,53392.81,53392.81,GBP,annual,,53392.81,Data Science Machine Learning Internship (Summer 2027)
26946,data_scientist,unknown,London,GB,adzuna_uk,145600.0,148200.0,GBP,annual,,146900.0,Machine Learning Engineer / Data Scientist (SC Cleared)
26947,other,senior,London,GB,adzuna_uk,79288.89,79288.89,GBP,annual,,79288.89,Data Science Manager - London Stock Exchange Group
26948,other,senior,London,GB,adzuna_uk,74229.16,74229.16,GBP,annual,,74229.16,"Senior Manager, Data Science & Marketing Effectiveness (MMM)"
26949,data_scientist,unknown,London,GB,adzuna_uk,32249.63,32249.63,GBP,annual,,32249.63,Data Scientist - Geo Holdout (12 month FTC)
26950,data_scientist,unknown,London,GB,adzuna_uk,54726.47,54726.47,GBP,annual,,54726.47,"Data Scientist – Computational Genomics, 12-month FTC"
26951,other,senior,London,GB,adzuna_uk,62156.62,62156.62,GBP,annual,,62156.62,"Director, Data Science, Digital & Insights, Strategic Communications"
26952,data_scientist,unknown,London,GB,adzuna_uk,60470.13,60470.13,GBP,annual,,60470.13,"Snr Data Scientist, Computational Genomics/DNA Modelling"
13972,other,mid,Lahore,PK,chisel_pk,,,PKR,monthly,,,Full Time HR Manager Job in Pakistan
26953,data_scientist,senior,London,GB,adzuna_uk,86979.8,86979.8,GBP,annual,,86979.8,"Senior/Staff Data Scientist - Measurement, Experimentation & Causal Inference"
26954,data_scientist,senior,London,GB,adzuna_uk,55948.78,55948.78,GBP,annual,,55948.78,Senior Data Scientist & AI Solutions (m/f/d)
26955,other,senior,London,GB,adzuna_uk,60000.0,70000.0,GBP,annual,,65000.0,"Senior Consultant, Marketing Mix Modelling (MMM) & Data Science"
26956,other,senior,London,GB,adzuna_uk,47979.64,47979.64,GBP,annual,,47979.64,"Director, Data Science (AI) - London Stock Exchange Group"
26957,data_scientist,senior,London,GB,adzuna_uk,52174.87,52174.87,GBP,annual,,52174.87,Senior Applied Data Scientist - London Stock Exchange Group
26958,other,senior,London,GB,adzuna_uk,62991.65,62991.65,GBP,annual,,62991.65,"Senior Consultant, Digital & Insights, Data Science | Strategic Communications"
26959,data_scientist,senior,London,GB,adzuna_uk,64040.7,64040.7,GBP,annual,,64040.7,Principal Applied Data Scientist - London Stock Exchange Group
26960,data_scientist,unknown,London,GB,adzuna_uk,183040.0,251680.0,GBP,annual,,217360.0,Data Scientist - AI Trainer - Freelance - 8-20hr p/w
13973,other,junior,Karachi,PK,chisel_pk,,,PKR,monthly,,,Full Time Assistant Web Developer Job in Pakistan
26961,data_scientist,senior,London,GB,adzuna_uk,70887.67,70887.67,GBP,annual,,70887.67,Senior Data Scientist-Perm role- Global company- Central London
26962,data_architect,unknown,London,GB,adzuna_uk,66372.1,66372.1,GBP,annual,,66372.1,Data Science Manager - Marketing & Customer Generative AI Enterprise Architect
26963,data_analyst,unknown,London,GB,adzuna_uk,61828.98,61828.98,GBP,annual,,61828.98,Data & AI Science Consultant
26964,other,senior,Fenchurch St,GB,adzuna_uk,87963.05,87963.05,GBP,annual,,87963.05,Senior Manager Architect - Data
26965,financial_analyst,senior,London,GB,adzuna_uk,86126.06,86126.06,GBP,annual,,86126.06,Fractional Data Science Lead (FP&A) (2-3 days per week)
26966,data_scientist,unknown,London,GB,adzuna_uk,46011.76,46011.76,GBP,annual,,46011.76,"Genomic Data Scientist - (we have office locations in Cambridge, Leeds & London)"
26967,data_scientist,junior,London,GB,adzuna_uk,40500.0,47000.0,GBP,annual,,43750.0,Junior Data Scientist & Marketing Effectiveness - Aug/September 2026 Start Date
26968,other,senior,The City,GB,adzuna_uk,100000.0,100000.0,GBP,annual,,100000.0,"Head of Labs, Data Science, AI, LLMs, SLMs, Agentic AI, Remote"
13974,other,junior,Islamabad,PK,chisel_pk,,,PKR,monthly,,,Full Time Mobile Application Developer (Ios/Android) Jobs in Pakistan
26969,data_scientist,unknown,Canary Wharf,GB,adzuna_uk,56000.0,67000.0,GBP,annual,,61500.0,"Genomic Data Scientist - (we have office locations in Cambridge, Leeds & London)"
26970,other,unknown,London,GB,adzuna_uk,76644.2,76644.2,GBP,annual,,76644.2,Staff Software Engineer - Machine Learning
26971,data_scientist,unknown,London,GB,adzuna_uk,51782.96,51782.96,GBP,annual,,51782.96,"Data Scientist II, Alexa for Shopping Science UK, Alexa for Shopping Science UK"
26972,data_scientist,unknown,London,GB,adzuna_uk,53600.86,53600.86,GBP,annual,,53600.86,"Data Scientist II, Alexa for Shopping Science UK, Alexa for Shopping Science UK"
26973,data_scientist,unknown,London,GB,adzuna_uk,57533.31,57533.31,GBP,annual,,57533.31,"Data Scientist II, Alexa for Shopping Science UK, Alexa for Shopping Science UK"
26974,data_scientist,senior,London,GB,adzuna_uk,86022.96,86022.96,GBP,annual,,86022.96,Senior Data Scientist - Stealth AI (12-months Fixed-Term Contract – Renewable)
26975,data_scientist,senior,London,GB,adzuna_uk,63456.58,63456.58,GBP,annual,,63456.58,"Lead Genomic Data Scientist - Cancer (we have office locations in Cambridge, Leeds & London)"
26976,data_scientist,senior,Canary Wharf,GB,adzuna_uk,71000.0,100000.0,GBP,annual,,85500.0,"Lead Genomic Data Scientist - Cancer (we have office locations in Cambridge, Leeds & London)"
26977,other,senior,London,GB,adzuna_uk,53571.63,53571.63,GBP,annual,,53571.63,Senior Data and Insight Scientist
26978,data_analyst,senior,London,GB,adzuna_uk,60000.0,75000.0,GBP,annual,,67500.0,Senior Data Analyst - Marketing Science
26979,data_analyst,junior,London,GB,adzuna_uk,50094.32,50094.32,GBP,annual,,50094.32,Data Analyst (Compute Science Graduate Opportunity ) - Alexander Mann Solutions (Contingent)
26980,other,senior,London,GB,adzuna_uk,71748.25,71748.25,GBP,annual,,71748.25,"Senior Sales – Climate Risks Data, Analytics & Ratings - Scientific Climate Ratings"
26981,analytics_engineer,junior,London,GB,adzuna_uk,39065.54,39065.54,GBP,annual,,39065.54,Data Engineering and Science Platformer (entry level)
26982,data_analyst,senior,London,GB,adzuna_uk,82530.16,82530.16,GBP,annual,,82530.16,Senior Marketing Data Analyst - Marketing Science
26983,other,unknown,London,GB,adzuna_uk,100000.0,100000.0,GBP,annual,,100000.0,Pricing Actuary
26984,data_scientist,senior,Isleworth,GB,adzuna_uk,62152.0,62152.0,GBP,annual,,62152.0,Principal ML Engineer | Sports AI & Computer Vision
26985,analytics_engineer,junior,Monument,GB,adzuna_uk,61660.45,61660.45,GBP,annual,,61660.45,Data Engineering Internship (Summer 2027)
26986,other,senior,Charing Cross,GB,adzuna_uk,95000.0,95000.0,GBP,annual,,95000.0,Price and Promotion Senior Consulting Lead
26987,other,unknown,London,GB,adzuna_uk,66838.52,66838.52,GBP,annual,,66838.52,Quantitative Researcher/ Trader
26988,data_scientist,senior,London,GB,adzuna_uk,82096.91,82096.91,GBP,annual,,82096.91,Principal AI Engineer
26989,other,senior,South East London,GB,adzuna_uk,70000.0,70000.0,GBP,annual,,70000.0,Market Signals Intelligence Lead
26990,other,senior,Isleworth,GB,adzuna_uk,55767.34,55767.34,GBP,annual,,55767.34,IT Audit Manager - FTC
26991,other,unknown,South East London,GB,adzuna_uk,100000.0,100000.0,GBP,annual,,100000.0,Strategic Pricing Actuary
26992,other,senior,London,GB,adzuna_uk,71394.2,71394.2,GBP,annual,,71394.2,Head of Data - PSD
26993,other,unknown,London,GB,adzuna_uk,66131.19,66131.19,GBP,annual,,66131.19,Quantitative Researcher/ Trader
26994,other,unknown,London,GB,adzuna_uk,49319.04,49319.04,GBP,annual,,49319.04,Python Developer RAD - Commodities- Top-tier Global Hedge Fund
26995,other,junior,London,GB,adzuna_uk,52136.72,52136.72,GBP,annual,,52136.72,Junior Quantitative Researcher – Sports Betting/ London/ $ 75K
26996,other,unknown,London,GB,adzuna_uk,69317.65,69317.65,GBP,annual,,69317.65,Python Quantitative Researcher - London- Global Quant Firm
26997,other,unknown,London,GB,adzuna_uk,47927.41,47927.41,GBP,annual,,47927.41,"Business Consultant, AI & NLP - London Stock Exchange Group"
26998,other,junior,London,GB,adzuna_uk,51657.68,51657.68,GBP,annual,,51657.68,Junior Quantitative Researcher – Systematic Strategies
26999,other,senior,London,GB,adzuna_uk,228000.0,358000.0,GBP,annual,,293000.0,"Scientist II / Senior ML Scientist, Data-Efficient Learning for Drug Discovery"
27000,other,mid,London,GB,adzuna_uk,44188.52,44188.52,GBP,annual,,44188.52,Quantitative Researcher – Equity Strategies (Mid to High Frequency)
27001,other,junior,London,GB,adzuna_uk,49382.86,49382.86,GBP,annual,,49382.86,FinDataTech - Corporate Banking - Strategy Analyst/Associate
27002,other,senior,London,GB,adzuna_uk,82333.47,82333.47,GBP,annual,,82333.47,Medical Analytics & R&D Manager - Goodman Masson
27003,other,junior,London,GB,adzuna_uk,30555.65,30555.65,GBP,annual,,30555.65,Junior Quants with Superb C++ Skills / $120 Bonus
27004,data_analyst,senior,London,GB,adzuna_uk,62618.5,62618.5,GBP,annual,,62618.5,"Senior Scientist - ELN & Data Specialist, Global Technical Development"
27005,other,senior,Charing Cross,GB,adzuna_uk,95000.0,95000.0,GBP,annual,,95000.0,Category Management Senior Client Lead
27006,other,unknown,London,GB,adzuna_uk,43073.4,43073.4,GBP,annual,,43073.4,Quant Researcher With Very Strong Statistics / Data Analysis / London/ £Base Bonus
27007,other,unknown,London,GB,adzuna_uk,47676.64,47676.64,GBP,annual,,47676.64,Cash Equity Quant Researcher / London/ New York - $Open
27008,data_scientist,senior,Charing Cross,GB,adzuna_uk,100000.0,100000.0,GBP,annual,,100000.0,"Senior Research Scientist, Gemini Release Evaluations, DeepMind"
27009,data_scientist,senior,London,GB,adzuna_uk,35999.34,35999.34,GBP,annual,,35999.34,"Manager, Lead Research Scientist, Training Data (Foundational Research)"
27010,data_analyst,junior,Enfield,GB,adzuna_uk,30000.0,50000.0,GBP,annual,,40000.0,Trainee Data Analyst
27011,analytics_engineer,unknown,London,GB,adzuna_uk,156000.0,169000.0,GBP,annual,,162500.0,Analytics Engineer - £650/day Inside IR35 - Immediate Start
27012,other,senior,London,GB,adzuna_uk,80018.29,80018.29,GBP,annual,,80018.29,Lead Platform Engineer
27013,other,junior,London,GB,adzuna_uk,29026.78,29026.78,GBP,annual,,29026.78,Maths Graduate
27014,data_scientist,unknown,North West London,GB,adzuna_uk,75000.0,75000.0,GBP,annual,,75000.0,AI Engineer Placement Programme No Experience Needed
27015,other,senior,London,GB,adzuna_uk,49426.49,49426.49,GBP,annual,,49426.49,Asset Manager Hiring Cross Asset Quant Systematic Researcher / London
27016,other,unknown,London,GB,adzuna_uk,82767.8,82767.8,GBP,annual,,82767.8,Pricing Actuary – UK Commercial Property & Casualty - Chaucer Group
27017,other,senior,London,GB,adzuna_uk,90513.71,90513.71,GBP,annual,,90513.71,"Manager - IRB Model Development, Commercial Banking"
27018,other,senior,London,GB,adzuna_uk,49820.28,49820.28,GBP,annual,,49820.28,Senior Analyst - Marketing Science
27019,data_scientist,senior,London,GB,adzuna_uk,112387.0,112387.0,GBP,annual,,112387.0,Lead ML Engineer
27020,data_scientist,senior,London,GB,adzuna_uk,59706.5,59706.5,GBP,annual,,59706.5,Lead Machine Learning Engineer
27021,data_scientist,senior,London,GB,adzuna_uk,62577.37,62577.37,GBP,annual,,62577.37,Senior Machine Learning Engineer
27022,other,senior,London,GB,adzuna_uk,70565.4,70565.4,GBP,annual,,70565.4,Senior Platform Engineer
27023,other,unknown,London,GB,adzuna_uk,67838.4,67838.4,GBP,annual,,67838.4,Quant Investment Strategist / London- £ High
27024,analytics_engineer,unknown,Millwall,GB,adzuna_uk,49400.0,49400.0,GBP,annual,,49400.0,Data Engineer (AWS)
13975,other,junior,Islamabad,PK,chisel_pk,,,PKR,monthly,,,Full Time SEO/ASO Specialist Jobs in Pakistan
27025,other,senior,London,GB,adzuna_uk,67699.83,67699.83,GBP,annual,,67699.83,Senior Front Office Engineer (Short-Term Power Markets)- Leading Global Energy Commodities Trading
27026,analytics_engineer,unknown,Canary Wharf,GB,adzuna_uk,49400.0,49400.0,GBP,annual,,49400.0,Data Engineer (AWS)
27027,other,senior,London,GB,adzuna_uk,60000.0,80000.0,GBP,annual,,70000.0,Pricing Manager
27028,other,unknown,Waterloo,GB,adzuna_uk,40000.0,40000.0,GBP,annual,,40000.0,Marketing & Digital Analytics Recruitment Consultant
27029,other,unknown,London,GB,adzuna_uk,40000.0,40000.0,GBP,annual,,40000.0,Project Controls Engineer
27030,other,unknown,London,GB,adzuna_uk,65079.91,65079.91,GBP,annual,,65079.91,Quantitative Researcher - Equity Volatility- Global Hedge Fund
27031,other,unknown,London,GB,adzuna_uk,57224.3,57224.3,GBP,annual,,57224.3,"Pricing, Data Analytics & AI - contract"
27032,other,senior,London,GB,adzuna_uk,87040.38,87040.38,GBP,annual,,87040.38,Senior Product Owner (Data / AI)
13976,other,junior,Islamabad,PK,chisel_pk,,,PKR,monthly,,,Full Time Treasury Officer Jobs in Pakistan
27033,other,unknown,London,GB,adzuna_uk,182000.0,182000.0,GBP,annual,,182000.0,AI Test Engineer (SC Cleared)
27034,other,senior,London,GB,adzuna_uk,53430.19,53430.19,GBP,annual,,53430.19,Senior AI Consultant
27035,other,senior,South West London,GB,adzuna_uk,95000.0,95000.0,GBP,annual,,95000.0,Product Manager - 12 month fixed term contract
27036,other,senior,London,GB,adzuna_uk,64946.17,64946.17,GBP,annual,,64946.17,Senior Specialist Solutions Engineer (AI/ML)
27037,other,junior,London,GB,adzuna_uk,64844.12,64844.12,GBP,annual,,64844.12,Junior C++ Quant Developer - Commodities- Global Hedge Fund
27038,other,senior,London,GB,adzuna_uk,90574.41,90574.41,GBP,annual,,90574.41,Principal Engineer - Contract - Outside IR35
27039,other,senior,Charing Cross,GB,adzuna_uk,100000.0,100000.0,GBP,annual,,100000.0,Senior Revenue Manager
27040,other,unknown,London,GB,adzuna_uk,74245.8,74245.8,GBP,annual,,74245.8,"Analyst, Global Quantitative Research"
27041,other,unknown,Holborn,GB,adzuna_uk,98407.38,98407.38,GBP,annual,,98407.38,ML Ops Engineer
27042,other,senior,London,GB,adzuna_uk,62295.48,62295.48,GBP,annual,,62295.48,AI Technical Recruiter/Business Development Manager (AI POD Solutions)
27043,other,unknown,London,GB,adzuna_uk,63779.11,63779.11,GBP,annual,,63779.11,"Pricing, Data Analytics & AI - contract"
27044,other,unknown,London,GB,adzuna_uk,67175.94,67175.94,GBP,annual,,67175.94,Systematic Macro Quantitative Researcher | Multi-Strat Hedge Fund - eFinancialCareers
27045,other,unknown,London,GB,adzuna_uk,57043.34,57043.34,GBP,annual,,57043.34,Quantitative Researcher – Macro Systematic Strategies
27046,data_architect,unknown,London,GB,adzuna_uk,74125.81,74125.81,GBP,annual,,74125.81,Enterprise Architect AI Asset Manager Finance Banking London
27047,other,unknown,Farringdon,GB,adzuna_uk,61694.8,61694.8,GBP,annual,,61694.8,Oracle APEX Consultant
27048,other,unknown,London,GB,adzuna_uk,40024.85,40024.85,GBP,annual,,40024.85,Software Engineering Expert - AI/ML
27049,other,junior,London,GB,adzuna_uk,80000.0,160000.0,GBP,annual,,120000.0,"Math, Physics & Engineering Graduates"
27050,statistician,unknown,London,GB,adzuna_uk,80000.0,160000.0,GBP,annual,,120000.0,"Quantitative Analyst (Math, Physics & Engineering degrees)"
27051,data_scientist,senior,London,GB,adzuna_uk,60930.81,60930.81,GBP,annual,,60930.81,Senior Machine Learning Engineer
27052,data_scientist,senior,South Wimbledon,GB,adzuna_uk,76000.0,83000.0,GBP,annual,,79500.0,Lead AI Engineer - London Area
27053,data_scientist,senior,South Wimbledon,GB,adzuna_uk,76000.0,83000.0,GBP,annual,,79500.0,Lead AI Engineer - City of London
27054,other,senior,West London,GB,adzuna_uk,55000.0,55000.0,GBP,annual,,55000.0,Senior Pricing Analyst Insurance behaviour modelling
27055,other,unknown,London,GB,adzuna_uk,65499.76,65499.76,GBP,annual,,65499.76,Prop Trading Firm Hiring Quant Researcher / London /£70K
27056,other,senior,London,GB,adzuna_uk,72263.27,72263.27,GBP,annual,,72263.27,Senior Front Office Engineer- Leading Global Energy Commodities Trading
13977,other,mid,Islamabad,PK,chisel_pk,,,PKR,monthly,,,Online Full Time Executive Secretary To CEO Job in Pakistan
27057,other,senior,London,GB,adzuna_uk,156000.0,169000.0,GBP,annual,,162500.0,AI Quality Assurance Lead - SC Cleared
27058,other,senior,Charing Cross,GB,adzuna_uk,100000.0,100000.0,GBP,annual,,100000.0,Group Tax Manager
27059,data_architect,unknown,London,GB,adzuna_uk,260000.0,390000.0,GBP,annual,,325000.0,Data Solution Architect
27060,other,senior,London,GB,adzuna_uk,56173.11,56173.11,GBP,annual,,56173.11,"Cluster Product Lead (LSEG Messenger), Workspace - London Stock Exchange Group"
27061,other,senior,London,GB,adzuna_uk,52664.58,52664.58,GBP,annual,,52664.58,"Product Manager, Community, Open Directory - Workspace - London Stock Exchange Group"
27062,other,senior,London,GB,adzuna_uk,102391.8,102391.8,GBP,annual,,102391.8,ML Software Engineering Lead
27063,data_analyst,senior,London,GB,adzuna_uk,56825.78,56825.78,GBP,annual,,56825.78,Data & AI Senior Product Specialist
27064,other,unknown,London,GB,adzuna_uk,88976.09,88976.09,GBP,annual,,88976.09,Backend Software Engineer (Python)
13978,other,mid,Islamabad,PK,chisel_pk,,,PKR,monthly,,,Full Time Mobile App Developer Job in Pakistan
27065,data_analyst,unknown,London,GB,adzuna_uk,44228.03,44228.03,GBP,annual,,44228.03,Data Analyst
27066,other,unknown,London,GB,adzuna_uk,61980.11,61980.11,GBP,annual,,61980.11,ESG Quant Analyst - Mason Blake
27067,analytics_engineer,senior,London,GB,adzuna_uk,70111.54,70111.54,GBP,annual,,70111.54,Senior Data Engineer (Short-Term Power Markets)- Leading Global Energy Commodities Trading
27068,other,unknown,London,GB,adzuna_uk,55196.06,55196.06,GBP,annual,,55196.06,Quant Investment Strategist / London
27069,other,unknown,London,GB,adzuna_uk,43841.76,43841.76,GBP,annual,,43841.76,"Sector Analyst, Proprietary Research"
27070,data_analyst,unknown,Wallington,GB,adzuna_uk,33000.0,38000.0,GBP,annual,,35500.0,Business Intelligence Analyst
27071,other,senior,London,GB,adzuna_uk,68003.05,68003.05,GBP,annual,,68003.05,"Senior Manager, Data Analytics"
27072,analytics_engineer,junior,The City,GB,adzuna_uk,64062.02,64062.02,GBP,annual,,64062.02,Data Engineering Internship (Summer 2027)
13979,other,junior,Islamabad,PK,chisel_pk,,,PKR,monthly,,,Full Time Psychometric Assessment Specialist Jobs in Pakistan
27073,data_analyst,junior,Central London,GB,adzuna_uk,35000.0,35000.0,GBP,annual,,35000.0,Junior Data Analyst – Tech Startup
27074,data_scientist,unknown,Holborn,GB,adzuna_uk,59756.18,59756.18,GBP,annual,,59756.18,Applied AI Engineer
27075,other,junior,The City,GB,adzuna_uk,54483.59,54483.59,GBP,annual,,54483.59,Front Office Software Engineer Internship (Summer 2027)
27076,data_scientist,senior,London,GB,adzuna_uk,102631.23,102631.23,GBP,annual,,102631.23,Lead ML Engineer / Scientist
27077,analytics_engineer,senior,Uxbridge,GB,adzuna_uk,69000.0,72000.0,GBP,annual,,70500.0,Senior Data Engineer (Databricks)
27078,other,unknown,South East London,GB,adzuna_uk,80000.0,80000.0,GBP,annual,,80000.0,Power System & Product Development Engineer
27079,analytics_engineer,senior,London,GB,adzuna_uk,55000.0,85000.0,GBP,annual,,70000.0,Senior Data Engineer (Databricks)
27080,other,senior,London,GB,adzuna_uk,70361.12,70361.12,GBP,annual,,70361.12,Applied AI ML Lead
13980,other,mid,Lahore,PK,chisel_pk,,,PKR,monthly,,,Full Time Project Manager Jobs in Pakistan
27081,other,senior,The City,GB,adzuna_uk,110500.0,117000.0,GBP,annual,,113750.0,Data Project Manager
27082,other,senior,London,GB,adzuna_uk,53080.37,53080.37,GBP,annual,,53080.37,"Product Manager, Platform, Open Directory, Workspace - London Stock Exchange Group"
27083,data_scientist,unknown,London,GB,adzuna_uk,48762.96,48762.96,GBP,annual,,48762.96,Machine Learning Engineer
27084,data_scientist,senior,London,GB,adzuna_uk,96689.53,96689.53,GBP,annual,,96689.53,Lead ML Engineer / Scientist
27085,analytics_engineer,senior,The City,GB,adzuna_uk,60030.63,60030.63,GBP,annual,,60030.63,Senior Analytics Engineer
27086,data_architect,unknown,Farringdon,GB,adzuna_uk,260000.0,260000.0,GBP,annual,,260000.0,Data Solution Architect
27087,data_analyst,unknown,Farringdon,GB,adzuna_uk,104000.0,117000.0,GBP,annual,,110500.0,Data Analyst - Revenue
27088,other,senior,London,GB,adzuna_uk,113736.62,113736.62,GBP,annual,,113736.62,"Director, Product Management – Client Delivery platform – Automotive Planning Solutions"
13981,other,junior,Lahore,PK,chisel_pk,,,PKR,monthly,,,Full Time Project Coordinator Jobs in Pakistan
27089,other,senior,London,GB,adzuna_uk,90000.0,105000.0,GBP,annual,,97500.0,Senior Data Product Manager - FinTech/FS - Transformation
27090,other,unknown,Farringdon,GB,adzuna_uk,124800.0,166400.0,GBP,annual,,145600.0,Computer Vision Engineer
27091,other,senior,London,GB,adzuna_uk,51275.33,51275.33,GBP,annual,,51275.33,AVP/Quantitative Researcher
27092,other,unknown,Canary Wharf,GB,adzuna_uk,70165.72,70165.72,GBP,annual,,70165.72,Quantitative Risk Developer
27093,analytics_engineer,senior,Liverpool Street,GB,adzuna_uk,69000.0,72000.0,GBP,annual,,70500.0,Senior Data Engineer (Databricks)
27094,other,senior,London,GB,adzuna_uk,90200.23,90200.23,GBP,annual,,90200.23,Senior ML Platform Engineer - Financial Crime
27095,other,senior,South East London,GB,adzuna_uk,100000.0,100000.0,GBP,annual,,100000.0,M&E Project / Senior Quantity Surveyor
27096,other,senior,London,GB,adzuna_uk,56350.28,56350.28,GBP,annual,,56350.28,Head of Credit Risk
13982,other,mid,Lahore,PK,chisel_pk,,,PKR,monthly,,,Full Time Senior Java Backend Developer Jobs in Pakistan
27097,data_analyst,unknown,Farringdon,GB,adzuna_uk,45004.92,45004.92,GBP,annual,,45004.92,Data Analyst
27098,other,senior,London,GB,adzuna_uk,99693.73,99693.73,GBP,annual,,99693.73,Applied AI & ML Lead – Markets Operations
27099,data_scientist,unknown,London,GB,adzuna_uk,54719.9,54719.9,GBP,annual,,54719.9,Applied AI Engineer
27100,other,senior,London,GB,adzuna_uk,73685.66,73685.66,GBP,annual,,73685.66,Senior Product Engineer
27101,other,unknown,London,GB,adzuna_uk,49283.4,49283.4,GBP,annual,,49283.4,Audit Analytics Specialist
27102,other,senior,London,GB,adzuna_uk,78294.85,78294.85,GBP,annual,,78294.85,Senior ML Platform Engineer II - Financial Crime
27103,other,senior,London,GB,adzuna_uk,72864.22,72864.22,GBP,annual,,72864.22,"Senior Director, Innovative Statistics"
27104,other,senior,London,GB,adzuna_uk,77293.45,77293.45,GBP,annual,,77293.45,"Program Manager - 6 months contract, Go-to-Market Operations, Amazon Business EU"
13983,other,junior,Lahore,PK,chisel_pk,,,PKR,monthly,,,Full Time Android Developer Jobs in Pakistan
27105,analytics_engineer,unknown,London,GB,adzuna_uk,56747.95,56747.95,GBP,annual,,56747.95,Data Engineer - Audience Measurement
27106,other,senior,London,GB,adzuna_uk,69290.22,69290.22,GBP,annual,,69290.22,VP of AI
27107,analytics_engineer,unknown,London,GB,adzuna_uk,73793.39,73793.39,GBP,annual,,73793.39,Data Engineer
27108,data_scientist,unknown,London,GB,adzuna_uk,66266.55,66266.55,GBP,annual,,66266.55,Biometric Research Scientist / Actuary
27109,analytics_engineer,unknown,London,GB,adzuna_uk,61482.59,61482.59,GBP,annual,,61482.59,Data Engineer
27110,data_scientist,senior,London,GB,adzuna_uk,65000.0,75000.0,GBP,annual,,70000.0,Senior AI Engineer - Perm - London
27111,analytics_engineer,senior,London,GB,adzuna_uk,71568.65,71568.65,GBP,annual,,71568.65,Lead Data Platform Engineer
27112,other,senior,London,GB,adzuna_uk,63715.88,63715.88,GBP,annual,,63715.88,Technical Project / Deployment Manager - Audience Measurement
27113,analytics_engineer,unknown,London,GB,adzuna_uk,70454.98,70454.98,GBP,annual,,70454.98,Data Platform Engineer
27114,other,senior,London,GB,adzuna_uk,86543.17,86543.17,GBP,annual,,86543.17,EMEA Marketing Measurement Lead
27115,data_scientist,unknown,London,GB,adzuna_uk,75933.82,75933.82,GBP,annual,,75933.82,AI Engineer - Platform - CRISIL
27116,other,senior,Charing Cross,GB,adzuna_uk,95000.0,95000.0,GBP,annual,,95000.0,Lead Engineer - Workplace Technology and Automation
27117,analytics_engineer,unknown,London,GB,adzuna_uk,47642.09,47642.09,GBP,annual,,47642.09,Data Engineer
27118,other,unknown,Central London,GB,adzuna_uk,66384.51,66384.51,GBP,annual,,66384.51,Quantitative Researcher/ Trader
27119,other,unknown,London,GB,adzuna_uk,51514.12,51514.12,GBP,annual,,51514.12,"Business Consultant, AI & NLP"
27120,other,unknown,The City,GB,adzuna_uk,100000.0,100000.0,GBP,annual,,100000.0,Pricing Actuary
27121,data_scientist,senior,Docklands,GB,adzuna_uk,57000.0,63000.0,GBP,annual,,60000.0,Lead AI Engineer
13984,other,junior,Sialkot,PK,chisel_pk,,,PKR,monthly,,,Full Time Digital Marketing Expert Job in Pakistan
27122,other,unknown,The City,GB,adzuna_uk,90000.0,90000.0,GBP,annual,,90000.0,AI Trainer
27123,other,unknown,London,GB,adzuna_uk,100000.0,100000.0,GBP,annual,,100000.0,ML/Engineer
27124,other,unknown,London,GB,adzuna_uk,78699.4,78699.4,GBP,annual,,78699.4,AI Consultant - Financial Services Expertise
27125,other,senior,London,GB,adzuna_uk,46706.71,46706.71,GBP,annual,,46706.71,Senior Technical Recruiter
27126,data_scientist,senior,London,GB,adzuna_uk,80967.23,80967.23,GBP,annual,,80967.23,Senior Machine Learning Engineer - Customer AI
27127,other,senior,London,GB,adzuna_uk,55369.93,55369.93,GBP,annual,,55369.93,Global Analytics Director
27128,other,unknown,London,GB,adzuna_uk,63020.97,63020.97,GBP,annual,,63020.97,Risk Analyst - Portfolio Team (UK)
27129,other,senior,Heathrow,GB,adzuna_uk,53737.36,53737.36,GBP,annual,,53737.36,Senior Technical Consultant Analyst
27130,other,unknown,London,GB,adzuna_uk,49359.75,49359.75,GBP,annual,,49359.75,Audit Analytics Specialist
27131,other,senior,South West London,GB,adzuna_uk,95000.0,95000.0,GBP,annual,,95000.0,Price and Promotion Senior Consulting Lead
27132,other,senior,The City,GB,adzuna_uk,70244.25,70244.25,GBP,annual,,70244.25,Actuarial Manager - Life Insurance Transformation
27133,other,senior,London,GB,adzuna_uk,45998.07,45998.07,GBP,annual,,45998.07,Programme Manager - Network
27134,other,unknown,London,GB,adzuna_uk,52084.93,52084.93,GBP,annual,,52084.93,Emea SDR
27135,other,senior,London,GB,adzuna_uk,67554.85,67554.85,GBP,annual,,67554.85,Senior Account Executive
27136,other,senior,London,GB,adzuna_uk,63288.51,63288.51,GBP,annual,,63288.51,CRM Senior Capability & Innovations Lead
27137,other,senior,Canary Wharf,GB,adzuna_uk,87185.84,87185.84,GBP,annual,,87185.84,Senior Manager Quantitative Risk Developer
27138,other,senior,London,GB,adzuna_uk,59855.53,59855.53,GBP,annual,,59855.53,Senior Software Engineer - Graph Analytics for Snowflake
27139,data_scientist,senior,London,GB,adzuna_uk,66111.64,66111.64,GBP,annual,,66111.64,Senior Machine Learning Engineer
27140,other,unknown,London,GB,adzuna_uk,73331.7,73331.7,GBP,annual,,73331.7,Azure Machine Learning MLops
27141,other,senior,London,GB,adzuna_uk,160000.0,180000.0,GBP,annual,,170000.0,Product and Growth Analytics Lead
27142,other,senior,London,GB,adzuna_uk,77368.89,77368.89,GBP,annual,,77368.89,Product Design Lead - Vice President
27143,other,unknown,London,GB,adzuna_uk,60911.06,60911.06,GBP,annual,,60911.06,Customer AI Developer Specialist
27144,other,senior,London,GB,adzuna_uk,86112.52,86112.52,GBP,annual,,86112.52,EMEA Marketing Measurement Lead
27145,analytics_engineer,senior,London,GB,adzuna_uk,68135.29,68135.29,GBP,annual,,68135.29,Senior Data Platform Engineer
27150,other,senior,London,GB,adzuna_uk,47732.37,47732.37,GBP,annual,,47732.37,Customer Insight Analyst/Manager
27151,other,senior,London,GB,adzuna_uk,80000.0,90000.0,GBP,annual,,85000.0,Head of R&D - Sensing Science
13985,other,junior,Islamabad,PK,chisel_pk,,,PKR,monthly,,,Full Time Travel Agent Job in Pakistan
27152,other,senior,London,GB,adzuna_uk,55520.69,55520.69,GBP,annual,,55520.69,Marketing Science Lead
27153,analytics_engineer,unknown,London,GB,adzuna_uk,169000.0,169000.0,GBP,annual,,169000.0,Contract Analytics Engineer Role - Fully Remote - £650/pd
27154,other,senior,London,GB,adzuna_uk,73088.11,73088.11,GBP,annual,,73088.11,"Director, Search & AI Evaluation"
27155,data_scientist,unknown,London,GB,adzuna_uk,90000.0,90000.0,GBP,annual,,90000.0,AI Engineer
27156,data_scientist,senior,London,GB,adzuna_uk,89247.78,89247.78,GBP,annual,,89247.78,Principal AI Engineer
27157,other,senior,London,GB,adzuna_uk,84000.0,107000.0,GBP,annual,,95500.0,"Senior Product Manager, AI & Data Products"
27158,other,senior,London,GB,adzuna_uk,66241.14,66241.14,GBP,annual,,66241.14,Analytics Solutions Lead
27159,other,senior,London,GB,adzuna_uk,61907.45,61907.45,GBP,annual,,61907.45,Head of Customer - EMEA
27160,other,unknown,London,GB,adzuna_uk,86458.95,86458.95,GBP,annual,,86458.95,Software Engineer - AI Platform & Agents
24434,data_analyst,unknown,South East London,GB,adzuna_uk,40000.0,40000.0,GBP,annual,,40000.0,CAD Data Analyst
24435,data_analyst,unknown,Furzedown,GB,adzuna_uk,22880.0,22880.0,GBP,annual,,22880.0,Data Analyst (AI Training)
27161,other,unknown,London,GB,adzuna_uk,57290.42,57290.42,GBP,annual,,57290.42,Speculative Job Application - Science Team
27162,analytics_engineer,senior,London,GB,adzuna_uk,91056.3,91056.3,GBP,annual,,91056.3,"Senior Data Engineering Manager, AD/ADAS"
27163,other,senior,London,GB,adzuna_uk,59286.91,59286.91,GBP,annual,,59286.91,"Senior Product Manager, Data Foundry"
27164,other,senior,London,GB,adzuna_uk,61454.1,61454.1,GBP,annual,,61454.1,Senior Machine Learning Scientist
8828,other,junior,Islamabad,PK,chisel_pk,,,PKR,monthly,,,Full Time Pharmacist With Category Required Job in Pakistan
13795,other,junior,Islamabad,PK,chisel_pk,,,PKR,monthly,,,Full Time PHP Web Developer Jobs in Pakistan
13797,other,junior,Islamabad,PK,chisel_pk,,,PKR,monthly,,,Full Time Wordpress Developer Job in Pakistan
13986,other,junior,Lahore,PK,chisel_pk,,,PKR,monthly,,,Full Time Front End Developer Jobs in Pakistan
13812,other,junior,Peshawar,PK,chisel_pk,,,PKR,monthly,,,Full Time Customer Relationship Officer Job in Pakistan
10072,other,mid,Islamabad,PK,chisel_pk,,,PKR,monthly,,,Full Time Graphic Designer Job in Pakistan
10104,other,mid,Karachi,PK,chisel_pk,,,PKR,monthly,,,Full Time Pharmacy Assistant Job in Pakistan
13823,other,junior,Islamabad,PK,chisel_pk,,,PKR,monthly,,,Full Time Admin Officer Job in Pakistan
13829,other,junior,Islamabad,PK,chisel_pk,,,PKR,monthly,,,Full Time Customer Relationship Manager Job in Pakistan
10521,other,mid,Lahore,PK,chisel_pk,,,PKR,monthly,,,Full Time Head Chef Job in Pakistan
13842,other,mid,Rawalpindi,PK,chisel_pk,,,PKR,monthly,,,Full Time Creative Website Designer Job in Pakistan
10856,other,unknown,Islamabad,PK,chisel_pk,,,PKR,monthly,,,Full Time Call Center Representative Jobs in Pakistan
11011,other,senior,Karachi,PK,chisel_pk,,,PKR,monthly,,,Full Time TSR Jobs in Pakistan
11418,other,junior,Islamabad,PK,chisel_pk,,,PKR,monthly,,,Full Time Store Assistant Job in Pakistan
11714,other,junior,Islamabad,PK,chisel_pk,,,PKR,monthly,,,Online Full Time Executive Consultant Jobs in Pakistan
13987,other,mid,Karachi,PK,chisel_pk,,,PKR,monthly,,,Full Time React Native Mobile App Developer Jobs in Pakistan
13894,other,mid,Karachi,PK,chisel_pk,,,PKR,monthly,,,Full Time Full Stack Developer Job in Pakistan
12201,other,senior,Karachi,PK,chisel_pk,,,PKR,monthly,,,Full Time C++ Software Engineer Job in Pakistan
12244,other,junior,Gujranwala,PK,chisel_pk,,,PKR,monthly,,,Full Time Sales Executive Job in Pakistan
12370,other,junior,Lahore,PK,chisel_pk,,,PKR,monthly,,,Full Time Merchandiser (Knits) Jobs in Pakistan
13940,other,junior,Lahore,PK,chisel_pk,,,PKR,monthly,,,Full Time Business Developer Job in Pakistan
8989,other,junior,Islamabad,PK,chisel_pk,,,PKR,monthly,,,Full Time Videographer Job in Pakistan
13988,other,mid,Karachi,PK,chisel_pk,,,PKR,monthly,,,Full Time Senior Vuejs & PHP Developer (Laravel Or Codeigniter) Jobs in Pakistan
13891,other,mid,Karachi,PK,chisel_pk,,,PKR,monthly,,,Online Full Time Oracle Developer (ADF/BI) Job in Pakistan
14001,other,junior,Islamabad,PK,chisel_pk,,,PKR,monthly,,,Online Full Time Chefs Job in Pakistan
27146,other,senior,Kings Cross,GB,adzuna_uk,57700.18,57700.18,GBP,annual,,57700.18,AI Product Manager
27147,data_scientist,senior,London,GB,adzuna_uk,96369.36,96369.36,GBP,annual,,96369.36,Senior Machine Learning Engineer
27148,other,unknown,London,GB,adzuna_uk,89462.27,89462.27,GBP,annual,,89462.27,AI Governance Consultant
27149,statistician,unknown,London,GB,adzuna_uk,71386.78,71386.78,GBP,annual,,71386.78,Quantitative Analyst – Research & Analytics (Remote)
27165,data_scientist,senior,Farringdon,GB,adzuna_uk,65000.0,75000.0,GBP,annual,,70000.0,Senior AI Engineer - Perm - London
27166,other,senior,London,GB,adzuna_uk,44314.66,44314.66,GBP,annual,,44314.66,Senior QA Engineer
27167,other,senior,London,GB,adzuna_uk,76919.08,76919.08,GBP,annual,,76919.08,"Team Leader - Funds Reference Data, - Enterprise Data Product"
27168,other,unknown,London,GB,adzuna_uk,76097.52,76097.52,GBP,annual,,76097.52,Software Engineer - AI Platform & Agents
27169,other,senior,London,GB,adzuna_uk,72455.66,72455.66,GBP,annual,,72455.66,Senior Software Engineer (AI & SaaS Applications)
27170,other,senior,London,GB,adzuna_uk,50847.78,50847.78,GBP,annual,,50847.78,"Marketing Science Manager, Forecasting"
27171,other,unknown,London,GB,adzuna_uk,42280.07,42280.07,GBP,annual,,42280.07,Express your interest
27172,data_analyst,senior,London,GB,adzuna_uk,57143.31,57143.31,GBP,annual,,57143.31,Lead Data Analyst - Network
13989,other,junior,Karachi,PK,chisel_pk,,,PKR,monthly,,,Full Time Factory Supervisor Job in Pakistan
27173,other,senior,London,GB,adzuna_uk,66056.81,66056.81,GBP,annual,,66056.81,"Director, Search & AI Evaluation"
27174,other,senior,London,GB,adzuna_uk,92440.85,92440.85,GBP,annual,,92440.85,Analytics Manager - Marketing Science
27175,other,senior,Aldwych,GB,adzuna_uk,75126.58,75126.58,GBP,annual,,75126.58,Principal GIS Consultant — GeoAI & Spatial Intelligence
27176,statistician,unknown,The City,GB,adzuna_uk,90000.0,100000.0,GBP,annual,,95000.0,Sports Trading Quantitative Analyst
27177,other,unknown,London,GB,adzuna_uk,56796.03,56796.03,GBP,annual,,56796.03,Full-Stack Engineer
27178,other,junior,London,GB,adzuna_uk,26000.0,30000.0,GBP,annual,,28000.0,Graduate AI Developer
27179,other,senior,London,GB,adzuna_uk,50000.0,70000.0,GBP,annual,,60000.0,AI Technical Lead
27180,data_analyst,unknown,London,GB,adzuna_uk,63934.03,63934.03,GBP,annual,,63934.03,CRM Data Analyst
13990,other,junior,Dina,PK,chisel_pk,,,PKR,monthly,,,Full Time Regional Auditor Jobs in Pakistan
27181,other,unknown,London,GB,adzuna_uk,150000.0,250000.0,GBP,annual,,200000.0,Staff Software Engineer | Applied AI / Voice AI
27182,analytics_engineer,junior,Monument,GB,adzuna_uk,17000.0,28500.0,GBP,annual,,22750.0,Data Engineering Internship
27183,other,unknown,London,GB,adzuna_uk,100000.0,115000.0,GBP,annual,,107500.0,Strategic Pricing Actuary
27184,other,senior,London,GB,adzuna_uk,85432.68,85432.68,GBP,annual,,85432.68,Risk Strategy Program Manager - Marketplace
27185,other,senior,London,GB,adzuna_uk,69125.48,69125.48,GBP,annual,,69125.48,"Senior Manager, Data, UK"
27186,analytics_engineer,unknown,London,GB,adzuna_uk,70000.0,105000.0,GBP,annual,,87500.0,Data Engineer
27187,other,senior,London,GB,adzuna_uk,62151.76,62151.76,GBP,annual,,62151.76,Applied AI ML Lead
27188,other,unknown,London,GB,adzuna_uk,78471.19,78471.19,GBP,annual,,78471.19,Quantitative Researcher (Machine Learning) - eFinancialCareers
13991,other,junior,Karachi,PK,chisel_pk,,,PKR,monthly,,,Full Time Online Media Management Officer Jobs in Pakistan
27189,other,senior,London,GB,adzuna_uk,30791.6,30791.6,GBP,annual,,30791.6,"Manager, Analytics - Global Clients"
27190,analytics_engineer,senior,London,GB,adzuna_uk,70000.0,100000.0,GBP,annual,,85000.0,Senior Data Engineer - Core systems
27191,other,senior,London,GB,adzuna_uk,82857.28,82857.28,GBP,annual,,82857.28,Strategy Lead - Acquisition (German Speaking)
27192,other,senior,London,GB,adzuna_uk,91000.0,114400.0,GBP,annual,,102700.0,Project Manager
27193,other,junior,London,GB,adzuna_uk,44718.79,44718.79,GBP,annual,,44718.79,VIE - Associate Optimisation Engineer - LONDON -M/F
27194,analytics_engineer,senior,Charing Cross,GB,adzuna_uk,52374.28,52374.28,GBP,annual,,52374.28,Senior Data Platform Engineer
27195,analytics_engineer,senior,London,GB,adzuna_uk,72859.7,72859.7,GBP,annual,,72859.7,"VP, AI & Data Platforms"
27196,other,senior,Monument,GB,adzuna_uk,83863.24,83863.24,GBP,annual,,83863.24,Senior Analytics Product Manager
27197,other,senior,London,GB,adzuna_uk,75569.51,75569.51,GBP,annual,,75569.51,Senior Credit Strategy Analyst
27198,other,senior,London,GB,adzuna_uk,94469.81,94469.81,GBP,annual,,94469.81,Project Manager - AI Enablement
27199,other,junior,London,GB,adzuna_uk,25000.0,28000.0,GBP,annual,,26500.0,Junior English Linguistics Analyst
27200,data_analyst,unknown,Hackney,GB,adzuna_uk,98800.0,104000.0,GBP,annual,,101400.0,Data Analyst
27201,data_scientist,unknown,London,GB,adzuna_uk,50000.0,200000.0,GBP,annual,,125000.0,Machine Learning Engineer
27202,other,senior,London,GB,adzuna_uk,67082.72,67082.72,GBP,annual,,67082.72,Senior Specialist Solutions Architect (AI/ML)
27203,other,senior,London,GB,adzuna_uk,60933.25,60933.25,GBP,annual,,60933.25,Pre-sales Senior Technical Solutions Engineer (AI/ML - Digital Native Business) x2
27204,other,senior,London,GB,adzuna_uk,65381.12,65381.12,GBP,annual,,65381.12,Pre-sales Senior Technical Solutions Engineer (Data and AI)
27205,other,unknown,Farringdon,GB,adzuna_uk,80000.0,130000.0,GBP,annual,,105000.0,Android Developer
13992,other,junior,Islamabad,PK,chisel_pk,,,PKR,monthly,,,Full Time Technical Sales Manger / Sales & Service Engineer Jobs in Pakistan
27206,other,unknown,Borough,GB,adzuna_uk,70.0,100.0,GBP,annual,,85.0,Founding Engineer (ML)
27207,other,senior,London,GB,adzuna_uk,87478.84,87478.84,GBP,annual,,87478.84,Senior Director of Machine Learning (Experiences)
27208,other,senior,London,GB,adzuna_uk,79778.57,79778.57,GBP,annual,,79778.57,AI Consultant - Principal
27209,other,senior,London,GB,adzuna_uk,83603.23,83603.23,GBP,annual,,83603.23,Senior AI Risk Technical Advisory Lead
27210,data_scientist,unknown,London,GB,adzuna_uk,182000.0,195000.0,GBP,annual,,188500.0,Machine Learning Engineer
27211,data_scientist,unknown,London,GB,adzuna_uk,156000.0,169000.0,GBP,annual,,162500.0,Machine Learning Engineer
27212,analytics_engineer,junior,London,GB,adzuna_uk,35000.0,44000.0,GBP,annual,,39500.0,Graduate Data Engineer
27213,data_analyst,junior,London,GB,adzuna_uk,35000.0,35000.0,GBP,annual,,35000.0,Graduate Data Analyst
27214,other,senior,London,GB,adzuna_uk,47245.16,47245.16,GBP,annual,,47245.16,Senior Medical Copywriter
27215,other,senior,London,GB,adzuna_uk,110000.0,120000.0,GBP,annual,,115000.0,Head of Partnerships
27216,other,senior,London,GB,adzuna_uk,68698.96,68698.96,GBP,annual,,68698.96,Director AI Governance
27217,data_analyst,senior,London,GB,adzuna_uk,61975.5,61975.5,GBP,annual,,61975.5,Director - Data & AI (Telecoms & Media Sector)
27218,other,senior,London,GB,adzuna_uk,59829.79,59829.79,GBP,annual,,59829.79,Staff Product Manager - AI FDE
27219,data_scientist,senior,London,GB,adzuna_uk,58000.0,81000.0,GBP,annual,,69500.0,Senior Optical Research Scientist
27220,data_scientist,unknown,London,GB,adzuna_uk,72500.87,72500.87,GBP,annual,,72500.87,Machine Learning Engineer
27221,other,senior,London,GB,adzuna_uk,92000.0,96500.0,GBP,annual,,94250.0,"Program Manager - Vehicle Recovery, Safety, & Logistics"
27222,other,unknown,London,GB,adzuna_uk,43515.35,43515.35,GBP,annual,,43515.35,Threat Research Analyst
13993,other,junior,Lahore,PK,chisel_pk,,,PKR,monthly,,,Full Time Customer Support Executives Jobs in Pakistan
27223,other,unknown,London,GB,adzuna_uk,76931.26,76931.26,GBP,annual,,76931.26,AI Deployment Strategist
27224,other,senior,London,GB,adzuna_uk,80182.98,80182.98,GBP,annual,,80182.98,"Team Leader - Funds Reference Data, - Enterprise Data Product"
27225,other,senior,London,GB,adzuna_uk,69188.07,69188.07,GBP,annual,,69188.07,Principal AI Model Designer
27226,other,senior,London,GB,adzuna_uk,82610.16,82610.16,GBP,annual,,82610.16,Applied AI & ML Lead - Markets Operations
27227,other,senior,The City,GB,adzuna_uk,100000.0,100000.0,GBP,annual,,100000.0,Senior Data Product Manager - FinTech/FS - Transformation
27228,other,unknown,London,GB,adzuna_uk,42249.47,42249.47,GBP,annual,,42249.47,Talent Acquisition Specialist
27229,data_scientist,unknown,London,GB,adzuna_uk,64538.91,64538.91,GBP,annual,,64538.91,AI Engineer / Machine Learning Engineer
27230,other,mid,London,GB,adzuna_uk,52591.9,52591.9,GBP,annual,,52591.9,Jnr-Mid Backend Engineer
13994,other,mid,Karachi,PK,chisel_pk,,,PKR,monthly,,,Full Time Scrum Master Job in Pakistan
27231,other,senior,London,GB,adzuna_uk,59743.98,59743.98,GBP,annual,,59743.98,Lead Learning Scientist
27232,other,senior,London,GB,adzuna_uk,130000.0,130260.0,GBP,annual,,130130.0,Lead Azure Databricks Platform Engineer / Architect
27233,other,senior,London,GB,adzuna_uk,100587.15,100587.15,GBP,annual,,100587.15,AI/ML Director
27234,other,senior,London,GB,adzuna_uk,81042.01,81042.01,GBP,annual,,81042.01,Principal Software Engineer - Full Stack Python/AWS
27235,data_scientist,junior,London,GB,adzuna_uk,102337.14,102337.14,GBP,annual,,102337.14,Applied AI ML - Senior Associate - Machine Learning Engineer
27236,other,unknown,London,GB,adzuna_uk,71428.8,71428.8,GBP,annual,,71428.8,"Software Engineer III – Python, AIML, AWS, EKS"
27237,other,senior,London,GB,adzuna_uk,82996.79,82996.79,GBP,annual,,82996.79,Analytics Manager - Marketing Science
27238,other,unknown,Kings Cross,GB,adzuna_uk,58519.63,58519.63,GBP,annual,,58519.63,AI Product Engineer
13995,other,junior,Karachi,PK,chisel_pk,,,PKR,monthly,,,Full Time Accountant Job in Pakistan
27239,other,senior,London,GB,adzuna_uk,64594.21,64594.21,GBP,annual,,64594.21,Head of Assessment and Certification Content
27240,data_scientist,senior,London,GB,adzuna_uk,78173.46,78173.46,GBP,annual,,78173.46,Lead ML Engineer
27241,other,senior,London,GB,adzuna_uk,50000.0,50000.0,GBP,annual,,50000.0,Customer Success Manager
27242,analytics_engineer,senior,St Lukes,GB,adzuna_uk,75000.0,80000.0,GBP,annual,,77500.0,Senior Data Engineer
27243,other,senior,London,GB,adzuna_uk,70000.0,70000.0,GBP,annual,,70000.0,Market Signals Intelligence Lead
27244,analytics_engineer,unknown,London,GB,adzuna_uk,75000.0,75000.0,GBP,annual,,75000.0,AWS Data Engineer
27245,statistician,unknown,The City,GB,adzuna_uk,80000.0,90000.0,GBP,annual,,85000.0,Quantitative Analyst
27246,data_scientist,unknown,London,GB,adzuna_uk,64319.56,64319.56,GBP,annual,,64319.56,AI Engineer
13996,other,mid,Karachi,PK,chisel_pk,,,PKR,monthly,,,Full Time Senior Developer PHP/Laravel Job in Pakistan
27247,other,unknown,Charing Cross,GB,adzuna_uk,100000.0,100000.0,GBP,annual,,100000.0,Insights Sales Executive
27248,other,senior,Charing Cross,GB,adzuna_uk,95000.0,95000.0,GBP,annual,,95000.0,Senior User Researcher
27249,data_architect,unknown,London,GB,adzuna_uk,80000.0,94000.0,GBP,annual,,87000.0,Data Architect
27250,other,senior,London,GB,adzuna_uk,65452.43,65452.43,GBP,annual,,65452.43,Principal Applied AI Scientist
27251,analytics_engineer,senior,London,GB,adzuna_uk,85000.0,110000.0,GBP,annual,,97500.0,Lead Data Engineer (Databricks)
27252,other,senior,London,GB,adzuna_uk,55000.0,60000.0,GBP,annual,,57500.0,Project Manager
27253,other,senior,London,GB,adzuna_uk,77078.43,77078.43,GBP,annual,,77078.43,Lead Product Designer - AI
27254,other,senior,London,GB,adzuna_uk,63684.71,63684.71,GBP,annual,,63684.71,Senior Client Partner
13997,other,mid,Karachi,PK,chisel_pk,,,PKR,monthly,,,Full Time Senior Project Manager Job in Pakistan
27255,data_analyst,senior,Kings Cross,GB,adzuna_uk,49626.14,49626.14,GBP,annual,,49626.14,Senior Data Analyst
27256,other,senior,London,GB,adzuna_uk,63716.61,63716.61,GBP,annual,,63716.61,"Account Manager, SSP Partnerships"
27257,analytics_engineer,senior,Farringdon,GB,adzuna_uk,110267.06,110267.06,GBP,annual,,110267.06,Principal AI Data Engineer
27258,other,senior,London,GB,adzuna_uk,55562.9,55562.9,GBP,annual,,55562.9,Principal Solution Engineer - FSI
27259,analytics_engineer,junior,London,GB,adzuna_uk,35000.0,45000.0,GBP,annual,,40000.0,Junior Data Engineer
27260,other,senior,London,GB,adzuna_uk,100400.0,167300.0,GBP,annual,,133850.0,Sr Product Mgr II
27261,data_scientist,unknown,London,GB,adzuna_uk,56638.74,56638.74,GBP,annual,,56638.74,AI Engineer
27262,other,unknown,London,GB,adzuna_uk,87002.0,119627.0,GBP,annual,,103314.5,Applied Machine Learning Scientist
13919,other,unknown,Lahore,PK,chisel_pk,,,PKR,monthly,,,Full Time Call Center Agent Jobs in Pakistan
27263,other,unknown,London,GB,adzuna_uk,33402.96,33402.96,GBP,annual,,33402.96,Studies & Business Development Analyst – Rest of World
27264,other,senior,London,GB,adzuna_uk,64797.44,64797.44,GBP,annual,,64797.44,Senior Product Manager
27265,other,senior,London,GB,adzuna_uk,72094.21,72094.21,GBP,annual,,72094.21,AI Consultant - Principal
27266,other,senior,London,GB,adzuna_uk,67102.55,67102.55,GBP,annual,,67102.55,Principal AI Model Designer
27267,other,senior,London,GB,adzuna_uk,88526.65,88526.65,GBP,annual,,88526.65,"Team Lead, Product Management – Quantitative Data Solutions"
27268,data_architect,junior,Farringdon,GB,adzuna_uk,122094.09,122094.09,GBP,annual,,122094.09,AI Solution Architect - Senior Manager/Associate Director | Capital Markets
27269,other,senior,London,GB,adzuna_uk,63847.69,63847.69,GBP,annual,,63847.69,"Senior Data Technical Program Manager, Prime Video Core Analytics and Tooling"
27270,data_analyst,unknown,London,GB,adzuna_uk,50000.0,70000.0,GBP,annual,,60000.0,Forward Deployed Data Analyst
13998,other,junior,Karachi,PK,chisel_pk,,,PKR,monthly,,,Full Time Software Business Developer/Online Bidding Expert Job in Pakistan
27271,other,senior,London,GB,adzuna_uk,65000.0,95000.0,GBP,annual,,80000.0,Senior Product Manager
27272,other,senior,Broadgate,GB,adzuna_uk,56569.0,56569.0,GBP,annual,,56569.0,Head of Product
27273,other,senior,Bloomsbury,GB,adzuna_uk,40000.0,60000.0,GBP,annual,,50000.0,Head of Product
27274,other,junior,London,GB,adzuna_uk,25000.0,28000.0,GBP,annual,,26500.0,Junior English Linguistics Analyst
27275,other,unknown,London,GB,adzuna_uk,47314.1,47314.1,GBP,annual,,47314.1,Technical Talent Sourcer
27276,other,senior,London,GB,adzuna_uk,76513.47,76513.47,GBP,annual,,76513.47,"Program Manager - 6 months contract, Go-to-Market Operations, Amazon Business EU"
27277,other,senior,Whitechapel,GB,adzuna_uk,29763.21,29763.21,GBP,annual,,29763.21,Senior Analyst - Range Space Price & Promotion
27278,other,senior,London,GB,adzuna_uk,79300.08,79300.08,GBP,annual,,79300.08,"Program Manager - 6 months contract, Go-to-Market Operations, Amazon Business EU"
13999,other,mid,Islamabad,PK,chisel_pk,,,PKR,monthly,,,Full Time Assistant Manager HR Jobs in Pakistan
27279,other,senior,Broadgate,GB,adzuna_uk,100000.0,100000.0,GBP,annual,,100000.0,AI Governance Lead
27280,data_architect,junior,London,GB,adzuna_uk,132135.61,132135.61,GBP,annual,,132135.61,AI Solution Architect - Senior Manager/Associate Director Capital Markets
27281,data_analyst,unknown,Hackney,GB,adzuna_uk,98800.0,104000.0,GBP,annual,,101400.0,Data Analyst
27282,analytics_engineer,senior,London,GB,adzuna_uk,99667.02,99667.02,GBP,annual,,99667.02,Principal Data Engineer
27283,other,unknown,London,GB,adzuna_uk,55142.71,55142.71,GBP,annual,,55142.71,Software Developer - Data Products and Services
27284,other,unknown,Canary Wharf,GB,adzuna_uk,69494.31,69494.31,GBP,annual,,69494.31,CEEMEA Flow Trading
27285,other,junior,London,GB,adzuna_uk,35000.0,35000.0,GBP,annual,,35000.0,LBBW Risk Graduate - 6 month FTC London Branch
27286,data_scientist,unknown,London,GB,adzuna_uk,39324.06,39324.06,GBP,annual,,39324.06,AI Research Scientist - PhD
14000,other,junior,Islamabad,PK,chisel_pk,,,PKR,monthly,,,Full Time Waitresses / Hostesses Jobs in Pakistan
27287,other,unknown,London,GB,adzuna_uk,52901.87,52901.87,GBP,annual,,52901.87,STEM Domain Expert - Fully Remote
27288,other,senior,London,GB,adzuna_uk,30905.84,30905.84,GBP,annual,,30905.84,"Data Analytics, Director"
27289,other,senior,London,GB,adzuna_uk,31033.13,31033.13,GBP,annual,,31033.13,"Director, Analytics"
27290,other,senior,London,GB,adzuna_uk,33289.37,33289.37,GBP,annual,,33289.37,"Director, Analytics (Measurement/T&L Program)"
27291,other,senior,London,GB,adzuna_uk,31747.71,31747.71,GBP,annual,,31747.71,"Director, Data Strategy"
27292,other,senior,London,GB,adzuna_uk,85734.67,85734.67,GBP,annual,,85734.67,Senior AI Risk Technical Advisory Lead
27293,other,unknown,Uxbridge,GB,adzuna_uk,42889.36,42889.36,GBP,annual,,42889.36,Medical Advisor
27294,other,unknown,London,GB,adzuna_uk,95664.01,95664.01,GBP,annual,,95664.01,Computer Vision Engineer
27295,other,unknown,London,GB,adzuna_uk,79010.36,79010.36,GBP,annual,,79010.36,Full Stack Engineer (React /.Net)
27296,analytics_engineer,unknown,London,GB,adzuna_uk,57391.15,57391.15,GBP,annual,,57391.15,Data Engineer
27297,data_scientist,unknown,Farringdon,GB,adzuna_uk,80000.0,160000.0,GBP,annual,,120000.0,Machine Learning Engineer (Computer Vision)
27298,other,unknown,Pimlico,GB,adzuna_uk,91000.0,91000.0,GBP,annual,,91000.0,Software Engineer - AI / ML
27299,data_scientist,senior,Farringdon,GB,adzuna_uk,76787.3,76787.3,GBP,annual,,76787.3,Senior Machine Learning Engineer
27300,other,senior,Farringdon,GB,adzuna_uk,78490.88,78490.88,GBP,annual,,78490.88,Senior Software Engineer
27301,data_analyst,unknown,London,GB,adzuna_uk,38042.43,38042.43,GBP,annual,,38042.43,Insight Analyst
27302,other,unknown,Broadgate,GB,adzuna_uk,74625.66,74625.66,GBP,annual,,74625.66,Computer Vision Engineer
27303,data_scientist,unknown,London,GB,adzuna_uk,64327.84,64327.84,GBP,annual,,64327.84,"Applied AI Engineer, Markets Operations – Associate"
14002,other,junior,Islamabad,PK,chisel_pk,,,PKR,monthly,,,Full Time Digital Marketing Internship Jobs in Pakistan
27304,analytics_engineer,senior,London,GB,adzuna_uk,70000.0,85000.0,GBP,annual,,77500.0,Lead Data Engineer
27305,data_scientist,unknown,London,GB,adzuna_uk,57745.98,57745.98,GBP,annual,,57745.98,AI Engineer
27306,other,unknown,London,GB,adzuna_uk,49286.84,49286.84,GBP,annual,,49286.84,Protection Scientist Engineer
27307,other,senior,London,GB,adzuna_uk,45782.84,45782.84,GBP,annual,,45782.84,Retail Client Lead (FTC)
27308,other,senior,London,GB,adzuna_uk,46911.48,46911.48,GBP,annual,,46911.48,Client Success Lead
27309,other,unknown,London,GB,adzuna_uk,48912.47,48912.47,GBP,annual,,48912.47,Back End Engineer
27310,statistician,unknown,London,GB,adzuna_uk,60103.5,60103.5,GBP,annual,,60103.5,Quantitative Analyst (Client Solutions)
27311,other,unknown,London,GB,adzuna_uk,70000.0,105000.0,GBP,annual,,87500.0,Data Software Engineer
27312,other,unknown,Charing Cross,GB,adzuna_uk,40000.0,55000.0,GBP,annual,,47500.0,AI Architect
27313,other,senior,London,GB,adzuna_uk,78680.26,78680.26,GBP,annual,,78680.26,Senior Analytics Manager - Credit Risk
27314,other,senior,London,GB,adzuna_uk,63285.12,63285.12,GBP,annual,,63285.12,Product Design Lead - Vice President
27315,other,senior,London,GB,adzuna_uk,100000.0,112000.0,GBP,annual,,106000.0,Lead Compute Platform Engineer
27316,other,unknown,London,GB,adzuna_uk,76967.52,76967.52,GBP,annual,,76967.52,Managing Partner - Growth Analytics
27317,other,junior,London,GB,adzuna_uk,74509.74,74509.74,GBP,annual,,74509.74,"Senior Growth Engagement Manager, International"
27318,data_analyst,senior,London,GB,adzuna_uk,51000.95,51000.95,GBP,annual,,51000.95,"Senior Data Analyst, Financial Health"
27319,other,senior,London,GB,adzuna_uk,108700.0,130000.0,GBP,annual,,119350.0,Senior Audit Innovation and Enablement Lead
27320,other,senior,London,GB,adzuna_uk,85000.0,138000.0,GBP,annual,,111500.0,Lead Insurance Pricing Analyst
14003,other,junior,Lahore,PK,chisel_pk,,,PKR,monthly,,,Full Time Customer Services Officer Job in Pakistan
27321,data_scientist,unknown,Oxford Circus,GB,adzuna_uk,72607.08,72607.08,GBP,annual,,72607.08,Machine Learning Engineer
27322,other,senior,London,GB,adzuna_uk,60000.0,65000.0,GBP,annual,,62500.0,Market Research and AI Transformation Lead - 6 Month Fixed Term Contract
27323,other,senior,London,GB,adzuna_uk,60000.0,65000.0,GBP,annual,,62500.0,Market Research Lead - 6 Month Fixed Term Contract
27324,other,senior,London,GB,adzuna_uk,120000.0,122000.0,GBP,annual,,121000.0,"Senior Engineering Manager, Supply"
27325,other,senior,London,GB,adzuna_uk,67683.95,67683.95,GBP,annual,,67683.95,AI Product Innovation Manager
27326,other,senior,London,GB,adzuna_uk,90574.59,90574.59,GBP,annual,,90574.59,"Team Lead, Product Management - Quantitative Data Solutions"
27327,analytics_engineer,unknown,London,GB,adzuna_uk,104000.0,104000.0,GBP,annual,,104000.0,Contract Databricks Data Engineer Role - Remote - £400/pd
27328,other,senior,London,GB,adzuna_uk,45669.85,45669.85,GBP,annual,,45669.85,Senior Fraud Strategy Analyst
14004,other,mid,Karachi,PK,chisel_pk,,,PKR,monthly,,,Full Time Operations Assistant For Clearing And Forwarding Jobs in Pakistan
27329,other,unknown,London,GB,adzuna_uk,43875.27,43875.27,GBP,annual,,43875.27,Security Control Engineer - London
27330,other,unknown,Charing Cross,GB,adzuna_uk,100000.0,100000.0,GBP,annual,,100000.0,Client Partner
27331,other,junior,London,GB,adzuna_uk,31671.77,31671.77,GBP,annual,,31671.77,Analytics Associate Director
27332,other,junior,London,GB,adzuna_uk,99500.0,117500.0,GBP,annual,,108500.0,Staff Decision Scientist (International)
27333,other,senior,London,GB,adzuna_uk,110500.0,184000.0,GBP,annual,,147250.0,Principal Product Mgr I
27334,other,senior,London,GB,adzuna_uk,58744.41,58744.41,GBP,annual,,58744.41,Sr Product Mgr II
27335,other,senior,London,GB,adzuna_uk,73353.17,73353.17,GBP,annual,,73353.17,Principal Product Mgr I
27336,other,senior,London,GB,adzuna_uk,130000.0,130260.0,GBP,annual,,130130.0,Lead Azure Databricks Platform Engineer / Architect
14005,other,junior,Islamabad,PK,chisel_pk,,,PKR,monthly,,,Full Time Adobe After Effects Expert Job in Pakistan
27337,other,unknown,London,GB,adzuna_uk,61907.51,61907.51,GBP,annual,,61907.51,AI Consultant
27338,other,unknown,London,GB,adzuna_uk,46215.64,46215.64,GBP,annual,,46215.64,Solution Engineer - Retail/Travel
27339,other,unknown,London,GB,adzuna_uk,46533.23,46533.23,GBP,annual,,46533.23,Solution Engineer - FSI Emerging Enterprise
27340,other,unknown,Moorgate,GB,adzuna_uk,81941.73,81941.73,GBP,annual,,81941.73,Speculative Application - Track Titan
27341,other,unknown,London,GB,adzuna_uk,49748.39,49748.39,GBP,annual,,49748.39,Cubist Quantitative Researcher
27342,other,unknown,London,GB,adzuna_uk,54777.28,54777.28,GBP,annual,,54777.28,Quantitative Researcher
27343,analytics_engineer,junior,Westminster,GB,adzuna_uk,35000.0,50000.0,GBP,annual,,42500.0,Junior Data Engineer
27344,other,unknown,London,GB,adzuna_uk,63192.67,63192.67,GBP,annual,,63192.67,Python Developer
13927,other,junior,Lahore,PK,chisel_pk,,,PKR,monthly,,,Full Time SEO Executive Job in Pakistan
27345,analytics_engineer,unknown,London,GB,adzuna_uk,65331.82,65331.82,GBP,annual,,65331.82,Software Engineer III - AI/ML Data Platforms - AI Engineer - Python
27346,analytics_engineer,junior,London,GB,adzuna_uk,35000.0,50000.0,GBP,annual,,42500.0,Junior Data Engineer
27347,other,unknown,London,GB,adzuna_uk,28000.0,32000.0,GBP,annual,,30000.0,Digital Marketing Assistant
27348,other,senior,London,GB,adzuna_uk,65746.02,65746.02,GBP,annual,,65746.02,Senior Research Engineer
27349,analytics_engineer,unknown,London,GB,adzuna_uk,66570.45,66570.45,GBP,annual,,66570.45,Data Engineer
27350,other,senior,London,GB,adzuna_uk,75418.67,75418.67,GBP,annual,,75418.67,Senior Solutions Architect (DS/ML/GenAI/LLM)
27351,other,unknown,London,GB,adzuna_uk,68530.27,68530.27,GBP,annual,,68530.27,"Pre-sales Solutions Architect (Manufacturing, Defence & Automotive)"
27352,data_scientist,senior,London,GB,adzuna_uk,154620.44,154620.44,GBP,annual,,154620.44,Senior AI Engineer – (Manager) BIP xTech
14006,other,mid,Lahore,PK,chisel_pk,,,PKR,monthly,,,Full Time Supply Chain Executive Job in Pakistan
27353,other,unknown,London,GB,adzuna_uk,57484.82,57484.82,GBP,annual,,57484.82,Actuarial Analyst
27354,marketing_analyst,senior,London,GB,adzuna_uk,79916.55,79916.55,GBP,annual,,79916.55,"Senior Director, Marketing Data Strategy (Remote)"
27355,other,senior,Moorgate,GB,adzuna_uk,51277.38,51277.38,GBP,annual,,51277.38,"Principal Product Manager, Matching & Monetisation"
27356,other,senior,Moorgate,GB,adzuna_uk,58440.82,58440.82,GBP,annual,,58440.82,Analytics & Experimentation Lead
27357,other,senior,London,GB,adzuna_uk,30932.88,30932.88,GBP,annual,,30932.88,Senior Analyst – Customer Health
27358,other,senior,London,GB,adzuna_uk,74996.58,74996.58,GBP,annual,,74996.58,Senior Machine Learning Scientist
27359,statistician,unknown,London,GB,adzuna_uk,35213.84,35213.84,GBP,annual,,35213.84,Research Analyst
27360,other,senior,South West London,GB,adzuna_uk,95000.0,95000.0,GBP,annual,,95000.0,Category Management Senior Client Lead
27361,other,senior,South West London,GB,adzuna_uk,100000.0,100000.0,GBP,annual,,100000.0,AI Governance Lead
27362,other,unknown,London,GB,adzuna_uk,72191.29,72191.29,GBP,annual,,72191.29,Java Engineer with AI
27363,analytics_engineer,unknown,London,GB,adzuna_uk,154700.0,169000.0,GBP,annual,,161850.0,Data Analytics engineer
27364,analytics_engineer,unknown,London,GB,adzuna_uk,45000.0,50000.0,GBP,annual,,47500.0,Analytics Engineer
27365,analytics_engineer,unknown,London,GB,adzuna_uk,49173.69,49173.69,GBP,annual,,49173.69,Analytics Engineer
27366,analytics_engineer,unknown,London,GB,adzuna_uk,53456.59,53456.59,GBP,annual,,53456.59,Analytics Engineer
27367,analytics_engineer,unknown,London,GB,adzuna_uk,79858.2,79858.2,GBP,annual,,79858.2,Analytics Engineer
27368,analytics_engineer,unknown,Kingston Upon Thames,GB,adzuna_uk,55036.95,55036.95,GBP,annual,,55036.95,Analytics Engineer
27369,analytics_engineer,unknown,London,GB,adzuna_uk,70210.97,70210.97,GBP,annual,,70210.97,Analytics Engineer
27370,analytics_engineer,unknown,Kingston Upon Thames,GB,adzuna_uk,58399.43,58399.43,GBP,annual,,58399.43,Analytics Engineer
27371,analytics_engineer,unknown,London,GB,adzuna_uk,75334.57,75334.57,GBP,annual,,75334.57,Analytics Engineer
27372,analytics_engineer,unknown,London,GB,adzuna_uk,73312.61,73312.61,GBP,annual,,73312.61,Analytics Engineer
27373,analytics_engineer,unknown,London,GB,adzuna_uk,50000.0,50000.0,GBP,annual,,50000.0,Analytics Engineer
27374,analytics_engineer,unknown,London,GB,adzuna_uk,73096.61,73096.61,GBP,annual,,73096.61,Analytics Engineer
27375,analytics_engineer,unknown,Victoria,GB,adzuna_uk,66290.05,66290.05,GBP,annual,,66290.05,Analytics Engineer
27376,analytics_engineer,unknown,London,GB,adzuna_uk,62365.69,62365.69,GBP,annual,,62365.69,Analytics Engineer
27377,analytics_engineer,unknown,London,GB,adzuna_uk,78002.33,78002.33,GBP,annual,,78002.33,Analytics Engineer
27378,analytics_engineer,unknown,London,GB,adzuna_uk,75000.0,200000.0,GBP,annual,,137500.0,Analytics Engineer
27379,analytics_engineer,unknown,London,GB,adzuna_uk,44986.0,44986.0,GBP,annual,,44986.0,Analytics Engineer
27380,analytics_engineer,unknown,London,GB,adzuna_uk,32815.3,32815.3,GBP,annual,,32815.3,Analytics Engineer
27381,analytics_engineer,unknown,London,GB,adzuna_uk,51352.69,51352.69,GBP,annual,,51352.69,Analytics Engineer
27382,analytics_engineer,senior,London,GB,adzuna_uk,65000.0,65000.0,GBP,annual,,65000.0,Senior Analytics Engineer - Fabric
27383,analytics_engineer,senior,London,GB,adzuna_uk,88486.05,88486.05,GBP,annual,,88486.05,Senior Analytics Engineer
27384,analytics_engineer,senior,London,GB,adzuna_uk,54157.18,54157.18,GBP,annual,,54157.18,Senior Analytics Engineer
27385,analytics_engineer,unknown,Farringdon,GB,adzuna_uk,40000.0,40000.0,GBP,annual,,40000.0,Energy Analytics Engineer
27386,analytics_engineer,senior,London,GB,adzuna_uk,77090.05,77090.05,GBP,annual,,77090.05,Analytics Engineering Manager
27387,analytics_engineer,senior,The City,GB,adzuna_uk,69288.23,69288.23,GBP,annual,,69288.23,Analytics Engineering Manager
27388,analytics_engineer,senior,London,GB,adzuna_uk,79301.74,79301.74,GBP,annual,,79301.74,Analytics Engineering Lead
27389,analytics_engineer,senior,The City,GB,adzuna_uk,60030.63,60030.63,GBP,annual,,60030.63,Senior Analytics Engineer
27390,analytics_engineer,senior,London,GB,adzuna_uk,74601.82,74601.82,GBP,annual,,74601.82,Lead Analytics Engineer
27391,analytics_engineer,unknown,London,GB,adzuna_uk,58865.1,58865.1,GBP,annual,,58865.1,Staff Analytics Engineer
27392,analytics_engineer,senior,London,GB,adzuna_uk,72122.34,72122.34,GBP,annual,,72122.34,Lead Analytics Engineer
27393,analytics_engineer,senior,London,GB,adzuna_uk,64608.93,64608.93,GBP,annual,,64608.93,Lead Analytics Engineer
27394,analytics_engineer,unknown,London,GB,adzuna_uk,78991.82,78991.82,GBP,annual,,78991.82,Staff Analytics Engineer
27395,analytics_engineer,senior,London,GB,adzuna_uk,53108.62,53108.62,GBP,annual,,53108.62,Senior Analytics Engineer
27396,analytics_engineer,senior,Victoria,GB,adzuna_uk,67315.48,67315.48,GBP,annual,,67315.48,Senior Analytics Engineer
27397,analytics_engineer,senior,London,GB,adzuna_uk,66482.02,66482.02,GBP,annual,,66482.02,Senior Analytics Engineer
27398,analytics_engineer,senior,London,GB,adzuna_uk,70636.37,70636.37,GBP,annual,,70636.37,Senior Analytics Engineer
27399,analytics_engineer,senior,London,GB,adzuna_uk,77513.64,77513.64,GBP,annual,,77513.64,Senior Analytics Engineer
27400,analytics_engineer,senior,London,GB,adzuna_uk,68748.51,68748.51,GBP,annual,,68748.51,Senior Analytics Engineer
27401,analytics_engineer,unknown,London,GB,adzuna_uk,85456.15,85456.15,GBP,annual,,85456.15,Staff Analytics Engineer
27402,analytics_engineer,senior,London,GB,adzuna_uk,65453.68,65453.68,GBP,annual,,65453.68,Lead Analytics Engineer
27403,analytics_engineer,unknown,London,GB,adzuna_uk,69977.34,69977.34,GBP,annual,,69977.34,Staff Analytics Engineer
27404,analytics_engineer,senior,London,GB,adzuna_uk,85000.0,105000.0,GBP,annual,,95000.0,Senior Analytics Engineer
27405,analytics_engineer,unknown,London,GB,adzuna_uk,,40000.0,GBP,annual,,,Energy Analytics Engineer
27406,analytics_engineer,unknown,London,GB,adzuna_uk,34817.0,34817.0,GBP,annual,,34817.0,Python Analytics Engineer
27407,analytics_engineer,unknown,London,GB,adzuna_uk,60921.11,60921.11,GBP,annual,,60921.11,Security Analytics Engineer
27408,analytics_engineer,senior,London,GB,adzuna_uk,77290.35,77290.35,GBP,annual,,77290.35,Senior Analytics Engineer
27409,analytics_engineer,senior,South Wimbledon,GB,adzuna_uk,76000.0,83000.0,GBP,annual,,79500.0,Senior Analytics Engineer
27410,analytics_engineer,unknown,London,GB,adzuna_uk,70520.05,70520.05,GBP,annual,,70520.05,Analytics Engineering (London)
27411,analytics_engineer,senior,Tower Bridge,GB,adzuna_uk,82619.3,82619.3,GBP,annual,,82619.3,Lead Data Analytics Engineer
27412,analytics_engineer,senior,London,GB,adzuna_uk,56878.42,56878.42,GBP,annual,,56878.42,"Lead Analytics Engineer, Borrowing"
27413,analytics_engineer,unknown,London,GB,adzuna_uk,57522.88,57522.88,GBP,annual,,57522.88,Analytics Engineer III - FMX
27414,analytics_engineer,mid,Clerkenwell,GB,adzuna_uk,59125.14,59125.14,GBP,annual,,59125.14,Analytics Engineer (Mid-level)
27415,analytics_engineer,unknown,London,GB,adzuna_uk,57256.01,57256.01,GBP,annual,,57256.01,Data Analytics Engineer I
27416,analytics_engineer,unknown,Uxbridge,GB,adzuna_uk,68513.27,68513.27,GBP,annual,,68513.27,Marketing Data Analytics Engineer
27417,analytics_engineer,unknown,Uxbridge,GB,adzuna_uk,60483.4,60483.4,GBP,annual,,60483.4,Marketing Data Analytics Engineer
27418,analytics_engineer,unknown,London,GB,adzuna_uk,70724.66,70724.66,GBP,annual,,70724.66,Conversational Analytics Engineer - GCP
27419,analytics_engineer,senior,London,GB,adzuna_uk,84328.4,84328.4,GBP,annual,,84328.4,"Tech Lead, Analytics Engineer"
27420,analytics_engineer,unknown,London,GB,adzuna_uk,88696.26,88696.26,GBP,annual,,88696.26,Analytics Engineer – Capital Markets Data
27421,analytics_engineer,junior,London,GB,adzuna_uk,50522.57,50522.57,GBP,annual,,50522.57,Junior Condition Monitoring & Analytics Engineer
27422,analytics_engineer,senior,London,GB,adzuna_uk,61114.12,61114.12,GBP,annual,,61114.12,Senior Data Engineer - Analytics Engineering
27423,analytics_engineer,senior,London,GB,adzuna_uk,169000.0,169000.0,GBP,annual,,169000.0,"Senior Analytics Engineer (Snowflake, AWS, Looker) Contract"
14007,other,mid,Karachi,PK,chisel_pk,,,PKR,monthly,,,Full Time Web Developer / Graphic Designer Job in Pakistan
27424,analytics_engineer,senior,London,GB,adzuna_uk,169000.0,169000.0,GBP,annual,,169000.0,"Senior Analytics Engineer (Snowflake, SQL, Looker) Contract"
27425,analytics_engineer,unknown,London,GB,adzuna_uk,169000.0,169000.0,GBP,annual,,169000.0,Contract Analytics Engineer Role - Fully Remote - £650/pd
27426,analytics_engineer,unknown,London,GB,adzuna_uk,156000.0,169000.0,GBP,annual,,162500.0,Analytics Engineer - £650/day Inside IR35 - Immediate Start
27427,analytics_engineer,unknown,London,GB,adzuna_uk,60000.0,60000.0,GBP,annual,,60000.0,Analytics Engineer for city based finance company
27428,analytics_engineer,senior,London,GB,adzuna_uk,46190.09,46190.09,GBP,annual,,46190.09,Senior Analytics Engineer (6 month FTC)
27429,analytics_engineer,senior,London,GB,adzuna_uk,68161.16,68161.16,GBP,annual,,68161.16,"Senior Tech Lead, Quantitative Analytics Engineering"
27430,other,unknown,London,GB,adzuna_uk,95000.0,95000.0,GBP,annual,,95000.0,Staff Analytics Platform Engineer
27431,analytics_engineer,senior,Blackfriars,GB,adzuna_uk,46610.69,46610.69,GBP,annual,,46610.69,Tax Technology Assistant Manager – Tax Digital Services (Platform & Analytics Engineer)
14008,other,junior,Islamabad,PK,chisel_pk,,,PKR,monthly,,,Full Time Data Entry Operator Jobs in Pakistan
27432,analytics_engineer,senior,London,GB,adzuna_uk,68421.47,68421.47,GBP,annual,,68421.47,"Senior Tech Lead, Quantitative Analytics Engineering - London Stock Exchange Group"
27433,analytics_engineer,senior,London,GB,adzuna_uk,50918.62,50918.62,GBP,annual,,50918.62,Tax Technology Assistant Manager – Tax Digital Services (Platform & Analytics Engineer)
27434,analytics_engineer,senior,London,GB,adzuna_uk,52043.87,52043.87,GBP,annual,,52043.87,Tax Technology Assistant Manager – Tax Digital Services (Platform & Analytics Engineer)
27435,other,unknown,London,GB,adzuna_uk,85749.72,85749.72,GBP,annual,,85749.72,Analytics Services Platform Engineer
27436,other,unknown,London,GB,adzuna_uk,82006.22,82006.22,GBP,annual,,82006.22,Analytics Services Platform Engineer
27437,other,senior,London,GB,adzuna_uk,61890.62,61890.62,GBP,annual,,61890.62,Analytics and Value Engineering Manager
27438,other,senior,London,GB,adzuna_uk,82491.2,82491.2,GBP,annual,,82491.2,Analytics Forward Deployed Engineer Principal
27439,other,senior,London,GB,adzuna_uk,55444.02,55444.02,GBP,annual,,55444.02,Analytics Forward Deployed Engineer Principal
32674,data_analyst,unknown,Lahore,PK,kaggle_rozee_pk,80000.0,120000.0,PKR,monthly,,100000.0,Data Analyst
27440,other,senior,London,GB,adzuna_uk,89728.86,89728.86,GBP,annual,,89728.86,Senior BI Engineer – Financial Analytics
27441,other,unknown,London,GB,adzuna_uk,54080.17,54080.17,GBP,annual,,54080.17,Software Engineer-Cybersecurity Analytics & Enforcement
27442,other,senior,London,GB,adzuna_uk,59855.53,59855.53,GBP,annual,,59855.53,Senior Software Engineer - Graph Analytics for Snowflake
27443,analytics_engineer,unknown,London,GB,adzuna_uk,73190.5,73190.5,GBP,annual,,73190.5,Data Engineer-Advanced Analytics - eSC or eDV Clearance Required
27444,other,senior,London,GB,adzuna_uk,76365.48,76365.48,GBP,annual,,76365.48,"Senior Software Engineer, Cloud and Analytics Platform - Macquarie Group"
27445,other,senior,London,GB,adzuna_uk,70360.58,70360.58,GBP,annual,,70360.58,"Engineering Manager - Data and Analytics, Network Flow and Technologies"
27446,analytics_engineer,senior,London,GB,adzuna_uk,89510.06,89510.06,GBP,annual,,89510.06,Data Engineering Manager
27447,other,senior,London,GB,adzuna_uk,62112.12,62112.12,GBP,annual,,62112.12,"Lead Developer Advocate, SQL & Analytics Workloads"
32675,data_scientist,senior,Karachi,PK,kaggle_rozee_pk,180000.0,250000.0,PKR,monthly,,215000.0,Senior Data Scientist
27448,other,senior,London,GB,adzuna_uk,75000.0,85000.0,GBP,annual,,80000.0,Technology Manager
27449,other,unknown,Farringdon,GB,adzuna_uk,61694.8,61694.8,GBP,annual,,61694.8,Oracle APEX Consultant
27450,data_analyst,senior,London,GB,adzuna_uk,56506.88,56506.88,GBP,annual,,56506.88,Senior Data Design Analyst
27451,analytics_engineer,unknown,London,GB,adzuna_uk,104000.0,110500.0,GBP,annual,,107250.0,Data Engineer (Snowflake) - Outside IR35
27452,other,senior,London,GB,adzuna_uk,64916.51,64916.51,GBP,annual,,64916.51,"Senior Business Intelligence Engineer, EU Stores CX Analytics & Automation"
27453,other,senior,London,GB,adzuna_uk,63265.69,63265.69,GBP,annual,,63265.69,"Senior Business Intelligence Engineer, EU Stores CX Analytics & Automation"
27454,other,senior,London,GB,adzuna_uk,65479.53,65479.53,GBP,annual,,65479.53,"Senior Business Intelligence Engineer, EU Stores CX Analytics & Automation"
27455,other,senior,London,GB,adzuna_uk,78580.6,78580.6,GBP,annual,,78580.6,Marketing Insight & Analytics Lead - Mat Cover (9 Month FTC)
32676,data_analyst,unknown,Islamabad,PK,kaggle_rozee_pk,100000.0,150000.0,PKR,monthly,,125000.0,Business Intelligence Analyst
27456,other,senior,Farringdon,GB,adzuna_uk,130000.0,143000.0,GBP,annual,,136500.0,Engineering Manager
27457,other,unknown,London,GB,adzuna_uk,49966.36,49966.36,GBP,annual,,49966.36,iOS Engineer
27458,other,senior,London,GB,adzuna_uk,84125.66,84125.66,GBP,annual,,84125.66,Marketing Insight & Analytics Lead - Mat Cover
27459,other,senior,London,GB,adzuna_uk,66992.45,66992.45,GBP,annual,,66992.45,"Analytics Manager, Financial Experiences"
27460,other,unknown,London,GB,adzuna_uk,50050.43,50050.43,GBP,annual,,50050.43,Business Development Representative - DACH
27461,other,senior,London,GB,adzuna_uk,69125.48,69125.48,GBP,annual,,69125.48,"Senior Manager, Data, UK"
27462,other,senior,London,GB,adzuna_uk,55037.68,55037.68,GBP,annual,,55037.68,Strategy Analytics Manager
8798,other,junior,Islamabad,PK,chisel_pk,,,PKR,monthly,,,"Full Time New Job Positions .Net, .Netcore, Flutter, Tea Boy Jobs in Pakistan"
8799,other,junior,Karachi,PK,chisel_pk,,,PKR,monthly,,,Full Time Senior Web Developer Jobs in Pakistan
8800,other,junior,Karachi,PK,chisel_pk,,,PKR,monthly,,,Full Time Russian Speakers Jobs in Pakistan
8801,other,junior,Islamabad,PK,chisel_pk,,,PKR,monthly,,,Full Time Customer Support Specialist - International Jobs in Pakistan
8802,other,junior,Karachi,PK,chisel_pk,,,PKR,monthly,,,Full Time English Speaker - International Business Development Executive - BDE Job in Pakistan
8803,other,mid,Faisalabad,PK,chisel_pk,,,PKR,monthly,,,Full Time Socks Operation Manager And Socks Inspector - Textiles Job in Pakistan
8804,other,mid,Islamabad,PK,chisel_pk,,,PKR,monthly,,,Full Time Call Center - Lead Agent Jobs in Pakistan
8805,other,mid,Lahore,PK,chisel_pk,,,PKR,monthly,,,Full Time Manager Accounts & Taxation (CA) Jobs in Pakistan
8806,other,junior,Faisalabad,PK,chisel_pk,,,PKR,monthly,,,"Online Full Time Remote Researcher, Content Creator, And Assistant Job in Pakistan"
8807,other,senior,Karachi,PK,chisel_pk,,,PKR,monthly,,,Full Time Angularjs And .Net Core Developer Jobs in Pakistan
8808,other,junior,Lahore,PK,chisel_pk,,,PKR,monthly,,,Full Time Sr. Backend Developer Jobs in Pakistan
8809,other,junior,Islamabad,PK,chisel_pk,,,PKR,monthly,,,Online Full Time Customer Sales Representative CSR Jobs in Pakistan
8810,other,junior,Lahore,PK,chisel_pk,,,PKR,monthly,,,Full Time Client Relationship Executive Jobs in Pakistan
8811,other,junior,Lahore,PK,chisel_pk,,,PKR,monthly,,,Full Time Business Development Executive - BDE Jobs in Pakistan
8812,other,junior,Lahore,PK,chisel_pk,,,PKR,monthly,,,Full Time BDE - Business Development Executive Jobs in Pakistan
8813,other,junior,Lahore,PK,chisel_pk,,,PKR,monthly,,,Full Time Assistant HR Manager Job in Pakistan
8814,other,junior,Islamabad,PK,chisel_pk,,,PKR,monthly,,,Online Full Time Associate Software Engineer - Backend (0-1.5 years experience) Job in Pakistan
8815,other,junior,Islamabad,PK,chisel_pk,,,PKR,monthly,,,Full Time Associate Software Engineer - Frontend (0-1.5 years experience) Job in Pakistan
8816,other,junior,Islamabad,PK,chisel_pk,,,PKR,monthly,,,Online Full Time Associate Software Engineer - Fullstack (0-1.5 years experience) Job in Pakistan
8817,other,junior,Lahore,PK,chisel_pk,,,PKR,monthly,,,Full Time Executive Assistant Job in Pakistan
8818,other,junior,Lahore,PK,chisel_pk,,,PKR,monthly,,,Full Time Maketing and PR Specialist Job in Pakistan
8819,other,junior,Islamabad,PK,chisel_pk,,,PKR,monthly,,,Online Full Time Principal Software Engineer (8+ years of experience) Job in Pakistan
8820,other,junior,Islamabad,PK,chisel_pk,,,PKR,monthly,,,Online Full Time Senior Software Engineer - Backend (5-8 years experience) Job in Pakistan
8821,other,junior,Islamabad,PK,chisel_pk,,,PKR,monthly,,,Online Full Time Senior Software Engineer - Frontend (5-8 years experience) Job in Pakistan
8822,other,junior,Islamabad,PK,chisel_pk,,,PKR,monthly,,,Online Full Time Senior Software Engineer - Fullstack (5-8 years experience) Job in Pakistan
8823,other,junior,Islamabad,PK,chisel_pk,,,PKR,monthly,,,Online Full Time Software Engineer - Backend (3-4 years experience) Job in Pakistan
8824,other,junior,Islamabad,PK,chisel_pk,,,PKR,monthly,,,Full Time Software Engineer - Frontend (3-4 years experience) Job in Pakistan
8825,other,junior,Islamabad,PK,chisel_pk,,,PKR,monthly,,,Online Full Time Software Engineer Fullstack (3-4 years experience) Job in Pakistan
8826,other,junior,Islamabad,PK,chisel_pk,,,PKR,monthly,,,Full Time UI/UX Designer Job in Pakistan
8827,other,junior,Lahore,PK,chisel_pk,,,PKR,monthly,,,Full Time Call Center Agents / Executives - Night Shift Jobs in Pakistan
8829,other,mid,Faisalabad,PK,chisel_pk,,,PKR,monthly,,,Full Time Node.Js And Angular Developer Jobs in Pakistan
8830,other,junior,Karachi,PK,chisel_pk,,,PKR,monthly,,,Full Time CFO - AGTL - Pakistan Job in Pakistan
8831,other,junior,Islamabad,PK,chisel_pk,,,PKR,monthly,,,Online Full Time Senior QA Automation Engineer (PK) Job in Pakistan
8832,other,junior,Karachi,PK,chisel_pk,,,PKR,monthly,,,Full Time Senior SQA Automation Engineer Jobs in Pakistan
8833,other,junior,Karachi,PK,chisel_pk,,,PKR,monthly,,,Full Time Mobile Application Developer Jobs in Pakistan
8834,other,junior,Islamabad,PK,chisel_pk,,,PKR,monthly,,,Full Time Manager Economic Affairs Tax Advocacy Job in Pakistan
8835,other,junior,Islamabad,PK,chisel_pk,,,PKR,monthly,,,Full Time Expert Digital Communications Job in Pakistan
8836,other,junior,Lahore,PK,chisel_pk,,,PKR,monthly,,,Full Time Expert Facilities Management Job in Pakistan
8837,other,junior,Karachi,PK,chisel_pk,,,PKR,monthly,,,Full Time Assistant Manager - Human Resource - AGTL - Karachi - Pakistan Job in Pakistan
8838,other,junior,Islamabad,PK,chisel_pk,,,PKR,monthly,,,Full Time Hiring Jr. and Sr. Full Stack Engineers Job in Pakistan
8839,other,junior,Karachi,PK,chisel_pk,,,PKR,monthly,,,Full Time Senior Content Writer Job in Pakistan
8840,other,junior,Peshawar,PK,chisel_pk,,,PKR,monthly,,,Full Time Commercial Experience Executive Job in Pakistan
8841,other,junior,Islamabad,PK,chisel_pk,,,PKR,monthly,,,Full Time Specialist Software Development Job in Pakistan
8842,other,junior,Karachi,PK,chisel_pk,,,PKR,monthly,,,Full Time Android Engineer - Pakistan Job in Pakistan
8843,other,junior,Karachi,PK,chisel_pk,,,PKR,monthly,,,Full Time Software Engineer - Full Stack - Pakistan Job in Pakistan
8844,other,junior,Karachi,PK,chisel_pk,,,PKR,monthly,,,Full Time Software Quality Asurance - Pakistan Job in Pakistan
8845,other,junior,Karachi,PK,chisel_pk,,,PKR,monthly,,,Full Time iOS Engineer - Pakistan Job in Pakistan
8846,other,junior,Karachi,PK,chisel_pk,,,PKR,monthly,,,Full Time Content Specialist Job in Pakistan
8847,other,junior,Karachi,PK,chisel_pk,,,PKR,monthly,,,Full Time Engineering Manager - Pakistan Job in Pakistan
8848,other,junior,Islamabad,PK,chisel_pk,,,PKR,monthly,,,Full Time Expert Communication Content Job in Pakistan
8849,other,junior,Islamabad,PK,chisel_pk,,,PKR,monthly,,,Full Time Franchise Service Executive Job in Pakistan
8850,other,junior,Karachi,PK,chisel_pk,,,PKR,monthly,,,Full Time Manager Franchise Servicing Job in Pakistan
8851,other,junior,Islamabad,PK,chisel_pk,,,PKR,monthly,,,Full Time Sales Planning Executive Job in Pakistan
8852,other,junior,Sukkur,PK,chisel_pk,,,PKR,monthly,,,Full Time Territory Sales Supervisor Job in Pakistan
8853,other,junior,Islamabad,PK,chisel_pk,,,PKR,monthly,,,Full Time Territory Sales Supervisor Job in Pakistan
8854,other,junior,Talagang,PK,chisel_pk,,,PKR,monthly,,,Full Time Territory Sales Supervisor Job in Pakistan
8855,other,junior,Muridke,PK,chisel_pk,,,PKR,monthly,,,Full Time Area Sales Manager Job in Pakistan
8856,other,junior,Lahore,PK,chisel_pk,,,PKR,monthly,,,Full Time Graphic Design Associate Job in Pakistan
8857,other,junior,Karachi,PK,chisel_pk,,,PKR,monthly,,,Full Time Accounting Manager Job in Pakistan
8858,other,junior,Lahore,PK,chisel_pk,,,PKR,monthly,,,Online Full Time Senior Backend (Python) Developer Job in Pakistan
8859,other,junior,Islamabad,PK,chisel_pk,,,PKR,monthly,,,Full Time Specialist Cyber Security Operations Job in Pakistan
32677,data_analyst,junior,Lahore,PK,kaggle_rozee_pk,50000.0,80000.0,PKR,monthly,,65000.0,Junior Data Analyst
8860,other,junior,Islamabad,PK,chisel_pk,,,PKR,monthly,,,Full Time Senior Service Delivery Engineer Job in Pakistan
8861,other,junior,Karachi,PK,chisel_pk,,,PKR,monthly,,,Full Time Business Development and Monetization Lead Job in Pakistan
8862,other,junior,Karachi,PK,chisel_pk,,,PKR,monthly,,,"Full Time Community Operations Manager, Pakistan Job in Pakistan"
8863,other,junior,Karachi,PK,chisel_pk,,,PKR,monthly,,,"Full Time Finance Manager - Pakistan, Karachi Job in Pakistan"
8864,other,junior,Karachi,PK,chisel_pk,,,PKR,monthly,,,"Full Time General Manager, Pakistan Job in Pakistan"
8865,other,junior,Lahore,PK,chisel_pk,,,PKR,monthly,,,Full Time Dispatcher user support tech Job in Pakistan
8866,other,junior,Lahore,PK,chisel_pk,,,PKR,monthly,,,Full Time Sr. Linux Administrator Job in Pakistan
8867,other,junior,Lahore,PK,chisel_pk,,,PKR,monthly,,,Full Time Systems Engineer Job in Pakistan
8868,other,junior,Islamabad,PK,chisel_pk,,,PKR,monthly,,,Full Time Project Management Officer Job in Pakistan
8869,other,junior,Dera Ghazi Khan,PK,chisel_pk,,,PKR,monthly,,,Full Time Deputy General Manager - Plant Engineering - AGTL - Pakistan Job in Pakistan
8870,other,junior,Karachi,PK,chisel_pk,,,PKR,monthly,,,Full Time Assistant Manager - Procurement - AGTL - Pakistan Job in Pakistan
8871,other,junior,Dera Ghazi Khan,PK,chisel_pk,,,PKR,monthly,,,Full Time General Manager - Quality Assurance - AGTL - Pakistan Job in Pakistan
8872,other,junior,Rawalpindi,PK,chisel_pk,,,PKR,monthly,,,Full Time Territory Sales Supervisor Job in Pakistan
8873,other,junior,Landi Kotal,PK,chisel_pk,,,PKR,monthly,,,Full Time Territory Sales Supervisor Job in Pakistan
8874,other,junior,Dera Ismail Khan,PK,chisel_pk,,,PKR,monthly,,,Full Time Area Sales Manager Job in Pakistan
8875,other,junior,Islamabad,PK,chisel_pk,,,PKR,monthly,,,Full Time Card Payments Expert Job in Pakistan
8876,other,junior,Islamabad,PK,chisel_pk,,,PKR,monthly,,,Full Time Expert Mass Segment Job in Pakistan
8877,other,junior,Talagang,PK,chisel_pk,,,PKR,monthly,,,Full Time Franchise Service Executive Job in Pakistan
8878,other,junior,Islamabad,PK,chisel_pk,,,PKR,monthly,,,Online Full Time Online Payments Expert Job in Pakistan
8879,other,junior,Islamabad,PK,chisel_pk,,,PKR,monthly,,,Online Full Time Online Payments Manager Job in Pakistan
8880,other,junior,Islamabad,PK,chisel_pk,,,PKR,monthly,,,Full Time Head of Corporate Communications Sustainability Job in Pakistan
8881,other,junior,Islamabad,PK,chisel_pk,,,PKR,monthly,,,Full Time Specialist DFS Operations Job in Pakistan
8882,other,junior,Islamabad,PK,chisel_pk,,,PKR,monthly,,,Full Time Performance Marketer Job in Pakistan
8883,other,junior,Islamabad,PK,chisel_pk,,,PKR,monthly,,,Full Time Legal Counsel - Corporate Governance IP Job in Pakistan
8884,other,junior,Karachi,PK,chisel_pk,,,PKR,monthly,,,Full Time Project Management Specialist - Automotive Job in Pakistan
8885,other,junior,Karachi,PK,chisel_pk,,,PKR,monthly,,,Full Time Project Quality Engineer - Automotive Sector Job in Pakistan
8886,other,junior,Karachi,PK,chisel_pk,,,PKR,monthly,,,"Full Time Provincial Manager, Wheat Flour Fortification Job in Pakistan"
8887,other,junior,Karachi,PK,chisel_pk,,,PKR,monthly,,,Full Time Senior AWS Back-End Developer Job in Pakistan
8888,other,junior,Karachi,PK,chisel_pk,,,PKR,monthly,,,Full Time Senior Full Stack Software Developer Job in Pakistan
8889,other,junior,Karachi,PK,chisel_pk,,,PKR,monthly,,,Full Time Senior Software Quality Assurance Engineer Job in Pakistan
8890,other,junior,Lahore,PK,chisel_pk,,,PKR,monthly,,,Full Time HLS Specialist (f/m/d) Job in Pakistan
8891,other,junior,Lahore,PK,chisel_pk,,,PKR,monthly,,,Full Time Technical Marketing Engineer (f/m/d) Job in Pakistan
8892,other,junior,Islamabad,PK,chisel_pk,,,PKR,monthly,,,Online Full Time Java Developer Job in Pakistan
8893,data_analyst,unknown,Islamabad,PK,chisel_pk,,,PKR,monthly,,,Full Time Business Analyst Job in Pakistan
8894,other,junior,Islamabad,PK,chisel_pk,,,PKR,monthly,,,"Full Time Salesforce Consultant, Software Engineer/Developer Job in Pakistan"
8895,other,junior,Karachi,PK,chisel_pk,,,PKR,monthly,,,Full Time Assistant Dealer Sales Manager Job in Pakistan
8896,other,junior,Karachi,PK,chisel_pk,,,PKR,monthly,,,Full Time Assistant Warehouse Manager Job in Pakistan
8897,other,junior,Karachi,PK,chisel_pk,,,PKR,monthly,,,Full Time Corporate Manager Job in Pakistan
8898,other,junior,Karachi,PK,chisel_pk,,,PKR,monthly,,,Full Time Customer Contact Agent Job in Pakistan
8899,other,junior,Karachi,PK,chisel_pk,,,PKR,monthly,,,Full Time Dealer Sales Manager Job in Pakistan
8900,other,junior,Karachi,PK,chisel_pk,,,PKR,monthly,,,Full Time Driver Job in Pakistan
8901,other,junior,Karachi,PK,chisel_pk,,,PKR,monthly,,,Full Time Fraud and Compliance Manager Job in Pakistan
8902,other,junior,Islamabad,PK,chisel_pk,,,PKR,monthly,,,Full Time HR Business Partner Job in Pakistan
8903,other,junior,Karachi,PK,chisel_pk,,,PKR,monthly,,,Full Time Head of HR Job in Pakistan
8904,other,junior,Karachi,PK,chisel_pk,,,PKR,monthly,,,Online Full Time Online Auctions Manager Job in Pakistan
8905,other,junior,Karachi,PK,chisel_pk,,,PKR,monthly,,,Full Time Pricing Analyst Job in Pakistan
8906,other,junior,Karachi,PK,chisel_pk,,,PKR,monthly,,,Full Time Purchase Center Inspector Job in Pakistan
8907,other,junior,Karachi,PK,chisel_pk,,,PKR,monthly,,,Full Time Purchase Centre Manager Job in Pakistan
8908,other,junior,Lahore,PK,chisel_pk,,,PKR,monthly,,,Full Time Sales Account Manager - Pakistan (Multiple Cities) Job in Pakistan
8909,data_analyst,unknown,Lahore,PK,chisel_pk,,,PKR,monthly,,,Full Time Data Analyst Job in Pakistan
8910,other,junior,Lahore,PK,chisel_pk,,,PKR,monthly,,,Full Time Digital Marketing Associate Job in Pakistan
8911,other,junior,Islamabad,PK,chisel_pk,,,PKR,monthly,,,Full Time Global Head of Performance Marketing Job in Pakistan
8912,other,junior,Lahore,PK,chisel_pk,,,PKR,monthly,,,Full Time Global Strategy Manager Job in Pakistan
8913,other,junior,Lahore,PK,chisel_pk,,,PKR,monthly,,,Full Time Head of Financial Planning Analysis Job in Pakistan
8914,other,junior,Lahore,PK,chisel_pk,,,PKR,monthly,,,Full Time Marketing Manager Job in Pakistan
8915,other,junior,Lahore,PK,chisel_pk,,,PKR,monthly,,,Full Time Marketplace Manager/Senior Manager Job in Pakistan
8916,product_analyst,unknown,Lahore,PK,chisel_pk,,,PKR,monthly,,,Full Time Product Analyst Job in Pakistan
8917,other,junior,Islamabad,PK,chisel_pk,,,PKR,monthly,,,Full Time Learning Experience Associate/Analyst Job in Pakistan
8918,other,junior,Lahore,PK,chisel_pk,,,PKR,monthly,,,Full Time QA Automation Developer (Pakistan) Job in Pakistan
8919,other,junior,Islamabad,PK,chisel_pk,,,PKR,monthly,,,Full Time Accounting Manager Job in Pakistan
8920,other,junior,Islamabad,PK,chisel_pk,,,PKR,monthly,,,Full Time Architect Specialist (Islamabad) Job in Pakistan
8921,other,junior,Islamabad,PK,chisel_pk,,,PKR,monthly,,,Full Time Staff Accountant Job in Pakistan
8922,other,junior,Karachi,PK,chisel_pk,,,PKR,monthly,,,Full Time Digital Media Manager Job in Pakistan
8923,other,junior,Islamabad,PK,chisel_pk,,,PKR,monthly,,,Full Time Specialist Pricing Job in Pakistan
8924,other,junior,Jhang,PK,chisel_pk,,,PKR,monthly,,,Full Time Territory Sales Supervisor Job in Pakistan
8925,other,junior,Swat,PK,chisel_pk,,,PKR,monthly,,,Full Time Area Sales Manager Job in Pakistan
8926,other,junior,Islamabad,PK,chisel_pk,,,PKR,monthly,,,Full Time Area Sales Manager Job in Pakistan
8927,other,junior,Peshawar,PK,chisel_pk,,,PKR,monthly,,,Full Time Business Development Expert Job in Pakistan
8928,other,junior,Islamabad,PK,chisel_pk,,,PKR,monthly,,,Full Time Expert Learning Development Job in Pakistan
8929,other,junior,Islamabad,PK,chisel_pk,,,PKR,monthly,,,Full Time Expert Product Development Job in Pakistan
8930,other,junior,Lahore,PK,chisel_pk,,,PKR,monthly,,,Full Time Jazz Business Consultant Job in Pakistan
8931,other,junior,Multan,PK,chisel_pk,,,PKR,monthly,,,Full Time Jazz Business Consultant Job in Pakistan
8932,other,junior,Islamabad,PK,chisel_pk,,,PKR,monthly,,,Full Time Manager Corporate Finance Job in Pakistan
8933,other,junior,Sahiwal,PK,chisel_pk,,,PKR,monthly,,,Full Time Sales Planning Executive Job in Pakistan
8934,other,junior,Islamabad,PK,chisel_pk,,,PKR,monthly,,,Full Time Specialist Customer Value Management Job in Pakistan
8935,other,junior,Hyderabad,PK,chisel_pk,,,PKR,monthly,,,Full Time Linux Site Operations Consultant ( Hyderabad | Shifted Work Week) Job in Pakistan
8936,other,junior,Hyderabad,PK,chisel_pk,,,PKR,monthly,,,Full Time Linux Site Reliability Consultant (Hyderabad) Job in Pakistan
8937,data_scientist,junior,Hyderabad,PK,chisel_pk,,,PKR,monthly,,,Full Time ML Solutions Architect / Senior ML Engineer Job in Pakistan
8938,other,junior,Hyderabad,PK,chisel_pk,,,PKR,monthly,,,Full Time Mongo Database Consultant (Hyderabad or Bengaluru) Job in Pakistan
8939,other,junior,Hyderabad,PK,chisel_pk,,,PKR,monthly,,,Full Time Windows Site Reliability Consultant (India | Pacific Standard Time) Job in Pakistan
8940,analytics_engineer,junior,Hyderabad,PK,chisel_pk,,,PKR,monthly,,,Full Time Cloud Data Engineer - Hyderabad Job in Pakistan
8941,analytics_engineer,junior,Hyderabad,PK,chisel_pk,,,PKR,monthly,,,Full Time Cloud Data Engineering - Lead Job in Pakistan
8942,data_analyst,junior,Hyderabad,PK,chisel_pk,,,PKR,monthly,,,Full Time Data Specialist Job in Pakistan
8943,other,junior,Hyderabad,PK,chisel_pk,,,PKR,monthly,,,Full Time DevOps Architect Job in Pakistan
8944,other,junior,Hyderabad,PK,chisel_pk,,,PKR,monthly,,,Full Time DevOps Engineer - America's Time Zone Job in Pakistan
8945,other,junior,Hyderabad,PK,chisel_pk,,,PKR,monthly,,,Full Time DevOps Engineer - European Time Zone's Job in Pakistan
8946,other,junior,Hyderabad,PK,chisel_pk,,,PKR,monthly,,,Full Time Field Marketing Coordinator Job in Pakistan
8947,other,junior,Hyderabad,PK,chisel_pk,,,PKR,monthly,,,Full Time MySQL Developer C++ (Hyderabad) Job in Pakistan
8948,other,junior,Hyderabad,PK,chisel_pk,,,PKR,monthly,,,Full Time Site Reliability Engineering Operations Consultant (Hyderabad | Shifted Work Week) Job in Pakistan
8949,other,junior,Hyderabad,PK,chisel_pk,,,PKR,monthly,,,Full Time SRE Hadoop Infrastructure Specialist (Hyderabad | Pacific Standard Time Zone) Job in Pakistan
8950,other,junior,Hyderabad,PK,chisel_pk,,,PKR,monthly,,,Full Time Technical Project Manager Job in Pakistan
32678,analytics_engineer,unknown,Karachi,PK,kaggle_rozee_pk,150000.0,200000.0,PKR,monthly,,175000.0,Data Engineer
8951,other,junior,Hyderabad,PK,chisel_pk,,,PKR,monthly,,,Full Time Windows Site Operations Consultant (Hyderabad | Shifted Work Week) Job in Pakistan
8952,other,junior,Hyderabad,PK,chisel_pk,,,PKR,monthly,,,Full Time Windows Site Reliability Consultant ( India | Pacific Standard Time Zone) Job in Pakistan
8953,analytics_engineer,junior,Hyderabad,PK,chisel_pk,,,PKR,monthly,,,Full Time QA Automation Manager - Data Engineering Job in Pakistan
8954,other,junior,Hyderabad,PK,chisel_pk,,,PKR,monthly,,,Full Time SAP BW HANA Consultant Job in Pakistan
8955,other,junior,Islamabad,PK,chisel_pk,,,PKR,monthly,,,"Full Time Manager, International Student Recruitment (Pakistan) Job in Pakistan"
8956,other,junior,Lahore,PK,chisel_pk,,,PKR,monthly,,,Full Time Business Development Manager (Pakistan) Job in Pakistan
8957,other,junior,Hyderabad,PK,chisel_pk,,,PKR,monthly,,,Full Time International Recruitment Manager (Hyderabad) Job in Pakistan
8958,other,junior,Islamabad,PK,chisel_pk,,,PKR,monthly,,,Full Time International Recruitment Officer (Islamabad) Job in Pakistan
8959,other,junior,Lahore,PK,chisel_pk,,,PKR,monthly,,,Full Time International Recruitment Officer (Lahore) Job in Pakistan
8960,other,junior,Islamabad,PK,chisel_pk,,,PKR,monthly,,,Full Time International Student Recruitment Manager (Pakistan) Job in Pakistan
8961,other,junior,Islamabad,PK,chisel_pk,,,PKR,monthly,,,Full Time Community Manager - Pakistan Job in Pakistan
8962,other,junior,Lahore,PK,chisel_pk,,,PKR,monthly,,,Full Time Sales Manager Job in Pakistan
8963,other,junior,Mirpur,PK,chisel_pk,,,PKR,monthly,,,Full Time Area Sales Head Job in Pakistan
8964,other,junior,Chakwal,PK,chisel_pk,,,PKR,monthly,,,Full Time Area Sales Head Job in Pakistan
8966,other,junior,Karachi,PK,chisel_pk,,,PKR,monthly,,,Full Time Channel Planning Specialist Job in Pakistan
8968,other,junior,Islamabad,PK,chisel_pk,,,PKR,monthly,,,Full Time Distribution Planning Specialist Job in Pakistan
8969,other,junior,Hyderabad,PK,chisel_pk,,,PKR,monthly,,,Full Time Assistant Manager Sales & Distribution Job in Pakistan
8970,other,junior,Islamabad,PK,chisel_pk,,,PKR,monthly,,,Full Time Qlik Sense Developer / Business Intelligence Specialist Job in Pakistan
8971,other,junior,Sind,PK,chisel_pk,,,PKR,monthly,,,Full Time Commercial Assistant - Siemens Pakistan Job in Pakistan
8972,other,junior,Sind,PK,chisel_pk,,,PKR,monthly,,,Full Time Commercial Officer - Siemens Pakistan Job in Pakistan
8973,other,mid,Sind,PK,chisel_pk,,,PKR,monthly,,,Full Time GBS H2R Team Lead - Siemens Pakistan Job in Pakistan
8974,other,junior,Karachi,PK,chisel_pk,,,PKR,monthly,,,Full Time Project Manager (Transformation) - AGTL - Pakistan Job in Pakistan
8975,other,junior,Islamabad,PK,chisel_pk,,,PKR,monthly,,,Full Time Product Manager - Content Job in Pakistan
8976,other,junior,Islamabad,PK,chisel_pk,,,PKR,monthly,,,Full Time Cyber Security Advisor Job in Pakistan
8977,other,mid,Punjab,PK,chisel_pk,,,PKR,monthly,,,"Full Time Finance Assistant Manager (Siemens Healthineers) - Lahore, Pakistan Job in Pakistan"
8978,other,junior,Islamabad,PK,chisel_pk,,,PKR,monthly,,,Full Time Assistant Manager Partnerships Job in Pakistan
8979,other,junior,Islamabad,PK,chisel_pk,,,PKR,monthly,,,Full Time Digital Ecosystem Architect Job in Pakistan
8980,other,junior,Islamabad,PK,chisel_pk,,,PKR,monthly,,,Full Time Software Engineer Job in Pakistan
8981,other,junior,Islamabad,PK,chisel_pk,,,PKR,monthly,,,Full Time Software Engineer - Microsoft .NET Job in Pakistan
8982,other,junior,Lahore,PK,chisel_pk,,,PKR,monthly,,,Full Time Digital Care Specialist Job in Pakistan
8983,other,junior,Sheikhupura,PK,chisel_pk,,,PKR,monthly,,,Full Time Territory Sales Supervisor Job in Pakistan
8984,other,junior,Shikarpur,PK,chisel_pk,,,PKR,monthly,,,Full Time Franchise Service Executive Job in Pakistan
8985,other,junior,Gujranwala,PK,chisel_pk,,,PKR,monthly,,,Full Time Sales Operation Executive Job in Pakistan
8986,other,junior,Gujranwala,PK,chisel_pk,,,PKR,monthly,,,Full Time Commercial Experience Executive Job in Pakistan
8987,other,junior,Islamabad,PK,chisel_pk,,,PKR,monthly,,,Full Time Specialist Partner Assurance Job in Pakistan
8988,other,junior,Karachi,PK,chisel_pk,,,PKR,monthly,,,Full Time Jazz Business Consultant Job in Pakistan
8990,other,junior,Karachi,PK,chisel_pk,,,PKR,monthly,,,Full Time Head Of Account Management Job in Pakistan
8991,other,junior,Islamabad,PK,chisel_pk,,,PKR,monthly,,,Full Time Manager Agent Network Planning Job in Pakistan
8992,other,junior,Islamabad,PK,chisel_pk,,,PKR,monthly,,,Full Time Specialist RAN Operations Job in Pakistan
8993,other,junior,Faisalabad,PK,chisel_pk,,,PKR,monthly,,,Online Full Time Content Writer - Remote Job in Pakistan
8994,other,junior,Daska,PK,chisel_pk,,,PKR,monthly,,,Full Time Area Sales Head Job in Pakistan
8995,other,junior,Karachi,PK,chisel_pk,,,PKR,monthly,,,Full Time CBS Rapid - Administrative And Workplace Services Intern Job in Pakistan
8996,other,junior,Islamabad,PK,chisel_pk,,,PKR,monthly,,,Full Time CBS Rapid - Administrative And Workplace Services Intern Job in Pakistan
8997,other,junior,Lahore,PK,chisel_pk,,,PKR,monthly,,,Full Time CBS Rapid - Administrative And Workplace Services Intern Job in Pakistan
8998,other,junior,Karachi,PK,chisel_pk,,,PKR,monthly,,,Full Time Territory Sales Supervisor Job in Pakistan
8999,other,junior,Islamabad,PK,chisel_pk,,,PKR,monthly,,,Full Time Specialist Deployment Job in Pakistan
9000,other,junior,Islamabad,PK,chisel_pk,,,PKR,monthly,,,Full Time Brand Expert Digital Financial Services (DFS) Job in Pakistan
9001,other,junior,Islamabad,PK,chisel_pk,,,PKR,monthly,,,Full Time Pre Sales Expert Job in Pakistan
9002,other,junior,Islamabad,PK,chisel_pk,,,PKR,monthly,,,Full Time Head Of Litigation Job in Pakistan
9003,other,junior,Multan,PK,chisel_pk,,,PKR,monthly,,,Full Time Sales Operations Executive Job in Pakistan
9004,other,junior,Islamabad,PK,chisel_pk,,,PKR,monthly,,,Full Time Expert Channel Planning Job in Pakistan
9005,other,junior,Khushab,PK,chisel_pk,,,PKR,monthly,,,Full Time Territory Sales Supervisor Job in Pakistan
9006,other,junior,Lodhran,PK,chisel_pk,,,PKR,monthly,,,Full Time Territory Sales Supervisor Job in Pakistan
9007,other,junior,Islamabad,PK,chisel_pk,,,PKR,monthly,,,Full Time Specialist Analytics Value Added Services Job in Pakistan
9008,other,junior,Karachi,PK,chisel_pk,,,PKR,monthly,,,Full Time MBU Lead Job in Pakistan
9009,other,junior,Dera Murad Jamali,PK,chisel_pk,,,PKR,monthly,,,Full Time MBU Technician Job in Pakistan
9010,data_scientist,junior,Islamabad,PK,chisel_pk,,,PKR,monthly,,,Full Time Trainee Data Scientist Job in Pakistan
9011,other,junior,Islamabad,PK,chisel_pk,,,PKR,monthly,,,Full Time Manager Venture Support Team Job in Pakistan
9012,other,junior,Mirpur,PK,chisel_pk,,,PKR,monthly,,,Full Time Territory Sales Supervisor Job in Pakistan
9013,other,junior,Islamabad,PK,chisel_pk,,,PKR,monthly,,,Full Time Legal Counsel Contracts Job in Pakistan
9014,other,junior,Islamabad,PK,chisel_pk,,,PKR,monthly,,,Full Time Specialist Transport Network Operations (Transmission) Job in Pakistan
9015,other,junior,Dir Lower,PK,chisel_pk,,,PKR,monthly,,,Full Time Territory Sales Supervisor Job in Pakistan
9016,other,junior,Peshawar,PK,chisel_pk,,,PKR,monthly,,,Full Time Territory Sales Supervisor Job in Pakistan
9017,other,junior,Chakwal,PK,chisel_pk,,,PKR,monthly,,,Full Time Territory Sales Supervisor Job in Pakistan
9018,other,junior,Islamabad,PK,chisel_pk,,,PKR,monthly,,,"Full Time Expert Channel Analysis, Performance & Insights Job in Pakistan"
9019,other,junior,Islamabad,PK,chisel_pk,,,PKR,monthly,,,Full Time Expert Channel Automation & Reporting Job in Pakistan
9020,other,junior,Islamabad,PK,chisel_pk,,,PKR,monthly,,,Full Time Business Support Expert Job in Pakistan
9021,other,junior,Lahore,PK,chisel_pk,,,PKR,monthly,,,Full Time Specialist Social Media Communication Job in Pakistan
9022,other,junior,Islamabad,PK,chisel_pk,,,PKR,monthly,,,Full Time Service Integrator IT Specialist (Contractual) Job in Pakistan
9023,other,junior,Islamabad,PK,chisel_pk,,,PKR,monthly,,,Full Time Data Segment Executive / Specialist Job in Pakistan
9024,other,junior,Karachi,PK,chisel_pk,,,PKR,monthly,,,Full Time Senior SAP Technical Consultant - 12 Months Contract - An Excellent Opportunity In Karachi Job in Pakistan
9025,other,junior,Islamabad,PK,chisel_pk,,,PKR,monthly,,,Full Time Senior SAP FICO Consultant - 12 Months Contract - An Excellent Opportunity In Islamabad Job in Pakistan
9026,other,junior,Karachi,PK,chisel_pk,,,PKR,monthly,,,Full Time Senior SAP Functional Consultant - 12 Months Contract - An Excellent Opportunity In Karachi Job in Pakistan
9027,other,junior,Karachi,PK,chisel_pk,,,PKR,monthly,,,"Full Time Branch Commercial Controller (Siemens Healthineers) - Karachi, Pakistan Job in Pakistan"
9028,other,junior,Karachi,PK,chisel_pk,,,PKR,monthly,,,Full Time Country EHS Officer - Siemens Pakistan Job in Pakistan
9029,other,junior,Lahore,PK,chisel_pk,,,PKR,monthly,,,Full Time Communication Executive Job in Pakistan
9030,other,junior,Lahore,PK,chisel_pk,,,PKR,monthly,,,Full Time Specialist Helpdesk & Operational Management Job in Pakistan
9031,other,junior,Islamabad,PK,chisel_pk,,,PKR,monthly,,,Full Time Specialist Product & Business Analysis Job in Pakistan
9032,other,junior,Islamabad,PK,chisel_pk,,,PKR,monthly,,,Full Time Senior Legal Counsel Tax Litigation Job in Pakistan
9033,other,junior,Faisalabad,PK,chisel_pk,,,PKR,monthly,,,Full Time Business Support Expert Job in Pakistan
9034,other,junior,Karachi,PK,chisel_pk,,,PKR,monthly,,,Full Time Expert Corporate Partnership Job in Pakistan
9035,other,junior,Islamabad,PK,chisel_pk,,,PKR,monthly,,,Full Time Bids & Proposal Expert Job in Pakistan
9036,other,junior,Lahore,PK,chisel_pk,,,PKR,monthly,,,Full Time Expert Corporate Partnership Job in Pakistan
9037,other,junior,Karachi,PK,chisel_pk,,,PKR,monthly,,,Full Time Commercial Experience Executive Job in Pakistan
9038,other,junior,Ranipur,PK,chisel_pk,,,PKR,monthly,,,Full Time Territory Sales Supervisor Job in Pakistan
9039,other,junior,Nawabshah,PK,chisel_pk,,,PKR,monthly,,,Full Time Franchise Service Executive Job in Pakistan
9040,other,junior,Mithi,PK,chisel_pk,,,PKR,monthly,,,Full Time Territory Sales Supervisor Job in Pakistan
9041,other,junior,Rahim Yar Khan,PK,chisel_pk,,,PKR,monthly,,,Full Time Territory Sales Supervisor Job in Pakistan
9042,other,junior,Islamabad,PK,chisel_pk,,,PKR,monthly,,,Full Time Specialist Fraud Management Operations Job in Pakistan
9043,other,junior,Islamabad,PK,chisel_pk,,,PKR,monthly,,,Full Time ESS Contract Manager Job in Pakistan
9044,other,junior,Islamabad,PK,chisel_pk,,,PKR,monthly,,,Full Time Head Of Venture Support Team Job in Pakistan
9045,other,junior,Islamabad,PK,chisel_pk,,,PKR,monthly,,,Full Time Specialist Agent Reporting & Analysis Job in Pakistan
9046,other,junior,Islamabad,PK,chisel_pk,,,PKR,monthly,,,Full Time Specialist Revenue Job in Pakistan
9047,other,junior,Islamabad,PK,chisel_pk,,,PKR,monthly,,,Full Time Senior Analyst Venture Support Team Job in Pakistan
9048,other,junior,Islamabad,PK,chisel_pk,,,PKR,monthly,,,Full Time Analyst Venture Support Team Job in Pakistan
9049,other,junior,Lahore,PK,chisel_pk,,,PKR,monthly,,,Full Time Business Support Expert Job in Pakistan
9050,other,junior,Islamabad,PK,chisel_pk,,,PKR,monthly,,,Full Time Specialist Channel Promos & Communication Job in Pakistan
9051,other,junior,Islamabad,PK,chisel_pk,,,PKR,monthly,,,Full Time Economics Affairs Intern Job in Pakistan
9052,other,junior,Islamabad,PK,chisel_pk,,,PKR,monthly,,,Full Time Expert External Communications Job in Pakistan
9053,other,junior,Islamabad,PK,chisel_pk,,,PKR,monthly,,,Full Time Distribution Planning And Analytics Specialist Job in Pakistan
9054,other,junior,Islamabad,PK,chisel_pk,,,PKR,monthly,,,Full Time Civil Works & Power Implementation Executive Job in Pakistan
9055,other,junior,Islamabad,PK,chisel_pk,,,PKR,monthly,,,Full Time Network Demand Management Executive Job in Pakistan
9056,other,junior,Faisalabad,PK,chisel_pk,,,PKR,monthly,,,Full Time Channel Enablement Specialist Job in Pakistan
9302,other,junior,Lahore,PK,chisel_pk,,,PKR,monthly,,,Full Time Sales Representative Agents Jobs in Pakistan
9057,other,junior,Islamabad,PK,chisel_pk,,,PKR,monthly,,,Full Time Data Center IP Network Specialist Job in Pakistan
9058,other,junior,Attock,PK,chisel_pk,,,PKR,monthly,,,Full Time Area Sales Head Job in Pakistan
9059,other,junior,Islamabad,PK,chisel_pk,,,PKR,monthly,,,"Full Time Manager, B2B Products & Solutions Job in Pakistan"
9060,other,junior,Gujranwala,PK,chisel_pk,,,PKR,monthly,,,Full Time Operations Specialist Job in Pakistan
9061,other,junior,Islamabad,PK,chisel_pk,,,PKR,monthly,,,Full Time Manager DFS Architecture & Planning Job in Pakistan
9062,other,junior,Lahore,PK,chisel_pk,,,PKR,monthly,,,Full Time C# Developer Job in Pakistan
9063,other,junior,Islamabad,PK,chisel_pk,,,PKR,monthly,,,Full Time Android Mobile Application Developer Job in Pakistan
9064,other,junior,Islamabad,PK,chisel_pk,,,PKR,monthly,,,Full Time Manager Financial Planning & Analysis Job in Pakistan
9065,other,junior,Islamabad,PK,chisel_pk,,,PKR,monthly,,,Full Time Chief Of Growth And Strategy Officer Job in Pakistan
9066,other,junior,Islamabad,PK,chisel_pk,,,PKR,monthly,,,Full Time Legal Counsel Regulatory Litigation Job in Pakistan
9067,other,junior,Islamabad,PK,chisel_pk,,,PKR,monthly,,,Full Time Billing Project Executive Job in Pakistan
9068,other,junior,Jhang,PK,chisel_pk,,,PKR,monthly,,,Full Time Expert Business Development Job in Pakistan
9069,other,junior,Islamabad,PK,chisel_pk,,,PKR,monthly,,,Full Time Supply Chain Officer Job in Pakistan
9070,other,junior,Islamabad,PK,chisel_pk,,,PKR,monthly,,,Full Time Middleware & Provisioning Expert Job in Pakistan
9071,other,junior,Islamabad,PK,chisel_pk,,,PKR,monthly,,,Full Time Assistant Manager - Customer Analytics And Value Management Job in Pakistan
9072,other,junior,Islamabad,PK,chisel_pk,,,PKR,monthly,,,Full Time Core & Telco Cloud Operations Expert Job in Pakistan
9073,other,junior,Multan,PK,chisel_pk,,,PKR,monthly,,,Full Time Area Sales Head Job in Pakistan
9074,other,junior,Bahawalpur,PK,chisel_pk,,,PKR,monthly,,,Full Time Area Sales Head Job in Pakistan
9075,other,junior,Mirpur,PK,chisel_pk,,,PKR,monthly,,,Full Time Franchise Service Executive Job in Pakistan
9076,other,junior,Dera Ismail Khan,PK,chisel_pk,,,PKR,monthly,,,Full Time Franchise Service Executive Job in Pakistan
9077,other,junior,Dir Lower,PK,chisel_pk,,,PKR,monthly,,,Full Time Franchise Service Executive Job in Pakistan
9078,other,mid,Islamabad,PK,chisel_pk,,,PKR,monthly,,,Full Time Manager Economic Affairs & Tax Advocacy Job in Pakistan
9079,other,junior,Swat,PK,chisel_pk,,,PKR,monthly,,,Full Time Area Sales Head Job in Pakistan
9080,other,junior,Muzaffarabad,PK,chisel_pk,,,PKR,monthly,,,Full Time Area Sales Head Job in Pakistan
9081,other,mid,Peshawar,PK,chisel_pk,,,PKR,monthly,,,Full Time Planning And Operations Specialist / Executive Job in Pakistan
9082,other,junior,Lahore,PK,chisel_pk,,,PKR,monthly,,,Full Time Channel Enablement Specialist Job in Pakistan
9083,other,mid,Lahore,PK,chisel_pk,,,PKR,monthly,,,Full Time Segments Specialist Job in Pakistan
9084,other,junior,Islamabad,PK,chisel_pk,,,PKR,monthly,,,Full Time Partner Sales And Operation Lead Job in Pakistan
9085,other,junior,Islamabad,PK,chisel_pk,,,PKR,monthly,,,Full Time Director - B2B Products & Solutions Job in Pakistan
9086,other,junior,Islamabad,PK,chisel_pk,,,PKR,monthly,,,Full Time Core Transport Network Planning Specialist Job in Pakistan
9087,other,junior,Chakwal,PK,chisel_pk,,,PKR,monthly,,,Full Time Franchise Service Executive Job in Pakistan
9088,other,mid,Karachi,PK,chisel_pk,,,PKR,monthly,,,Full Time CLM & Contextual Marketing Specialist Job in Pakistan
9089,other,mid,Islamabad,PK,chisel_pk,,,PKR,monthly,,,Full Time Digital Transformation Specialist Job in Pakistan
9090,other,mid,Karachi,PK,chisel_pk,,,PKR,monthly,,,Full Time Circle Technology Head - South Job in Pakistan
9091,other,mid,Islamabad,PK,chisel_pk,,,PKR,monthly,,,Full Time Cloud Infrastructure Specialist Job in Pakistan
9092,other,junior,Faisalabad,PK,chisel_pk,,,PKR,monthly,,,Full Time Commercial Experience Executive Job in Pakistan
9093,other,junior,Lahore,PK,chisel_pk,,,PKR,monthly,,,Full Time Reporting & Analysis Executive Job in Pakistan
9094,other,junior,Islamabad,PK,chisel_pk,,,PKR,monthly,,,Full Time Supply Change Management - Coupa Devops (Executive/Specialist) Job in Pakistan
9095,other,junior,Rahim Yar Khan,PK,chisel_pk,,,PKR,monthly,,,Full Time Commercial Experience Executive (6 Month Maternity Cover) Job in Pakistan
9096,other,junior,Islamabad,PK,chisel_pk,,,PKR,monthly,,,Full Time Manager Franchise Services Planning Job in Pakistan
9097,other,junior,Faisalabad,PK,chisel_pk,,,PKR,monthly,,,Full Time DFS Executive Job in Pakistan
9098,other,junior,Islamabad,PK,chisel_pk,,,PKR,monthly,,,Full Time Head Of Business Intelligence And Analytics Job in Pakistan
9099,other,mid,Karachi,PK,chisel_pk,,,PKR,monthly,,,Full Time Health & Safety Expert Job in Pakistan
9100,other,mid,Islamabad,PK,chisel_pk,,,PKR,monthly,,,Full Time AM Digital Analytics Job in Pakistan
9101,other,mid,Islamabad,PK,chisel_pk,,,PKR,monthly,,,Full Time Sustainability Specialist Job in Pakistan
9102,financial_analyst,junior,Islamabad,PK,chisel_pk,,,PKR,monthly,,,Full Time Commercial FP&A Intern Job in Pakistan
9103,other,mid,Faisalabad,PK,chisel_pk,,,PKR,monthly,,,Full Time Sales Manager - Punjab Job in Pakistan
9104,other,junior,Lahore,PK,chisel_pk,,,PKR,monthly,,,Full Time Network Supervision Specialist Job in Pakistan
9105,other,junior,Islamabad,PK,chisel_pk,,,PKR,monthly,,,Full Time Specialist CS Core Operations Job in Pakistan
9106,other,junior,Islamabad,PK,chisel_pk,,,PKR,monthly,,,Full Time Specialist Trade Marketing Job in Pakistan
9107,other,junior,Karachi,PK,chisel_pk,,,PKR,monthly,,,Full Time Business Consultant Job in Pakistan
9108,other,mid,Faisalabad,PK,chisel_pk,,,PKR,monthly,,,Full Time Expert Trade & Market Activations Job in Pakistan
9109,other,mid,Islamabad,PK,chisel_pk,,,PKR,monthly,,,Full Time Data Core VNF Planning Specialist Job in Pakistan
9110,other,junior,Islamabad,PK,chisel_pk,,,PKR,monthly,,,Full Time Specialist Business Performance Management Job in Pakistan
9111,other,senior,Islamabad,PK,chisel_pk,,,PKR,monthly,,,Full Time Cloud Infra Security Expert Job in Pakistan
9112,other,junior,Islamabad,PK,chisel_pk,,,PKR,monthly,,,Full Time Technical Project Manager (Migrations & Operations) Job in Pakistan
9113,other,junior,Islamabad,PK,chisel_pk,,,PKR,monthly,,,Full Time Project Director (Billing Swap) Job in Pakistan
9114,other,junior,Balakot,PK,chisel_pk,,,PKR,monthly,,,Full Time Area Sales Head Job in Pakistan
9115,other,junior,Islamabad,PK,chisel_pk,,,PKR,monthly,,,Full Time Financial Management Executive / Specialist Job in Pakistan
9116,other,junior,Islamabad,PK,chisel_pk,,,PKR,monthly,,,Full Time Segment Specialist/Executive - Network Planning & Operations Job in Pakistan
9117,other,junior,Abbottabad,PK,chisel_pk,,,PKR,monthly,,,Full Time Network Operations Executive Job in Pakistan
9118,other,junior,Islamabad,PK,chisel_pk,,,PKR,monthly,,,Full Time Specialist General Ledger Job in Pakistan
9119,other,junior,Islamabad,PK,chisel_pk,,,PKR,monthly,,,Full Time Bid Expert Job in Pakistan
9120,other,junior,Islamabad,PK,chisel_pk,,,PKR,monthly,,,Full Time Manager Public Partnerships South Job in Pakistan
9121,other,junior,Lahore,PK,chisel_pk,,,PKR,monthly,,,Full Time Area Sales Manager Job in Pakistan
9122,other,junior,Lahore,PK,chisel_pk,,,PKR,monthly,,,Full Time Digital Marketing Manager Job in Pakistan
9123,other,junior,Lahore,PK,chisel_pk,,,PKR,monthly,,,Full Time B2B Sales & Development Manager Job in Pakistan
9124,other,junior,Lahore,PK,chisel_pk,,,PKR,monthly,,,Full Time Ecommerce Marketing Manager Job in Pakistan
9125,other,junior,Lahore,PK,chisel_pk,,,PKR,monthly,,,Full Time Call Center Agents Jobs in Pakistan
9126,other,junior,Lahore,PK,chisel_pk,,,PKR,monthly,,,Full Time Career Counselor In Study Abroad Firms Lahore Office Jobs in Pakistan
9127,other,junior,Karachi,PK,chisel_pk,,,PKR,monthly,,,Online Full Time Backend Engineer Jobs in Pakistan
9128,other,mid,Faisalabad,PK,chisel_pk,,,PKR,monthly,,,Full Time PHP Laravel Web Developer Jobs in Pakistan
9129,other,junior,Faisalabad,PK,chisel_pk,,,PKR,monthly,,,Full Time Web Development Interns Jobs in Pakistan
9130,other,mid,Faisalabad,PK,chisel_pk,,,PKR,monthly,,,Full Time Wordpress / Shopify Developer Jobs in Pakistan
9131,other,junior,Karachi,PK,chisel_pk,,,PKR,monthly,,,Full Time Front End Developer Job in Pakistan
9132,other,junior,Lahore,PK,chisel_pk,,,PKR,monthly,,,Full Time Mobile Apps Developers (Android / Flutter / React Native / Ios) Jobs in Pakistan
9133,other,junior,Karachi,PK,chisel_pk,,,PKR,monthly,,,Full Time Junior SEO Specialist Job in Pakistan
9134,other,junior,Karachi,PK,chisel_pk,,,PKR,monthly,,,Full Time SEO Content Writer Job in Pakistan
9135,other,junior,Karachi,PK,chisel_pk,,,PKR,monthly,,,Full Time Wordpress / Front-End Developer Job in Pakistan
9136,other,junior,Lahore,PK,chisel_pk,,,PKR,monthly,,,Full Time Customer Relations Officer Job in Pakistan
9137,other,junior,Lahore,PK,chisel_pk,,,PKR,monthly,,,Full Time Social Media Executive / Supervisor Jobs in Pakistan
9138,other,junior,Lahore,PK,chisel_pk,,,PKR,monthly,,,Full Time Client Service Executive Jobs in Pakistan
9139,other,junior,Lahore,PK,chisel_pk,,,PKR,monthly,,,Full Time Sales Executive Jobs in Pakistan
9140,other,junior,Karachi,PK,chisel_pk,,,PKR,monthly,,,Full Time Sales And Marketing Assistant / Representative Jobs in Pakistan
9141,other,junior,Sialkot,PK,chisel_pk,,,PKR,monthly,,,Full Time Video Editor Jobs in Pakistan
9142,other,junior,Lahore,PK,chisel_pk,,,PKR,monthly,,,Full Time CRM Developer Job in Pakistan
9143,other,junior,Lahore,PK,chisel_pk,,,PKR,monthly,,,Full Time PHP Expert Jobs in Pakistan
9144,other,senior,Karachi,PK,chisel_pk,,,PKR,monthly,,,Online Full Time Graphic Designers And Video Programmer Jobs in Pakistan
9145,other,junior,Lahore,PK,chisel_pk,,,PKR,monthly,,,Full Time PHP Programmer With Experience Of Ubuntu And CURL Job in Pakistan
9146,other,junior,Lahore,PK,chisel_pk,,,PKR,monthly,,,Full Time Games Developer Jobs in Pakistan
9147,other,junior,Lahore,PK,chisel_pk,,,PKR,monthly,,,Full Time Game Programer Jobs in Pakistan
9148,other,junior,Lahore,PK,chisel_pk,,,PKR,monthly,,,Full Time Receptionist Job in Pakistan
9149,other,junior,Lahore,PK,chisel_pk,,,PKR,monthly,,,Full Time Sales Executive Jobs in Pakistan
9150,other,junior,Karachi,PK,chisel_pk,,,PKR,monthly,,,Full Time Laser Hair Removal Therapist Job in Pakistan
9151,other,junior,Lahore,PK,chisel_pk,,,PKR,monthly,,,Full Time Telemarketing Executive - TSE Jobs in Pakistan
9152,other,junior,Lahore,PK,chisel_pk,,,PKR,monthly,,,Full Time Assistant IT Manager Job in Pakistan
9153,other,junior,Lahore,PK,chisel_pk,,,PKR,monthly,,,Full Time Telesales Representative Officer Jobs in Pakistan
9154,other,junior,Lahore,PK,chisel_pk,,,PKR,monthly,,,Full Time Client Services Coordinator Job in Pakistan
9155,other,junior,Islamabad,PK,chisel_pk,,,PKR,monthly,,,Full Time Art Gallery Coordinator Job in Pakistan
9156,other,mid,Lahore,PK,chisel_pk,,,PKR,monthly,,,Full Time Laravel / Vuejs Developer Job in Pakistan
9157,other,unknown,Malakand,PK,chisel_pk,,,PKR,monthly,,,Online Full Time Urdu Article Writers - Freelance Jobs in Pakistan
9158,other,junior,Lahore,PK,chisel_pk,,,PKR,monthly,,,Full Time Ruby On Rails Developer Jobs in Pakistan
9159,other,mid,Karachi,PK,chisel_pk,,,PKR,monthly,,,Online Full Time Marketing Consultant Jobs in Pakistan
9160,other,mid,Karachi,PK,chisel_pk,,,PKR,monthly,,,Online Full Time Sales Consultant Jobs in Pakistan
9161,other,junior,Karachi,PK,chisel_pk,,,PKR,monthly,,,Full Time E Commerce Executive / Assistant Job in Pakistan
9162,other,mid,Karachi,PK,chisel_pk,,,PKR,monthly,,,Full Time Assistant Manager Warehouse Job in Pakistan
9163,other,junior,Karachi,PK,chisel_pk,,,PKR,monthly,,,Full Time Tele Sales Executive Jobs in Pakistan
9164,other,junior,Sialkot,PK,chisel_pk,,,PKR,monthly,,,Full Time Web Developer Jobs in Pakistan
9165,other,mid,Lahore,PK,chisel_pk,,,PKR,monthly,,,Full Time Assistant Manager Procurement Jobs in Pakistan
9166,other,junior,Rawalpindi,PK,chisel_pk,,,PKR,monthly,,,Full Time Assistant Branch Manager Jobs in Pakistan
9167,other,junior,Rawalpindi,PK,chisel_pk,,,PKR,monthly,,,Full Time HR / Recruitment - Intern Jobs in Pakistan
9168,other,junior,Bhakkar,PK,chisel_pk,,,PKR,monthly,,,Full Time Branch Manager (Sales & Marketing) Jobs in Pakistan
9169,other,junior,Karachi,PK,chisel_pk,,,PKR,monthly,,,Full Time Specialist Customer Sales And Support Job in Pakistan
9170,other,junior,Karachi,PK,chisel_pk,,,PKR,monthly,,,Full Time Telemarketing Representative Job in Pakistan
9171,other,junior,Karachi,PK,chisel_pk,,,PKR,monthly,,,Full Time SEO Consultant Jobs in Pakistan
9172,other,junior,Karachi,PK,chisel_pk,,,PKR,monthly,,,Full Time Fresh Graphics Designer Job in Pakistan
9173,other,junior,Karachi,PK,chisel_pk,,,PKR,monthly,,,Full Time Customer Support Representative Jobs in Pakistan
9174,other,junior,Sialkot,PK,chisel_pk,,,PKR,monthly,,,Full Time Back End Developer Jobs in Pakistan
9175,other,mid,Karachi,PK,chisel_pk,,,PKR,monthly,,,Full Time Laboratory Technician Job in Pakistan
9176,other,junior,Lahore,PK,chisel_pk,,,PKR,monthly,,,Full Time Business Development Manager Job in Pakistan
9177,other,junior,Karachi,PK,chisel_pk,,,PKR,monthly,,,Full Time Data Entry Operator Job in Pakistan
9178,other,junior,Lahore,PK,chisel_pk,,,PKR,monthly,,,Full Time Amazon Enterprise Launch & Sales Expert Jobs in Pakistan
9179,other,junior,Islamabad,PK,chisel_pk,,,PKR,monthly,,,"Full Time CSR, Closers, Team Leaders Jobs in Pakistan"
9180,other,junior,Lahore,PK,chisel_pk,,,PKR,monthly,,,Full Time Business Operations Executive Job in Pakistan
9181,other,junior,Faisalabad,PK,chisel_pk,,,PKR,monthly,,,Full Time Digital Marketing Expert Job in Pakistan
9182,other,junior,Lahore,PK,chisel_pk,,,PKR,monthly,,,Full Time Customer Support Representative Inbound Project Jobs in Pakistan
9183,other,junior,Karachi,PK,chisel_pk,,,PKR,monthly,,,Full Time Email And Chat Support Executive - Foodpanda Jobs in Pakistan
9184,other,junior,Karachi,PK,chisel_pk,,,PKR,monthly,,,Full Time Email/Chat Support Specialist - Retail Industry Jobs in Pakistan
9185,other,junior,Islamabad,PK,chisel_pk,,,PKR,monthly,,,Full Time Graphic Designer Jobs in Pakistan
9186,other,mid,Karachi,PK,chisel_pk,,,PKR,monthly,,,Full Time Receptionist / Front Desk Officer Jobs in Pakistan
9187,other,junior,Islamabad,PK,chisel_pk,,,PKR,monthly,,,Full Time Assistant Branch Manager Jobs in Pakistan
9188,other,mid,Islamabad,PK,chisel_pk,,,PKR,monthly,,,Full Time Graphic Designer Job in Pakistan
9189,other,junior,Islamabad,PK,chisel_pk,,,PKR,monthly,,,Full Time Full Stack Developer Jobs in Pakistan
9190,other,junior,Islamabad,PK,chisel_pk,,,PKR,monthly,,,Full Time Ios Developer Jobs in Pakistan
9191,other,junior,Lahore,PK,chisel_pk,,,PKR,monthly,,,Full Time Software Engineer - Java Spring Boot Job in Pakistan
9192,other,junior,Sialkot,PK,chisel_pk,,,PKR,monthly,,,Full Time Graphic Designer Jobs in Pakistan
9193,other,junior,Faisalabad,PK,chisel_pk,,,PKR,monthly,,,Online Full Time Software Developer (Python / PHP) Job in Pakistan
9194,other,junior,Karachi,PK,chisel_pk,,,PKR,monthly,,,Online Full Time Xamarin Developer Job in Pakistan
9195,other,junior,Karachi,PK,chisel_pk,,,PKR,monthly,,,Online Full Time Junior Dot-Net Developer Job in Pakistan
9196,other,junior,Karachi,PK,chisel_pk,,,PKR,monthly,,,Online Full Time PHP Developer Job in Pakistan
9197,other,junior,Karachi,PK,chisel_pk,,,PKR,monthly,,,Online Full Time MVC Developer Job in Pakistan
9198,other,mid,Gujrat,PK,chisel_pk,,,PKR,monthly,,,Full Time Web Developer Job in Pakistan
9199,other,mid,Gujrat,PK,chisel_pk,,,PKR,monthly,,,Full Time Graphic Designer And Social Media Expert Job in Pakistan
9200,other,junior,Hasan Abdal,PK,chisel_pk,,,PKR,monthly,,,Full Time Junior Php & Laravel Developer Job in Pakistan
9201,other,junior,Lahore,PK,chisel_pk,,,PKR,monthly,,,Full Time Unity 3D Developer Jobs in Pakistan
9202,other,junior,Lahore,PK,chisel_pk,,,PKR,monthly,,,Full Time SEO Internship Job in Pakistan
9203,other,junior,Sialkot,PK,chisel_pk,,,PKR,monthly,,,Full Time Auto CAD Designer Jobs in Pakistan
9204,other,junior,Rawalpindi,PK,chisel_pk,,,PKR,monthly,,,Full Time HR / Admin Officer Job in Pakistan
9205,other,junior,Karachi,PK,chisel_pk,,,PKR,monthly,,,Full Time Personal Assistant / Customer Service Representative Job in Pakistan
9206,other,junior,Rawalpindi,PK,chisel_pk,,,PKR,monthly,,,Full Time Software Developer (Internship) Jobs in Pakistan
9207,other,junior,Rawalpindi,PK,chisel_pk,,,PKR,monthly,,,Full Time Software Engineer Jobs in Pakistan
9208,other,mid,Abbottabad,PK,chisel_pk,,,PKR,monthly,,,Full Time SEO Specialist Jobs in Pakistan
9209,other,mid,Abbottabad,PK,chisel_pk,,,PKR,monthly,,,Full Time PHP / Laravel / Codeigniter Developers Jobs in Pakistan
9210,other,junior,Islamabad,PK,chisel_pk,,,PKR,monthly,,,Full Time PHP Developer With MVC Experience Jobs in Pakistan
9211,other,junior,Karachi,PK,chisel_pk,,,PKR,monthly,,,Full Time Corporate Sales Executive Job in Pakistan
9212,other,junior,Karachi,PK,chisel_pk,,,PKR,monthly,,,Full Time Lead Generation Expert Job in Pakistan
9213,other,junior,Islamabad,PK,chisel_pk,,,PKR,monthly,,,Full Time Solar Sales Engineer Jobs in Pakistan
9214,other,junior,Sialkot,PK,chisel_pk,,,PKR,monthly,,,Full Time HR Assistant Job in Pakistan
9215,other,mid,Lahore,PK,chisel_pk,,,PKR,monthly,,,Full Time PHP / Laravel / Codeigniter Developer Jobs in Pakistan
9216,other,mid,Karachi,PK,chisel_pk,,,PKR,monthly,,,Full Time Moodle LMS Expert - Urgently Required Job in Pakistan
9217,other,junior,Lahore,PK,chisel_pk,,,PKR,monthly,,,Online Full Time Night Shift Controller / Manager Job in Pakistan
9218,other,junior,Lahore,PK,chisel_pk,,,PKR,monthly,,,Full Time Real Estate Sales Executive Jobs in Pakistan
9219,other,junior,Karachi,PK,chisel_pk,,,PKR,monthly,,,Full Time Order Booker Sales Man Job in Pakistan
9221,other,junior,Karachi,PK,chisel_pk,,,PKR,monthly,,,Full Time Data Entry Job in Pakistan
9222,other,junior,Islamabad,PK,chisel_pk,,,PKR,monthly,,,Full Time Team Manager Job in Pakistan
9223,other,junior,Karachi,PK,chisel_pk,,,PKR,monthly,,,Full Time E-Commerce Digital Marketing Jobs in Pakistan
9224,other,junior,Karachi,PK,chisel_pk,,,PKR,monthly,,,Full Time Animator (Internship) Job in Pakistan
9225,other,junior,Lahore,PK,chisel_pk,,,PKR,monthly,,,Full Time Senior React And React Native Developer Jobs in Pakistan
9226,other,junior,Karachi,PK,chisel_pk,,,PKR,monthly,,,Full Time Supply Chain Manager Job in Pakistan
9227,other,junior,Lahore,PK,chisel_pk,,,PKR,monthly,,,Full Time Telesales Representative Job in Pakistan
9228,other,junior,Islamabad,PK,chisel_pk,,,PKR,monthly,,,Full Time Graphic Designer Jobs in Pakistan
9229,other,junior,Karachi,PK,chisel_pk,,,PKR,monthly,,,Full Time News Presenters For A Cloud Radio Jobs in Pakistan
9230,other,mid,Islamabad,PK,chisel_pk,,,PKR,monthly,,,Full Time Cook Job in Pakistan
9231,other,mid,Islamabad,PK,chisel_pk,,,PKR,monthly,,,Full Time Chai Maker Job in Pakistan
9232,other,mid,Islamabad,PK,chisel_pk,,,PKR,monthly,,,Full Time BBQ Chef Job in Pakistan
9233,other,junior,Islamabad,PK,chisel_pk,,,PKR,monthly,,,Full Time Waiter Job in Pakistan
9234,other,junior,Islamabad,PK,chisel_pk,,,PKR,monthly,,,Full Time Naan / Paratha Maker Job in Pakistan
9235,other,junior,Islamabad,PK,chisel_pk,,,PKR,monthly,,,Full Time Juice / Chaat Maker Job in Pakistan
9236,other,junior,Islamabad,PK,chisel_pk,,,PKR,monthly,,,Full Time SEO Expert Jobs in Pakistan
9237,other,junior,Lahore,PK,chisel_pk,,,PKR,monthly,,,Full Time Laravel Developer Job in Pakistan
9238,other,junior,Lahore,PK,chisel_pk,,,PKR,monthly,,,Full Time SEO / Digital Marketing Expert Job in Pakistan
9239,other,junior,Lahore,PK,chisel_pk,,,PKR,monthly,,,Full Time Student Counselor Job in Pakistan
9240,other,junior,Karachi,PK,chisel_pk,,,PKR,monthly,,,Full Time Receptionist Job in Pakistan
9241,other,mid,Islamabad,PK,chisel_pk,,,PKR,monthly,,,Full Time Expert Wordpress Developer Job in Pakistan
9242,other,junior,Attock,PK,chisel_pk,,,PKR,monthly,,,Full Time Wordpress Theme Customization Job in Pakistan
9243,other,junior,Karachi,PK,chisel_pk,,,PKR,monthly,,,Full Time Technical Content Writer Job in Pakistan
9244,other,junior,Karachi,PK,chisel_pk,,,PKR,monthly,,,Online Full Time Eligibility Check & Insurance Verification Jobs in Pakistan
9245,other,junior,Karachi,PK,chisel_pk,,,PKR,monthly,,,Full Time Magento Developer (Ecommerce) Job in Pakistan
9246,other,mid,Lahore,PK,chisel_pk,,,PKR,monthly,,,Full Time Personal Secretary Job in Pakistan
9247,other,junior,Karachi,PK,chisel_pk,,,PKR,monthly,,,Full Time Wordpress Developer / PHP Developer Jobs in Pakistan
9248,other,junior,Islamabad,PK,chisel_pk,,,PKR,monthly,,,Full Time Customer Sales Representative Jobs in Pakistan
9249,other,junior,Lahore,PK,chisel_pk,,,PKR,monthly,,,Full Time Business Development Representative Job in Pakistan
9250,other,junior,Islamabad,PK,chisel_pk,,,PKR,monthly,,,Full Time Senior Web / Graphic Designer Job in Pakistan
9251,other,junior,Islamabad,PK,chisel_pk,,,PKR,monthly,,,Full Time JS Developer Job in Pakistan
9252,other,junior,Islamabad,PK,chisel_pk,,,PKR,monthly,,,Full Time Telemarketing Sales Agent Jobs in Pakistan
9253,other,junior,Islamabad,PK,chisel_pk,,,PKR,monthly,,,Full Time Technical Support Engineer Jobs in Pakistan
9254,other,junior,Karachi,PK,chisel_pk,,,PKR,monthly,,,Full Time Inbound Sales Specialist Jobs in Pakistan
9255,other,junior,Faisalabad,PK,chisel_pk,,,PKR,monthly,,,Full Time Accounting / Finance Majored Writing Instructor Job in Pakistan
9256,other,junior,Lahore,PK,chisel_pk,,,PKR,monthly,,,Full Time Inbound Sales Executive Jobs in Pakistan
9257,other,junior,Islamabad,PK,chisel_pk,,,PKR,monthly,,,Full Time 3D Character Animator Jobs in Pakistan
9258,other,junior,Karachi,PK,chisel_pk,,,PKR,monthly,,,Full Time Sales Team Jobs in Pakistan
9259,other,mid,Islamabad,PK,chisel_pk,,,PKR,monthly,,,Full Time Amazon Product Launcher And Lister Job in Pakistan
9260,other,mid,Karachi,PK,chisel_pk,,,PKR,monthly,,,Full Time Autocad Draftsman Jobs in Pakistan
9261,data_scientist,unknown,Swat,PK,chisel_pk,,,PKR,monthly,,,Online Full Time Data Scientist Job in Pakistan
9262,other,junior,Lahore,PK,chisel_pk,,,PKR,monthly,,,Online Full Time Trainee Accountants Jobs in Pakistan
9263,other,mid,Sialkot,PK,chisel_pk,,,PKR,monthly,,,"Full Time Ebay / Amazon Lister, Stores Manager Job in Pakistan"
9264,other,junior,Hyderabad,PK,chisel_pk,,,PKR,monthly,,,Online Full Time IT & Network Support Engineer Job in Pakistan
9265,other,junior,Peshawar,PK,chisel_pk,,,PKR,monthly,,,Full Time Website Trainer Jobs in Pakistan
9266,other,junior,Islamabad,PK,chisel_pk,,,PKR,monthly,,,Full Time Website Designer Jobs in Pakistan
9267,other,junior,Islamabad,PK,chisel_pk,,,PKR,monthly,,,Full Time Website Developer - Laravel Jobs in Pakistan
9268,other,junior,Islamabad,PK,chisel_pk,,,PKR,monthly,,,Full Time Laravel Developer Jobs in Pakistan
9269,other,junior,Lahore,PK,chisel_pk,,,PKR,monthly,,,Full Time Wordpress And Shopify Developer Job in Pakistan
9270,other,junior,Islamabad,PK,chisel_pk,,,PKR,monthly,,,"Online Full Time ASP .Net, MVC6 Developer Job in Pakistan"
9271,other,junior,Karachi,PK,chisel_pk,,,PKR,monthly,,,Full Time Customer Support Executive Jobs in Pakistan
9272,other,junior,Lahore,PK,chisel_pk,,,PKR,monthly,,,Full Time React JS Developer Jobs in Pakistan
9273,other,junior,Islamabad,PK,chisel_pk,,,PKR,monthly,,,Full Time Customer Service Representative Jobs in Pakistan
9274,other,junior,Islamabad,PK,chisel_pk,,,PKR,monthly,,,Full Time Android Developer Jobs in Pakistan
9275,other,mid,Lahore,PK,chisel_pk,,,PKR,monthly,,,Full Time Angular JS And Node JS Developer Jobs in Pakistan
9276,other,junior,Gujranwala,PK,chisel_pk,,,PKR,monthly,,,Full Time Web And Mobile Application Developer Jobs in Pakistan
9277,other,junior,Karachi,PK,chisel_pk,,,PKR,monthly,,,Full Time .Net Developer Job in Pakistan
9278,other,junior,Rawalpindi,PK,chisel_pk,,,PKR,monthly,,,Full Time Fresh Interior Designers Job in Pakistan
9279,other,junior,Gujrat,PK,chisel_pk,,,PKR,monthly,,,Full Time Sale Officer Jobs in Pakistan
9280,other,junior,Karachi,PK,chisel_pk,,,PKR,monthly,,,Full Time Fast Food Cook Job in Pakistan
9281,other,junior,Islamabad,PK,chisel_pk,,,PKR,monthly,,,Full Time Receptionist Job in Pakistan
9282,other,junior,Lahore,PK,chisel_pk,,,PKR,monthly,,,Full Time PHP Developer Jobs in Pakistan
9283,other,junior,Sialkot,PK,chisel_pk,,,PKR,monthly,,,Full Time Accountant Assistant Jobs in Pakistan
9284,other,junior,Lahore,PK,chisel_pk,,,PKR,monthly,,,Full Time Recruitment Researcher & Data Entry Jobs in Pakistan
9285,other,junior,Lahore,PK,chisel_pk,,,PKR,monthly,,,Full Time Fork Lifter Engineer Jobs in Pakistan
9286,other,junior,Karachi,PK,chisel_pk,,,PKR,monthly,,,Full Time Web Designer Job in Pakistan
9287,other,junior,Karachi,PK,chisel_pk,,,PKR,monthly,,,Full Time Web Development For (Wordpress / PHP) Jobs in Pakistan
9288,other,junior,Karachi,PK,chisel_pk,,,PKR,monthly,,,Full Time Business Development For Fiverr Upwork PPH And Freelancer Jobs in Pakistan
9289,other,junior,Lahore,PK,chisel_pk,,,PKR,monthly,,,Full Time Customer Services Executive Jobs in Pakistan
9290,other,junior,Rawalpindi,PK,chisel_pk,,,PKR,monthly,,,Full Time Chrome Extention Developer Job in Pakistan
9291,other,junior,Karachi,PK,chisel_pk,,,PKR,monthly,,,Full Time HR & Admin Job in Pakistan
9292,other,junior,Karachi,PK,chisel_pk,,,PKR,monthly,,,Full Time Project Coordinator Job in Pakistan
9293,other,junior,Lahore,PK,chisel_pk,,,PKR,monthly,,,Full Time Business Development Manager Job in Pakistan
9294,other,mid,Lahore,PK,chisel_pk,,,PKR,monthly,,,Full Time Frontend Developer Job in Pakistan
9295,other,junior,Karachi,PK,chisel_pk,,,PKR,monthly,,,Full Time Accountant Job in Pakistan
9296,other,junior,Sialkot,PK,chisel_pk,,,PKR,monthly,,,Full Time Data Entry Operator Jobs in Pakistan
9297,other,junior,Karachi,PK,chisel_pk,,,PKR,monthly,,,Full Time E-Commerce Specialist Amazon And Ebay Jobs in Pakistan
9298,other,junior,Karachi,PK,chisel_pk,,,PKR,monthly,,,Full Time Word Press Developer / Plugin Developer Job in Pakistan
9299,other,junior,Karachi,PK,chisel_pk,,,PKR,monthly,,,Full Time Jr. Full Stack Developer Job in Pakistan
9300,other,junior,Faisalabad,PK,chisel_pk,,,PKR,monthly,,,Full Time Efficise - Home Based Job Job in Pakistan
9301,other,junior,Karachi,PK,chisel_pk,,,PKR,monthly,,,Full Time Graphic Designer / Animator Job in Pakistan
9303,other,junior,Lahore,PK,chisel_pk,,,PKR,monthly,,,Full Time Telesales Representative Jobs in Pakistan
9304,other,junior,Lahore,PK,chisel_pk,,,PKR,monthly,,,Full Time React.Js Developer Jobs in Pakistan
9305,other,mid,Lahore,PK,chisel_pk,,,PKR,monthly,,,Full Time ASP .NET MVC Developer Jobs in Pakistan
9306,other,junior,Karachi,PK,chisel_pk,,,PKR,monthly,,,Online Full Time Customer Support Executive Jobs in Pakistan
9307,other,unknown,Faisalabad,PK,chisel_pk,,,PKR,monthly,,,Full Time Article Writer Jobs in Pakistan
9308,other,junior,Faisalabad,PK,chisel_pk,,,PKR,monthly,,,Online Full Time Freelance Creative Writers With Commitment Jobs in Pakistan
9309,other,junior,Faisalabad,PK,chisel_pk,,,PKR,monthly,,,Online Full Time Home Based Freelance Creative Writers Jobs in Pakistan
9310,other,junior,Multan,PK,chisel_pk,,,PKR,monthly,,,Full Time Receptionist Required For Dental Clinic Job in Pakistan
9311,other,junior,Lahore,PK,chisel_pk,,,PKR,monthly,,,Full Time Calling Staff Jobs in Pakistan
9312,other,junior,Lahore,PK,chisel_pk,,,PKR,monthly,,,Full Time Software Quality Assurance And Testing Job in Pakistan
9313,other,junior,Karachi,PK,chisel_pk,,,PKR,monthly,,,"Full Time Web Developer (Wordpress, PHP) Job in Pakistan"
9314,other,junior,Karachi,PK,chisel_pk,,,PKR,monthly,,,Full Time Digital Marketer Job in Pakistan
9315,other,junior,Karachi,PK,chisel_pk,,,PKR,monthly,,,Full Time Office Administrator Job in Pakistan
9316,other,junior,Lahore,PK,chisel_pk,,,PKR,monthly,,,Full Time We Are Hiring Call Center Agents Jobs in Pakistan
9317,other,junior,Karachi,PK,chisel_pk,,,PKR,monthly,,,Full Time Business Development Executive - BDE Jobs in Pakistan
9318,other,junior,Sialkot,PK,chisel_pk,,,PKR,monthly,,,Full Time Wordpress Developer Jobs in Pakistan
9319,other,mid,Lahore,PK,chisel_pk,,,PKR,monthly,,,Full Time Janitorial / Housekeeping Manager Job in Pakistan
9320,other,junior,Islamabad,PK,chisel_pk,,,PKR,monthly,,,Full Time Government Liaison Officer Job in Pakistan
9321,other,junior,Karachi,PK,chisel_pk,,,PKR,monthly,,,Full Time Digital Tablet Sketcher Job in Pakistan
9322,other,junior,Karachi,PK,chisel_pk,,,PKR,monthly,,,Full Time Business Development Executive (BDE) - AFRICA Jobs in Pakistan
9323,other,junior,Mardan,PK,chisel_pk,,,PKR,monthly,,,Full Time Web Developer Jobs in Pakistan
9324,other,junior,Multan,PK,chisel_pk,,,PKR,monthly,,,Full Time Unity 3D Game Developer Job in Pakistan
9325,other,junior,Lahore,PK,chisel_pk,,,PKR,monthly,,,Online Full Time Customer Service Representative Jobs in Pakistan
9326,other,junior,Lahore,PK,chisel_pk,,,PKR,monthly,,,Full Time Telesales Executive Jobs in Pakistan
9327,other,junior,Islamabad,PK,chisel_pk,,,PKR,monthly,,,"Full Time Wordpress, Laravel Developer Jobs in Pakistan"
9328,other,junior,Lahore,PK,chisel_pk,,,PKR,monthly,,,Full Time Data Input Officer Job in Pakistan
9329,other,mid,Karachi,PK,chisel_pk,,,PKR,monthly,,,Full Time Fullstack Developer Job in Pakistan
9330,other,junior,Karachi,PK,chisel_pk,,,PKR,monthly,,,Full Time Design Unit Lead Jobs in Pakistan
9331,other,junior,Karachi,PK,chisel_pk,,,PKR,monthly,,,Full Time International Business Development Executive Jobs in Pakistan
9332,other,junior,Lahore,PK,chisel_pk,,,PKR,monthly,,,Full Time Autocad Draftsman Job in Pakistan
9333,other,junior,Karachi,PK,chisel_pk,,,PKR,monthly,,,Full Time Customer Support Representative Job in Pakistan
9334,other,junior,Lahore,PK,chisel_pk,,,PKR,monthly,,,Full Time IOS Developer Required 2+ Years Experience Job in Pakistan
9335,other,mid,Karachi,PK,chisel_pk,,,PKR,monthly,,,Full Time Marketing Executive Jobs in Pakistan
9336,other,junior,Karachi,PK,chisel_pk,,,PKR,monthly,,,Full Time Sales Executive Jobs in Pakistan
9337,other,junior,Islamabad,PK,chisel_pk,,,PKR,monthly,,,"Full Time Junior / Senior Fullstack Web Developer - PHP Laravel, Vuejs Jobs in Pakistan"
9338,other,junior,Karachi,PK,chisel_pk,,,PKR,monthly,,,Full Time Graphic Designer / Technical Support Job in Pakistan
9339,other,junior,Khanewal,PK,chisel_pk,,,PKR,monthly,,,Full Time PHP Web Developers Jobs in Pakistan
9340,other,junior,Karachi,PK,chisel_pk,,,PKR,monthly,,,Full Time Junior SEO Specialist Or Intern Jobs in Pakistan
9341,other,junior,Lahore,PK,chisel_pk,,,PKR,monthly,,,Full Time MEAN Stack Developer Job in Pakistan
9342,other,junior,Lahore,PK,chisel_pk,,,PKR,monthly,,,Full Time MERN Stack Developer Jobs in Pakistan
9343,other,junior,Lahore,PK,chisel_pk,,,PKR,monthly,,,Full Time PHP / Wordpress Developer Jobs in Pakistan
9344,other,junior,Lahore,PK,chisel_pk,,,PKR,monthly,,,Full Time Assistant Internal Audit Manager Jobs in Pakistan
9345,other,junior,Islamabad,PK,chisel_pk,,,PKR,monthly,,,Full Time Unity Game Developer Jobs in Pakistan
9346,other,junior,Islamabad,PK,chisel_pk,,,PKR,monthly,,,Full Time Internship Quality Assurance (Game QA) Job in Pakistan
9347,other,junior,Islamabad,PK,chisel_pk,,,PKR,monthly,,,Full Time 3D Modeler Jobs in Pakistan
9348,other,junior,Islamabad,PK,chisel_pk,,,PKR,monthly,,,Full Time Unity 3D Developer Jobs in Pakistan
9349,other,mid,Karachi,PK,chisel_pk,,,PKR,monthly,,,Full Time Graphic Designer Job in Pakistan
9350,other,junior,Islamabad,PK,chisel_pk,,,PKR,monthly,,,Full Time CSR Jobs in Pakistan
9351,other,junior,Lahore,PK,chisel_pk,,,PKR,monthly,,,Full Time Office Administrator Job in Pakistan
9352,other,junior,Lahore,PK,chisel_pk,,,PKR,monthly,,,Full Time Financial Sales Advisor Jobs in Pakistan
9353,other,junior,Lahore,PK,chisel_pk,,,PKR,monthly,,,Full Time Sales & Marketing Executives Jobs in Pakistan
9354,other,junior,Lahore,PK,chisel_pk,,,PKR,monthly,,,Full Time CSR Jobs in Pakistan
9355,other,junior,Lahore,PK,chisel_pk,,,PKR,monthly,,,Full Time Business Development Officer Jobs in Pakistan
9356,other,junior,Lahore,PK,chisel_pk,,,PKR,monthly,,,Full Time Marketing Executive Job in Pakistan
9357,other,junior,Lahore,PK,chisel_pk,,,PKR,monthly,,,Full Time Sales & Marketing Executive Jobs in Pakistan
9358,other,junior,Karachi,PK,chisel_pk,,,PKR,monthly,,,Full Time Compliance Officer Job in Pakistan
9359,other,junior,Lahore,PK,chisel_pk,,,PKR,monthly,,,Full Time Sales Executive Jobs in Pakistan
9360,other,junior,Karachi,PK,chisel_pk,,,PKR,monthly,,,Full Time Sales Booker Jobs in Pakistan
9361,other,senior,Islamabad,PK,chisel_pk,,,PKR,monthly,,,Full Time Assistant Manager Production Job in Pakistan
9362,other,junior,Islamabad,PK,chisel_pk,,,PKR,monthly,,,Full Time Data Collection Assistant Jobs in Pakistan
9363,other,junior,Islamabad,PK,chisel_pk,,,PKR,monthly,,,Full Time Electrical Supervisor - Islamabad Job in Pakistan
9364,other,junior,Lahore,PK,chisel_pk,,,PKR,monthly,,,Full Time Associate Software Engineer Jobs in Pakistan
9365,other,junior,Islamabad,PK,chisel_pk,,,PKR,monthly,,,Full Time Software Engineer ASP .NET Job in Pakistan
9366,other,junior,Karachi,PK,chisel_pk,,,PKR,monthly,,,Full Time Jr Front End Developer Job in Pakistan
9367,other,junior,Lahore,PK,chisel_pk,,,PKR,monthly,,,Online Full Time Sindhi Transcriptionist Job in Pakistan
9368,other,mid,Karachi,PK,chisel_pk,,,PKR,monthly,,,Full Time UI / UX Designer Job in Pakistan
9369,other,junior,Karachi,PK,chisel_pk,,,PKR,monthly,,,Full Time Data Entry Job in Pakistan
9370,other,junior,Karachi,PK,chisel_pk,,,PKR,monthly,,,Full Time Wordpress / Plugin Developer Job in Pakistan
9371,other,junior,Karachi,PK,chisel_pk,,,PKR,monthly,,,Full Time Jr. PHP Engineer (Lamp Stack) Job in Pakistan
9372,other,junior,Islamabad,PK,chisel_pk,,,PKR,monthly,,,Full Time PHP / Wordpress Developer Jobs in Pakistan
9373,other,junior,Karachi,PK,chisel_pk,,,PKR,monthly,,,Full Time Customer Service / Administrative Agent Job in Pakistan
9374,other,junior,Islamabad,PK,chisel_pk,,,PKR,monthly,,,Full Time Software Developer Javascript / React.Js Job in Pakistan
9375,other,junior,Karachi,PK,chisel_pk,,,PKR,monthly,,,Full Time Jr. Electrical Engineer Job in Pakistan
9376,other,mid,Islamabad,PK,chisel_pk,,,PKR,monthly,,,Full Time C++ Software Developer Jobs in Pakistan
9377,other,junior,Islamabad,PK,chisel_pk,,,PKR,monthly,,,Full Time Draftsman Autodesk Revit Job in Pakistan
9378,other,junior,Lahore,PK,chisel_pk,,,PKR,monthly,,,Online Full Time Call Center Agent Jobs in Pakistan
9379,other,junior,Islamabad,PK,chisel_pk,,,PKR,monthly,,,Full Time Laravel Developer Jobs in Pakistan
9380,other,junior,Islamabad,PK,chisel_pk,,,PKR,monthly,,,Full Time SAP Data Entry Operators Jobs in Pakistan
9381,other,mid,Islamabad,PK,chisel_pk,,,PKR,monthly,,,Full Time Teacher Job in Pakistan
9382,other,junior,Islamabad,PK,chisel_pk,,,PKR,monthly,,,Full Time Audiologist Job in Pakistan
9383,other,mid,Islamabad,PK,chisel_pk,,,PKR,monthly,,,Full Time Software Developer Job in Pakistan
9384,other,mid,Karachi,PK,chisel_pk,,,PKR,monthly,,,Full Time Associate & Assistant Manager Business Development Jobs in Pakistan
9385,other,junior,Islamabad,PK,chisel_pk,,,PKR,monthly,,,Full Time Graphic Designer / Video Editor Job in Pakistan
9386,other,junior,Islamabad,PK,chisel_pk,,,PKR,monthly,,,Full Time Service Officer - Rawalpindi Job in Pakistan
9387,other,junior,Islamabad,PK,chisel_pk,,,PKR,monthly,,,Online Full Time Digital Marketing Executive Jobs in Pakistan
9388,other,mid,Faisalabad,PK,chisel_pk,,,PKR,monthly,,,Online Full Time Full Stack PHP Developer / Wordpress Developer Job in Pakistan
9389,other,junior,Lahore,PK,chisel_pk,,,PKR,monthly,,,Full Time Business Development Manager Job in Pakistan
9390,other,junior,Lahore,PK,chisel_pk,,,PKR,monthly,,,Full Time Wordpress Developer Job in Pakistan
9391,other,junior,Islamabad,PK,chisel_pk,,,PKR,monthly,,,Full Time Customer Sales Specialist Jobs in Pakistan
9392,other,junior,Islamabad,PK,chisel_pk,,,PKR,monthly,,,Full Time Android Developer / Mobile App Developer Jobs in Pakistan
9393,other,junior,Islamabad,PK,chisel_pk,,,PKR,monthly,,,Full Time Graphic Designer And Video Editor Job in Pakistan
9394,other,mid,Lahore,PK,chisel_pk,,,PKR,monthly,,,Full Time Graphic Designer Job in Pakistan
9395,other,junior,Jhang,PK,chisel_pk,,,PKR,monthly,,,Full Time Takaful Consultant / Unit Manager Jobs in Pakistan
9396,other,junior,Lahore,PK,chisel_pk,,,PKR,monthly,,,Full Time Takaful Unit Manager Jobs in Pakistan
9397,other,junior,Islamabad,PK,chisel_pk,,,PKR,monthly,,,Full Time Business Developer Jobs in Pakistan
9398,other,junior,Karachi,PK,chisel_pk,,,PKR,monthly,,,Full Time International Sales Representative Job in Pakistan
9399,other,junior,Lahore,PK,chisel_pk,,,PKR,monthly,,,Full Time Computer Operator & Accounts Assistant Job in Pakistan
9400,other,junior,Lahore,PK,chisel_pk,,,PKR,monthly,,,Full Time Order Booker Jobs in Pakistan
9401,other,junior,Karachi,PK,chisel_pk,,,PKR,monthly,,,Full Time Telesales Executive / Representative Jobs in Pakistan
9402,other,junior,Islamabad,PK,chisel_pk,,,PKR,monthly,,,Full Time Android Developer Job in Pakistan
9403,other,junior,Islamabad,PK,chisel_pk,,,PKR,monthly,,,Full Time Microsoft Dynamics AX / D365FO Techno-Functional Consultant Job in Pakistan
9404,other,junior,Rawalpindi,PK,chisel_pk,,,PKR,monthly,,,Full Time Software Developer/ D365 Developer /.Net Job in Pakistan
9405,other,junior,Lahore,PK,chisel_pk,,,PKR,monthly,,,Full Time Full Stack Wordpress Developer Jobs in Pakistan
9406,other,junior,Islamabad,PK,chisel_pk,,,PKR,monthly,,,Full Time Ios Developer Jobs in Pakistan
9407,other,junior,Lahore,PK,chisel_pk,,,PKR,monthly,,,Full Time Data Entry For Online Store Job in Pakistan
9408,other,junior,Islamabad,PK,chisel_pk,,,PKR,monthly,,,Full Time Call Center Agent (Avatar) Jobs in Pakistan
9409,other,junior,Islamabad,PK,chisel_pk,,,PKR,monthly,,,Full Time Quran Tutor Jobs in Pakistan
9410,other,junior,Sialkot,PK,chisel_pk,,,PKR,monthly,,,Full Time Front-End Developer Jobs in Pakistan
9411,other,junior,Karachi,PK,chisel_pk,,,PKR,monthly,,,Full Time Angularjs Developer Job in Pakistan
9412,other,junior,Lahore,PK,chisel_pk,,,PKR,monthly,,,Full Time Marketing Assistant Job in Pakistan
9413,other,junior,Islamabad,PK,chisel_pk,,,PKR,monthly,,,Full Time Sr. Web Developer (PHP) Jobs in Pakistan
9414,other,junior,Islamabad,PK,chisel_pk,,,PKR,monthly,,,Full Time Sales Representative Officer Jobs in Pakistan
9415,other,junior,Ahmadpur East,PK,chisel_pk,,,PKR,monthly,,,Online Full Time Sr. Php Developer Job in Pakistan
9416,other,junior,Lahore,PK,chisel_pk,,,PKR,monthly,,,Full Time Laravel Developer Jobs in Pakistan
9417,other,junior,Islamabad,PK,chisel_pk,,,PKR,monthly,,,Full Time Online Bidding Expert Job in Pakistan
9418,other,junior,Islamabad,PK,chisel_pk,,,PKR,monthly,,,Full Time ASP .NET MVC / Angular Developer Jobs in Pakistan
9419,other,junior,Islamabad,PK,chisel_pk,,,PKR,monthly,,,Full Time Java Developer Jobs in Pakistan
9420,other,junior,Islamabad,PK,chisel_pk,,,PKR,monthly,,,Full Time Graphics And Web Developer Job in Pakistan
9421,other,junior,Islamabad,PK,chisel_pk,,,PKR,monthly,,,Full Time Mean Stack Developer Jobs in Pakistan
9422,other,junior,Islamabad,PK,chisel_pk,,,PKR,monthly,,,Full Time Full Stack Dot Net Developer Jobs in Pakistan
9423,other,junior,Lahore,PK,chisel_pk,,,PKR,monthly,,,Full Time Junior Laravel Developer Jobs in Pakistan
9424,other,junior,Lahore,PK,chisel_pk,,,PKR,monthly,,,Full Time Front Desk Officer Jobs in Pakistan
9425,other,mid,Lahore,PK,chisel_pk,,,PKR,monthly,,,Full Time Manager Accounts And Finance Job in Pakistan
9426,other,unknown,Lahore,PK,chisel_pk,,,PKR,monthly,,,Full Time Customer Relation Officer Jobs in Pakistan
9427,other,unknown,Lahore,PK,chisel_pk,,,PKR,monthly,,,Full Time Call Center Agent Jobs in Pakistan
9428,other,junior,Islamabad,PK,chisel_pk,,,PKR,monthly,,,Full Time Computer Operator And Marketing Personnel Job in Pakistan
9429,other,junior,Lahore,PK,chisel_pk,,,PKR,monthly,,,Full Time HR Officer Job in Pakistan
9430,other,junior,Islamabad,PK,chisel_pk,,,PKR,monthly,,,Online Full Time Technical Support Supervisor - Urdu Jobs in Pakistan
9431,other,junior,Lahore,PK,chisel_pk,,,PKR,monthly,,,Full Time Wordpress Developer (Front-End Expert) Jobs in Pakistan
9432,other,mid,Abbottabad,PK,chisel_pk,,,PKR,monthly,,,Full Time Node.Js Developer Jobs in Pakistan
9433,other,junior,Kharian,PK,chisel_pk,,,PKR,monthly,,,Full Time Digital Marketing Sale Executive Job in Pakistan
9434,other,junior,Islamabad,PK,chisel_pk,,,PKR,monthly,,,Full Time Data Verification Officer (DVO) Jobs in Pakistan
9435,other,mid,Islamabad,PK,chisel_pk,,,PKR,monthly,,,Full Time Senior Backend Developer (Laravel) Job in Pakistan
9436,other,mid,Islamabad,PK,chisel_pk,,,PKR,monthly,,,Full Time Senior Frontend Developer (Angular) Job in Pakistan
9437,other,mid,Islamabad,PK,chisel_pk,,,PKR,monthly,,,Full Time Senior Software Engineer Jobs in Pakistan
9438,other,junior,Karachi,PK,chisel_pk,,,PKR,monthly,,,Full Time International Call Center Executives Job in Pakistan
9439,other,junior,Lahore,PK,chisel_pk,,,PKR,monthly,,,Full Time Auditor Job in Pakistan
9440,other,junior,Islamabad,PK,chisel_pk,,,PKR,monthly,,,Online Full Time Telesales Executive-Female (Work From Home) Jobs in Pakistan
9441,other,junior,Lahore,PK,chisel_pk,,,PKR,monthly,,,Full Time Unity 3D Game Developer Job in Pakistan
9442,other,unknown,Karachi,PK,chisel_pk,,,PKR,monthly,,,Full Time Call Center Representative Jobs in Pakistan
9443,other,junior,Lahore,PK,chisel_pk,,,PKR,monthly,,,Full Time Search Engine Optimizer Jobs in Pakistan
9444,other,junior,Lahore,PK,chisel_pk,,,PKR,monthly,,,Full Time CRO - Customer Relationship Officer Jobs in Pakistan
9445,other,senior,Islamabad,PK,chisel_pk,,,PKR,monthly,,,Full Time DAE + RAE Refrigeration And Air Conditioning Technician Required Jobs in Pakistan
9446,other,junior,Karachi,PK,chisel_pk,,,PKR,monthly,,,Full Time Customer Service Representative Jobs in Pakistan
9447,other,junior,Lahore,PK,chisel_pk,,,PKR,monthly,,,Full Time Junior Web Developer Jobs in Pakistan
9448,other,junior,Lahore,PK,chisel_pk,,,PKR,monthly,,,Full Time Sr Frontend Developer Job in Pakistan
9449,other,mid,Islamabad,PK,chisel_pk,,,PKR,monthly,,,Full Time 4 Years Experience 8 Technicians Required In Islamabad. Jobs in Pakistan
9450,other,junior,Karachi,PK,chisel_pk,,,PKR,monthly,,,Full Time Call Center Agent Job in Pakistan
9451,other,junior,Islamabad,PK,chisel_pk,,,PKR,monthly,,,Full Time PHP Web Developer Jobs in Pakistan
9452,other,junior,Karachi,PK,chisel_pk,,,PKR,monthly,,,Full Time Sales And Marketing Executive Jobs in Pakistan
9453,other,junior,Lahore,PK,chisel_pk,,,PKR,monthly,,,Full Time SEO Link Building Expert Jobs in Pakistan
9454,other,junior,Lahore,PK,chisel_pk,,,PKR,monthly,,,Online Full Time React Native Fresh Graduate - Remotely 8 Hours Job Jobs in Pakistan
9455,other,junior,Lahore,PK,chisel_pk,,,PKR,monthly,,,Full Time Front Desk / Admin Assistant Job in Pakistan
9456,other,junior,Karachi,PK,chisel_pk,,,PKR,monthly,,,Full Time Senior Wordpress Developer (Full Stack) Jobs in Pakistan
9457,other,junior,Karachi,PK,chisel_pk,,,PKR,monthly,,,Full Time Call Center Agents Jobs in Pakistan
9458,other,junior,Karachi,PK,chisel_pk,,,PKR,monthly,,,Full Time Tele-Sales Officer Jobs in Pakistan
9459,other,mid,Karachi,PK,chisel_pk,,,PKR,monthly,,,Full Time Turner Job in Pakistan
9460,other,mid,Karachi,PK,chisel_pk,,,PKR,monthly,,,Full Time Electrician Job in Pakistan
9461,other,junior,Lahore,PK,chisel_pk,,,PKR,monthly,,,Full Time Data Entry Operator Jobs in Pakistan
9462,other,junior,Karachi,PK,chisel_pk,,,PKR,monthly,,,Full Time Senior Php / Wordpress Developer Job in Pakistan
9463,other,junior,Islamabad,PK,chisel_pk,,,PKR,monthly,,,Full Time CSR / Customer Sales Representative / Contact Sales Representative Jobs in Pakistan
9464,other,junior,Islamabad,PK,chisel_pk,,,PKR,monthly,,,Full Time International Customer Sales Representatives And Closers Jobs in Pakistan
9465,other,mid,Karachi,PK,chisel_pk,,,PKR,monthly,,,Full Time Flutter Developer Job in Pakistan
9466,other,mid,Karachi,PK,chisel_pk,,,PKR,monthly,,,Full Time Social Media Executive Job in Pakistan
9467,other,mid,Karachi,PK,chisel_pk,,,PKR,monthly,,,Full Time Devops Engineer Job in Pakistan
9468,other,mid,Karachi,PK,chisel_pk,,,PKR,monthly,,,Full Time Digital Marketing & SEO Specialist Job in Pakistan
9469,other,mid,Karachi,PK,chisel_pk,,,PKR,monthly,,,Full Time UI / UX Designer Job in Pakistan
9470,other,mid,Karachi,PK,chisel_pk,,,PKR,monthly,,,Full Time Back End Developer Job in Pakistan
9471,other,mid,Karachi,PK,chisel_pk,,,PKR,monthly,,,Full Time React JS Developer Job in Pakistan
9472,other,mid,Karachi,PK,chisel_pk,,,PKR,monthly,,,Full Time React Native Developer Job in Pakistan
9473,other,junior,Karachi,PK,chisel_pk,,,PKR,monthly,,,Full Time Accountant Jobs in Pakistan
9474,other,junior,Islamabad,PK,chisel_pk,,,PKR,monthly,,,Full Time Customer Service Officer Jobs in Pakistan
9475,other,junior,Karachi,PK,chisel_pk,,,PKR,monthly,,,Full Time Office Incharge Job in Pakistan
9476,other,junior,Islamabad,PK,chisel_pk,,,PKR,monthly,,,Full Time Sales Executive Jobs in Pakistan
9477,other,junior,Lahore,PK,chisel_pk,,,PKR,monthly,,,Full Time Php Web Developer Jobs in Pakistan
9478,other,mid,Karachi,PK,chisel_pk,,,PKR,monthly,,,Full Time Sr. Software Engineers Job in Pakistan
9479,other,junior,Karachi,PK,chisel_pk,,,PKR,monthly,,,Full Time Solar Energy Technician Job in Pakistan
9480,other,junior,Sialkot,PK,chisel_pk,,,PKR,monthly,,,Full Time Cargo Marketing Officer Jobs in Pakistan
9481,other,junior,Karachi,PK,chisel_pk,,,PKR,monthly,,,Full Time Rider For Office Jobs in Pakistan
9482,other,junior,Karachi,PK,chisel_pk,,,PKR,monthly,,,Full Time SEO Content Writer Jobs in Pakistan
9483,other,mid,Karachi,PK,chisel_pk,,,PKR,monthly,,,Full Time Senior SEO Expert Jobs in Pakistan
9484,other,junior,Karachi,PK,chisel_pk,,,PKR,monthly,,,Full Time Junior SEO Specialist Jobs in Pakistan
9485,other,junior,Karachi,PK,chisel_pk,,,PKR,monthly,,,Full Time Graphic / Web Designer Job in Pakistan
9486,other,mid,Rawalpindi,PK,chisel_pk,,,PKR,monthly,,,Full Time Graphic Designer Job in Pakistan
9487,other,junior,Islamabad,PK,chisel_pk,,,PKR,monthly,,,Full Time Graphic Designer Jobs in Pakistan
9488,other,junior,Islamabad,PK,chisel_pk,,,PKR,monthly,,,Full Time Sales Representative Jobs in Pakistan
9489,other,junior,Lahore,PK,chisel_pk,,,PKR,monthly,,,Full Time Quality Assurance Analyst (Call Center) Job in Pakistan
9490,other,junior,Lahore,PK,chisel_pk,,,PKR,monthly,,,Full Time Call Center Sales Representative Jobs in Pakistan
9491,other,unknown,Lahore,PK,chisel_pk,,,PKR,monthly,,,Full Time Call Center Agent Jobs in Pakistan
9492,other,junior,Islamabad,PK,chisel_pk,,,PKR,monthly,,,Full Time Customer Sales Representative Jobs in Pakistan
9493,other,mid,Lahore,PK,chisel_pk,,,PKR,monthly,,,Full Time Project Manager Job in Pakistan
9494,other,junior,Islamabad,PK,chisel_pk,,,PKR,monthly,,,Full Time Graphic Designer Jobs in Pakistan
9495,other,junior,Lahore,PK,chisel_pk,,,PKR,monthly,,,Full Time Sales Agent Jobs in Pakistan
9496,other,mid,Karachi,PK,chisel_pk,,,PKR,monthly,,,Full Time Teacher For English Grade VI-VIII Job in Pakistan
9497,other,junior,Sialkot,PK,chisel_pk,,,PKR,monthly,,,Full Time Purchaser Assistant Jobs in Pakistan
9498,other,junior,Karachi,PK,chisel_pk,,,PKR,monthly,,,Full Time SEO Executive Job in Pakistan
9499,other,junior,Islamabad,PK,chisel_pk,,,PKR,monthly,,,Full Time Web Developer(PHP Backend) Jobs in Pakistan
9500,other,junior,Lahore,PK,chisel_pk,,,PKR,monthly,,,Full Time Android Developer Job in Pakistan
9501,other,junior,Multan,PK,chisel_pk,,,PKR,monthly,,,Full Time Wordpress Developer Job in Pakistan
9502,other,junior,Multan,PK,chisel_pk,,,PKR,monthly,,,Full Time Full Stack Web Developer Job in Pakistan
9503,other,mid,Multan,PK,chisel_pk,,,PKR,monthly,,,Full Time Graphic Designer Job in Pakistan
9504,other,junior,Lahore,PK,chisel_pk,,,PKR,monthly,,,Full Time PHP / Laravel Developer Jobs in Pakistan
9505,other,junior,Multan,PK,chisel_pk,,,PKR,monthly,,,Full Time Unity3d Game Developer Job in Pakistan
9506,other,junior,Multan,PK,chisel_pk,,,PKR,monthly,,,Full Time IT Staff Jobs in Pakistan
9507,other,junior,Karachi,PK,chisel_pk,,,PKR,monthly,,,Full Time Lead Generation Executive Jobs in Pakistan
9508,other,mid,Islamabad,PK,chisel_pk,,,PKR,monthly,,,Full Time Sr Front End Developer / React / Angular Jobs in Pakistan
9509,other,junior,Karachi,PK,chisel_pk,,,PKR,monthly,,,Full Time BDE - Business Development Executive Jobs in Pakistan
9510,other,junior,Lahore,PK,chisel_pk,,,PKR,monthly,,,Full Time Customer Support Assistant Job in Pakistan
9511,other,junior,Lahore,PK,chisel_pk,,,PKR,monthly,,,Full Time Travel Agent For UK Based Company Job in Pakistan
9512,other,junior,Lahore,PK,chisel_pk,,,PKR,monthly,,,Full Time Call Center Agents For Bell Canada Jobs in Pakistan
9513,other,junior,Lahore,PK,chisel_pk,,,PKR,monthly,,,Full Time Customer Support Manager For UK Based Client Jobs in Pakistan
9514,other,junior,Lahore,PK,chisel_pk,,,PKR,monthly,,,Online Full Time Relationship Builder - Written English Skills Job in Pakistan
9515,other,junior,Karachi,PK,chisel_pk,,,PKR,monthly,,,Full Time Digital Marketing Interns Job in Pakistan
9516,other,junior,Karachi,PK,chisel_pk,,,PKR,monthly,,,Full Time Veterinary Receptionist Job in Pakistan
9517,other,junior,Karachi,PK,chisel_pk,,,PKR,monthly,,,Full Time Veterinary Physician Job in Pakistan
9518,other,junior,Karachi,PK,chisel_pk,,,PKR,monthly,,,Full Time Sr. Veterinary Surgeon Job in Pakistan
9519,other,junior,Karachi,PK,chisel_pk,,,PKR,monthly,,,Full Time Veterinary Staff Jobs in Pakistan
9520,other,junior,Islamabad,PK,chisel_pk,,,PKR,monthly,,,Online Full Time Office Assistant Jobs in Pakistan
9521,other,junior,Islamabad,PK,chisel_pk,,,PKR,monthly,,,Full Time Social Media Marketing And Telemarketing Executive Jobs in Pakistan
9522,other,junior,Islamabad,PK,chisel_pk,,,PKR,monthly,,,Full Time Accountant (Computerized) Job in Pakistan
9523,other,junior,Islamabad,PK,chisel_pk,,,PKR,monthly,,,Full Time Sales Associate Jobs in Pakistan
9524,other,junior,Islamabad,PK,chisel_pk,,,PKR,monthly,,,Full Time Sales Executive Jobs in Pakistan
9525,other,mid,Lahore,PK,chisel_pk,,,PKR,monthly,,,Full Time Senior Frontend Developer Jobs in Pakistan
9526,other,junior,Lahore,PK,chisel_pk,,,PKR,monthly,,,Full Time UI Graphic Designer Jobs in Pakistan
9527,other,mid,Abbottabad,PK,chisel_pk,,,PKR,monthly,,,Full Time Senior Angular Frontend Developer Jobs in Pakistan
9528,other,junior,Faisalabad,PK,chisel_pk,,,PKR,monthly,,,Online Full Time Digital Marketing Expert Job in Pakistan
9529,other,junior,Islamabad,PK,chisel_pk,,,PKR,monthly,,,Full Time UX / UI Designer Job in Pakistan
9530,other,junior,Karachi,PK,chisel_pk,,,PKR,monthly,,,Full Time Accountant Job in Pakistan
9531,other,junior,Islamabad,PK,chisel_pk,,,PKR,monthly,,,Online Full Time CSR Customer Sales Representative Jobs in Pakistan
9532,other,junior,Lahore,PK,chisel_pk,,,PKR,monthly,,,Full Time Call Center Agents Job in Pakistan
9533,other,junior,Lahore,PK,chisel_pk,,,PKR,monthly,,,Full Time Receptionist Job in Pakistan
9534,other,junior,Karachi,PK,chisel_pk,,,PKR,monthly,,,"Full Time Customer Service Representative - USA - Fluent English Needed - No Sales, No Target, Fixed Salary Jobs in Pakistan"
9535,other,junior,Multan,PK,chisel_pk,,,PKR,monthly,,,Full Time Laravel Developer Job in Pakistan
9536,other,junior,Karachi,PK,chisel_pk,,,PKR,monthly,,,Full Time Full-Time Junior Wordpress Plugin Developer Job in Pakistan
9537,other,junior,Islamabad,PK,chisel_pk,,,PKR,monthly,,,Full Time Application Developer Jobs in Pakistan
9538,other,mid,Lahore,PK,chisel_pk,,,PKR,monthly,,,Full Time Ruby On Rails Job in Pakistan
9539,other,junior,Islamabad,PK,chisel_pk,,,PKR,monthly,,,Full Time IT Support Engineer Jobs in Pakistan
9540,other,mid,Karachi,PK,chisel_pk,,,PKR,monthly,,,Full Time Office Boy Job in Pakistan
9541,other,junior,Islamabad,PK,chisel_pk,,,PKR,monthly,,,Full Time IT Teacher Job in Pakistan
9542,other,mid,Islamabad,PK,chisel_pk,,,PKR,monthly,,,Online Full Time Unity Developer - Remote Job in Pakistan
9543,statistician,mid,Lahore,PK,chisel_pk,,,PKR,monthly,,,Full Time Bio-Statistician Job in Pakistan
9544,other,junior,Islamabad,PK,chisel_pk,,,PKR,monthly,,,Full Time Business Development Executive Jobs in Pakistan
9545,other,mid,Karachi,PK,chisel_pk,,,PKR,monthly,,,Full Time Office Assistant (Karachi Based) Job in Pakistan
9546,other,junior,Lahore,PK,chisel_pk,,,PKR,monthly,,,Full Time Sales Executive Jobs in Pakistan
9547,other,junior,Swat,PK,chisel_pk,,,PKR,monthly,,,Full Time Senior Web Developer Jobs in Pakistan
9548,other,junior,Islamabad,PK,chisel_pk,,,PKR,monthly,,,Full Time Financial Consultant / MTO / HR Assistant Jobs in Pakistan
9549,other,junior,Islamabad,PK,chisel_pk,,,PKR,monthly,,,Full Time Php And Wordpress Developer Job in Pakistan
9550,other,junior,Lahore,PK,chisel_pk,,,PKR,monthly,,,Full Time Wordpress Developer Jobs in Pakistan
9551,other,junior,Islamabad,PK,chisel_pk,,,PKR,monthly,,,Full Time Frontend Website Developer Job in Pakistan
9552,other,junior,Karachi,PK,chisel_pk,,,PKR,monthly,,,Full Time Front End Developer Job in Pakistan
9553,other,junior,Islamabad,PK,chisel_pk,,,PKR,monthly,,,Full Time Internship Unity Game Development Jobs in Pakistan
9554,other,junior,Lahore,PK,chisel_pk,,,PKR,monthly,,,Full Time Clinic Administrative Assistant Job in Pakistan
9555,other,junior,Mailsi,PK,chisel_pk,,,PKR,monthly,,,Full Time Teaching Staff Jobs in Pakistan
9556,other,junior,Lahore,PK,chisel_pk,,,PKR,monthly,,,Full Time IT Admin Job in Pakistan
9557,other,mid,Lahore,PK,chisel_pk,,,PKR,monthly,,,Full Time Senior PHP / Laravel Developer Jobs in Pakistan
9558,other,mid,Lahore,PK,chisel_pk,,,PKR,monthly,,,Full Time React JS Developer Job in Pakistan
9559,other,junior,Islamabad,PK,chisel_pk,,,PKR,monthly,,,Full Time Accountant (Computerize Accounting Expert ) Job in Pakistan
9560,other,junior,Lahore,PK,chisel_pk,,,PKR,monthly,,,Full Time Sales Executive Jobs in Pakistan
9561,other,junior,Lahore,PK,chisel_pk,,,PKR,monthly,,,Full Time Client Executive Jobs in Pakistan
9562,other,junior,Islamabad,PK,chisel_pk,,,PKR,monthly,,,Full Time Sr. Android Developer Job in Pakistan
9563,other,junior,Lahore,PK,chisel_pk,,,PKR,monthly,,,Full Time Recruitment Researcher & Data Entry Operator (Trainee & Experienced) Jobs in Pakistan
9564,other,junior,Islamabad,PK,chisel_pk,,,PKR,monthly,,,Full Time Graphics Designer / Game Artist Jobs in Pakistan
9565,other,junior,Karachi,PK,chisel_pk,,,PKR,monthly,,,Full Time Personal Assistant Job in Pakistan
9566,other,junior,Lahore,PK,chisel_pk,,,PKR,monthly,,,Full Time Affiliate Marketing Internship Job in Pakistan
9567,other,junior,Lahore,PK,chisel_pk,,,PKR,monthly,,,Full Time Social Media Marketing Internship Job in Pakistan
9568,other,junior,Lahore,PK,chisel_pk,,,PKR,monthly,,,Full Time GMB Optimization Internship Job in Pakistan
9569,other,junior,Lahore,PK,chisel_pk,,,PKR,monthly,,,Full Time SEO Internship Job in Pakistan
9570,other,junior,Lahore,PK,chisel_pk,,,PKR,monthly,,,Full Time Wordpress Internship Job in Pakistan
9571,other,junior,Lahore,PK,chisel_pk,,,PKR,monthly,,,Full Time Winter Internship Jobs in Pakistan
9572,other,junior,Faisalabad,PK,chisel_pk,,,PKR,monthly,,,Full Time Sales And Marketing Executive Jobs in Pakistan
9573,other,junior,Sialkot,PK,chisel_pk,,,PKR,monthly,,,Full Time HR Assistant Jobs in Pakistan
9574,other,junior,Lahore,PK,chisel_pk,,,PKR,monthly,,,Full Time Customer Care & Training Executive Job in Pakistan
9575,other,junior,Lahore,PK,chisel_pk,,,PKR,monthly,,,Full Time Online Quran Tutor Job in Pakistan
9576,other,junior,Karachi,PK,chisel_pk,,,PKR,monthly,,,Full Time PHP Developer Job in Pakistan
9577,other,junior,Karachi,PK,chisel_pk,,,PKR,monthly,,,Full Time Graphic Illustrator Job in Pakistan
9578,other,junior,Karachi,PK,chisel_pk,,,PKR,monthly,,,Full Time Editorial Assistant Job in Pakistan
9579,other,junior,Lahore,PK,chisel_pk,,,PKR,monthly,,,Full Time Manager Apparel Job in Pakistan
9580,other,junior,Lahore,PK,chisel_pk,,,PKR,monthly,,,Online Full Time Social Media Manager Job in Pakistan
9581,other,junior,Karachi,PK,chisel_pk,,,PKR,monthly,,,Full Time Graphic Designer / Motion Designer Jobs in Pakistan
9582,other,junior,Faisalabad,PK,chisel_pk,,,PKR,monthly,,,Full Time Accounts Manager Job in Pakistan
9583,other,junior,Islamabad,PK,chisel_pk,,,PKR,monthly,,,Full Time Fast Food Chef Job in Pakistan
9584,other,unknown,Karachi,PK,chisel_pk,,,PKR,monthly,,,Full Time Call Center Representative Jobs in Pakistan
9585,other,mid,Lahore,PK,chisel_pk,,,PKR,monthly,,,Online Full Time Social Media Marketers And Content Writers Jobs in Pakistan
9586,other,mid,Lahore,PK,chisel_pk,,,PKR,monthly,,,Online Full Time Video Animator And Graphic Designer Jobs in Pakistan
9587,other,junior,Islamabad,PK,chisel_pk,,,PKR,monthly,,,Full Time Pharmacy Salesman Job in Pakistan
9588,other,junior,Islamabad,PK,chisel_pk,,,PKR,monthly,,,Full Time Human Resources Specialist Job in Pakistan
9589,other,junior,Lahore,PK,chisel_pk,,,PKR,monthly,,,Full Time Principal Software Engineer Jobs in Pakistan
9590,other,mid,Islamabad,PK,chisel_pk,,,PKR,monthly,,,Full Time Senior PHP / Laravel Developer Jobs in Pakistan
9591,other,junior,Bahawalpur,PK,chisel_pk,,,PKR,monthly,,,Full Time Call Center Agent Job in Pakistan
9592,other,junior,Islamabad,PK,chisel_pk,,,PKR,monthly,,,Full Time CSR / Call Center Agents Job in Pakistan
9593,other,junior,Karachi,PK,chisel_pk,,,PKR,monthly,,,Full Time Business Development Executive - Auto Trading Industry Job in Pakistan
9594,other,junior,Karachi,PK,chisel_pk,,,PKR,monthly,,,Full Time Sr. Sales Associate Jobs in Pakistan
9595,other,junior,Lahore,PK,chisel_pk,,,PKR,monthly,,,Full Time Telemarketing Representative Jobs in Pakistan
9596,other,junior,Islamabad,PK,chisel_pk,,,PKR,monthly,,,Full Time Customer Service Representative Jobs in Pakistan
9597,other,junior,Islamabad,PK,chisel_pk,,,PKR,monthly,,,Full Time Manager Financial Services Jobs in Pakistan
9598,other,junior,Faisalabad,PK,chisel_pk,,,PKR,monthly,,,Full Time Telesales Executive Jobs in Pakistan
9599,other,junior,Islamabad,PK,chisel_pk,,,PKR,monthly,,,Full Time API Developer Jobs in Pakistan
9600,other,junior,Islamabad,PK,chisel_pk,,,PKR,monthly,,,Full Time Business Development Executive Jobs in Pakistan
9601,other,junior,Hyderabad,PK,chisel_pk,,,PKR,monthly,,,Full Time Android Application Developer Jobs in Pakistan
9602,other,junior,Karachi,PK,chisel_pk,,,PKR,monthly,,,Full Time Operations Assistant Job in Pakistan
9603,other,junior,Karachi,PK,chisel_pk,,,PKR,monthly,,,Full Time Medical Research Writer Jobs in Pakistan
9604,other,mid,Lahore,PK,chisel_pk,,,PKR,monthly,,,Full Time Information Technology Technical Recruiter Job in Pakistan
9605,other,junior,Lahore,PK,chisel_pk,,,PKR,monthly,,,Full Time Wordpress Developer Job in Pakistan
9606,other,junior,Lahore,PK,chisel_pk,,,PKR,monthly,,,Full Time Telecom Sales Executive Jobs in Pakistan
9607,other,junior,Karachi,PK,chisel_pk,,,PKR,monthly,,,Full Time Sales & Marketing Executive Jobs in Pakistan
9608,other,junior,Karachi,PK,chisel_pk,,,PKR,monthly,,,Full Time Customer Service Representative Fresh Or Experienced Job in Pakistan
9609,other,junior,Islamabad,PK,chisel_pk,,,PKR,monthly,,,Full Time Accounts Assistant Job in Pakistan
9610,other,junior,Lahore,PK,chisel_pk,,,PKR,monthly,,,Full Time Junior Dot Net Developer Jobs in Pakistan
9611,other,mid,Lahore,PK,chisel_pk,,,PKR,monthly,,,Full Time Team Lead Jobs in Pakistan
9612,other,junior,Multan,PK,chisel_pk,,,PKR,monthly,,,Full Time Salesman Outdoor (Urgent) Job in Pakistan
9613,other,junior,Lahore,PK,chisel_pk,,,PKR,monthly,,,Full Time Data Entry Job in Pakistan
9614,other,mid,Lahore,PK,chisel_pk,,,PKR,monthly,,,Full Time Flutter Developer Job in Pakistan
9615,other,unknown,Lahore,PK,chisel_pk,,,PKR,monthly,,,Full Time Graphics Designer Job in Pakistan
9616,other,junior,Peshawar,PK,chisel_pk,,,PKR,monthly,,,Full Time Technical Writer Jobs in Pakistan
9617,other,junior,Islamabad,PK,chisel_pk,,,PKR,monthly,,,Full Time SEO Executive Job in Pakistan
9618,other,junior,Islamabad,PK,chisel_pk,,,PKR,monthly,,,Full Time Customer Service Representative Jobs in Pakistan
9619,other,mid,Lahore,PK,chisel_pk,,,PKR,monthly,,,Full Time Experienced UI / UX Designer Job in Pakistan
9620,other,junior,Lahore,PK,chisel_pk,,,PKR,monthly,,,Full Time Chef Job in Pakistan
9621,other,junior,Islamabad,PK,chisel_pk,,,PKR,monthly,,,Full Time Android / IOS Developers Jobs in Pakistan
9622,other,junior,Lahore,PK,chisel_pk,,,PKR,monthly,,,Full Time Full Stack PHP Laravel Developer Jobs in Pakistan
9623,other,mid,Islamabad,PK,chisel_pk,,,PKR,monthly,,,Full Time Sales And Marketing Executive / AM Sales And Marketing / Marketing Manager Job in Pakistan
9624,other,junior,Islamabad,PK,chisel_pk,,,PKR,monthly,,,Full Time Front Desk Job in Pakistan
9625,other,junior,Islamabad,PK,chisel_pk,,,PKR,monthly,,,Full Time Unity Game Developers Jobs in Pakistan
9626,other,junior,Karachi,PK,chisel_pk,,,PKR,monthly,,,Full Time Godown Incharge Job in Pakistan
9627,other,junior,Islamabad,PK,chisel_pk,,,PKR,monthly,,,Full Time Spanish Speaker - Customer Care Representative Jobs in Pakistan
9628,other,junior,Karachi,PK,chisel_pk,,,PKR,monthly,,,Full Time Graphic Designer Jobs in Pakistan
9629,other,junior,Lahore,PK,chisel_pk,,,PKR,monthly,,,Online Full Time Youtube Host Job in Pakistan
9630,other,junior,Sialkot,PK,chisel_pk,,,PKR,monthly,,,Full Time Business Development Manager (Local & International) Jobs in Pakistan
9631,other,junior,Islamabad,PK,chisel_pk,,,PKR,monthly,,,Full Time Marketing / Sales Officer Jobs in Pakistan
9632,other,junior,Faisalabad,PK,chisel_pk,,,PKR,monthly,,,Online Full Time Copywriter Job in Pakistan
9633,other,junior,Karachi,PK,chisel_pk,,,PKR,monthly,,,Full Time Customer Support Specialist - International Jobs in Pakistan
9634,other,junior,Islamabad,PK,chisel_pk,,,PKR,monthly,,,Full Time IOS Developer Job in Pakistan
9635,other,junior,Sialkot,PK,chisel_pk,,,PKR,monthly,,,Full Time Marketing Manager Job in Pakistan
9636,other,mid,Abbottabad,PK,chisel_pk,,,PKR,monthly,,,Full Time PHP/ Wordpress Developer Job in Pakistan
9637,other,junior,Karachi,PK,chisel_pk,,,PKR,monthly,,,Full Time Sales Representative Jobs in Pakistan
9638,other,junior,Karachi,PK,chisel_pk,,,PKR,monthly,,,Full Time Call Center Agents Job in Pakistan
9639,other,junior,Karachi,PK,chisel_pk,,,PKR,monthly,,,Full Time SEO (Search Engine Optimization) Internship Jobs in Pakistan
9640,other,junior,Sialkot,PK,chisel_pk,,,PKR,monthly,,,Full Time Marketing Manager Jobs in Pakistan
9641,other,junior,Islamabad,PK,chisel_pk,,,PKR,monthly,,,Full Time SQL Server/Database Developer Job in Pakistan
9642,other,junior,Hyderabad,PK,chisel_pk,,,PKR,monthly,,,"Full Time Registered Nurse, Staff Nurse & Baby Sitters Jobs in Pakistan"
9643,other,junior,Lahore,PK,chisel_pk,,,PKR,monthly,,,Full Time Graphic Designer Jobs in Pakistan
9644,other,junior,Lahore,PK,chisel_pk,,,PKR,monthly,,,Full Time Financial Advisor Jobs in Pakistan
9646,other,junior,Lahore,PK,chisel_pk,,,PKR,monthly,,,Full Time PHP Developer (Codeigniter) Job in Pakistan
9647,other,junior,Lahore,PK,chisel_pk,,,PKR,monthly,,,Full Time Sales Coordinator Job in Pakistan
9648,other,mid,Faisalabad,PK,chisel_pk,,,PKR,monthly,,,Online Full Time .NET / Core / ASP .NET / C# Developer - Remote Job in Pakistan
9649,other,junior,Faisalabad,PK,chisel_pk,,,PKR,monthly,,,Full Time CSR - Customer Service Representative / Computer Operator Jobs in Pakistan
9650,other,junior,Lahore,PK,chisel_pk,,,PKR,monthly,,,Full Time Student Visa Processing Officer Jobs in Pakistan
9651,other,junior,Lahore,PK,chisel_pk,,,PKR,monthly,,,Full Time Front End Developer Jobs in Pakistan
9652,other,junior,Islamabad,PK,chisel_pk,,,PKR,monthly,,,Full Time React JS Developer Jobs in Pakistan
9653,other,junior,Islamabad,PK,chisel_pk,,,PKR,monthly,,,Full Time MERN Stack Developer Jobs in Pakistan
9654,other,mid,Peshawar,PK,chisel_pk,,,PKR,monthly,,,Full Time Software Developer Jobs in Pakistan
9655,other,junior,Rawalpindi,PK,chisel_pk,,,PKR,monthly,,,Full Time HR / Recruitment Executive (Night Shift Only) Job in Pakistan
9656,other,junior,Karachi,PK,chisel_pk,,,PKR,monthly,,,Full Time Customer Service Representatives (CSR) Job in Pakistan
9657,other,mid,Lahore,PK,chisel_pk,,,PKR,monthly,,,Full Time Graphic Designer Job in Pakistan
9658,other,junior,Islamabad,PK,chisel_pk,,,PKR,monthly,,,Full Time Call Center Senior Closer Jobs in Pakistan
9659,other,junior,Lahore,PK,chisel_pk,,,PKR,monthly,,,Full Time Sales Executive (US Campaign) Jobs in Pakistan
9660,other,junior,Lahore,PK,chisel_pk,,,PKR,monthly,,,Full Time Sales Officer Jobs in Pakistan
9661,other,junior,Lahore,PK,chisel_pk,,,PKR,monthly,,,Full Time Financial Advisor Jobs in Pakistan
9662,other,junior,Islamabad,PK,chisel_pk,,,PKR,monthly,,,Full Time Logistics Coordinator Jobs in Pakistan
9663,other,junior,Islamabad,PK,chisel_pk,,,PKR,monthly,,,Full Time Sales And Business Development Officers Jobs in Pakistan
9664,other,junior,Lahore,PK,chisel_pk,,,PKR,monthly,,,Full Time PHP Developer Job in Pakistan
9665,other,mid,Lahore,PK,chisel_pk,,,PKR,monthly,,,Full Time Mobile App / React Native Developer Jobs in Pakistan
9666,other,junior,Karachi,PK,chisel_pk,,,PKR,monthly,,,Full Time Office Assistant Jobs in Pakistan
9667,other,junior,Gujranwala,PK,chisel_pk,,,PKR,monthly,,,Full Time Digital Marketing Expert / SEO Expert Job in Pakistan
9668,other,junior,Sialkot,PK,chisel_pk,,,PKR,monthly,,,Full Time Customer Service Executive Jobs in Pakistan
9669,other,junior,Karachi,PK,chisel_pk,,,PKR,monthly,,,Online Full Time Accountant / Accounts Officer / Accounts Executive Jobs in Pakistan
9670,other,junior,Islamabad,PK,chisel_pk,,,PKR,monthly,,,Full Time HR / Recruitment Executive For Female - (Night Shift) Job in Pakistan
9671,other,mid,Islamabad,PK,chisel_pk,,,PKR,monthly,,,Full Time Team Manager Jobs in Pakistan
9672,other,junior,Khushab,PK,chisel_pk,,,PKR,monthly,,,Full Time Account Officer Job in Pakistan
9673,other,junior,Lahore,PK,chisel_pk,,,PKR,monthly,,,Full Time Finance Officer Job in Pakistan
9674,other,junior,Karachi,PK,chisel_pk,,,PKR,monthly,,,Full Time Technical Support Engineer Jobs in Pakistan
9675,other,junior,Peshawar,PK,chisel_pk,,,PKR,monthly,,,Full Time Franchise Services Executive Job in Pakistan
9676,other,mid,Lahore,PK,chisel_pk,,,PKR,monthly,,,Full Time School Accounts Officer Job in Pakistan
9677,other,junior,Lahore,PK,chisel_pk,,,PKR,monthly,,,Full Time Social Media Marketing Intern Job in Pakistan
9678,other,mid,Lahore,PK,chisel_pk,,,PKR,monthly,,,Full Time Senior PHP / Full Stack Developer Job in Pakistan
9679,other,mid,Islamabad,PK,chisel_pk,,,PKR,monthly,,,Full Time Senior Android Developer Job in Pakistan
9680,other,junior,Sialkot,PK,chisel_pk,,,PKR,monthly,,,Full Time Marketing SEO Expert Jobs in Pakistan
9681,other,junior,Lahore,PK,chisel_pk,,,PKR,monthly,,,Full Time CSR / Communication Expert Jobs in Pakistan
9682,other,junior,Lahore,PK,chisel_pk,,,PKR,monthly,,,Full Time Data Entry Operator Jobs in Pakistan
9683,other,junior,Lahore,PK,chisel_pk,,,PKR,monthly,,,Full Time SEO/Content Writer Jobs in Pakistan
9684,other,junior,Karachi,PK,chisel_pk,,,PKR,monthly,,,Full Time Lab Chemist For Lahore Office Job in Pakistan
9685,other,junior,Karachi,PK,chisel_pk,,,PKR,monthly,,,Full Time International Sales Executive Jobs in Pakistan
9686,other,junior,Islamabad,PK,chisel_pk,,,PKR,monthly,,,Full Time Telemarketing Executive Jobs in Pakistan
9687,other,junior,Islamabad,PK,chisel_pk,,,PKR,monthly,,,Full Time Medical Coding Executive Jobs in Pakistan
9688,other,mid,Rawalpindi,PK,chisel_pk,,,PKR,monthly,,,Full Time Business Development Officer (International Sales Executive) Jobs in Pakistan
9689,other,junior,Karachi,PK,chisel_pk,,,PKR,monthly,,,Full Time Front Desk Coordinator Job in Pakistan
9690,other,junior,Islamabad,PK,chisel_pk,,,PKR,monthly,,,Full Time MEAN Stack Developer Jobs in Pakistan
9691,other,junior,Islamabad,PK,chisel_pk,,,PKR,monthly,,,Full Time Wordpress Developer Job in Pakistan
9692,other,junior,Lahore,PK,chisel_pk,,,PKR,monthly,,,Full Time PHP Developer Jobs in Pakistan
9693,other,mid,Karachi,PK,chisel_pk,,,PKR,monthly,,,Online Full Time PHP / Wordpress Developer Job in Pakistan
9694,other,junior,Karachi,PK,chisel_pk,,,PKR,monthly,,,Online Full Time Accounting Consultant Jobs in Pakistan
9695,other,junior,Karachi,PK,chisel_pk,,,PKR,monthly,,,Full Time Call Center Agent Job in Pakistan
9696,other,junior,Lahore,PK,chisel_pk,,,PKR,monthly,,,Full Time Sales / Marketing Officer Jobs in Pakistan
9697,other,junior,Karachi,PK,chisel_pk,,,PKR,monthly,,,Full Time Senior Sales Associate Job in Pakistan
9698,other,junior,Lahore,PK,chisel_pk,,,PKR,monthly,,,Full Time Digital Marketing Expert / SEO Specialist Job in Pakistan
9699,other,junior,Lahore,PK,chisel_pk,,,PKR,monthly,,,Full Time Subject Head Jobs in Pakistan
9700,other,junior,Lahore,PK,chisel_pk,,,PKR,monthly,,,Full Time Subject Teachers Jobs in Pakistan
9701,other,junior,Lahore,PK,chisel_pk,,,PKR,monthly,,,Full Time Business Development Officer Jobs in Pakistan
9702,other,junior,Lahore,PK,chisel_pk,,,PKR,monthly,,,Full Time Assistant Manager Business Development Jobs in Pakistan
9703,other,junior,Lahore,PK,chisel_pk,,,PKR,monthly,,,Full Time UX / UI Designer Job in Pakistan
9704,other,junior,Lahore,PK,chisel_pk,,,PKR,monthly,,,Full Time React .JS Developer Job in Pakistan
9705,other,junior,Lahore,PK,chisel_pk,,,PKR,monthly,,,Full Time React JS & React Native Developers Jobs in Pakistan
9706,other,junior,Lahore,PK,chisel_pk,,,PKR,monthly,,,Full Time Ios Developers Job in Pakistan
9707,other,junior,Lahore,PK,chisel_pk,,,PKR,monthly,,,Full Time REACTJS Developers Jobs in Pakistan
9708,other,junior,Lahore,PK,chisel_pk,,,PKR,monthly,,,Full Time ERP Developers Job in Pakistan
9709,other,junior,Lahore,PK,chisel_pk,,,PKR,monthly,,,Full Time PHP Developers Jobs in Pakistan
9710,other,junior,Lahore,PK,chisel_pk,,,PKR,monthly,,,Full Time ERP Developers Required Jobs in Pakistan
9711,other,junior,Lahore,PK,chisel_pk,,,PKR,monthly,,,Full Time IT Professionals Jobs in Pakistan
9712,other,junior,Lahore,PK,chisel_pk,,,PKR,monthly,,,Full Time Web Developer Jobs in Pakistan
9713,other,junior,Karachi,PK,chisel_pk,,,PKR,monthly,,,Full Time Academic Writer Jobs in Pakistan
9714,other,junior,Lahore,PK,chisel_pk,,,PKR,monthly,,,Full Time Junior Accountant / Data Entry Job in Pakistan
9715,other,junior,Sialkot,PK,chisel_pk,,,PKR,monthly,,,Full Time Content Writer Jobs in Pakistan
9716,other,junior,Islamabad,PK,chisel_pk,,,PKR,monthly,,,Full Time Internships For Web Designers And Web Developers Jobs in Pakistan
9717,other,junior,Lahore,PK,chisel_pk,,,PKR,monthly,,,Full Time Full-Stack Developer With Experience In Vue.Js Job in Pakistan
9718,other,junior,Lahore,PK,chisel_pk,,,PKR,monthly,,,Full Time Full Stack .Net Developer Job in Pakistan
9719,other,junior,Lahore,PK,chisel_pk,,,PKR,monthly,,,Full Time Business Development Officer Jobs in Pakistan
9720,other,junior,Karachi,PK,chisel_pk,,,PKR,monthly,,,Full Time Project Coordinator Jobs in Pakistan
9721,other,junior,Islamabad,PK,chisel_pk,,,PKR,monthly,,,Full Time Graphic Designer And Video Editor Jobs in Pakistan
9722,other,junior,Lahore,PK,chisel_pk,,,PKR,monthly,,,Full Time Customer Services Representative Job in Pakistan
9723,other,unknown,Karachi,PK,chisel_pk,,,PKR,monthly,,,Full Time Graphics Designer Job in Pakistan
9724,other,junior,Lahore,PK,chisel_pk,,,PKR,monthly,,,Full Time Business Development Officer Job in Pakistan
9725,other,junior,Lahore,PK,chisel_pk,,,PKR,monthly,,,Full Time Business Development Manager Job in Pakistan
9726,other,junior,Lahore,PK,chisel_pk,,,PKR,monthly,,,Full Time PHP Web Developer Jobs in Pakistan
9727,other,junior,Islamabad,PK,chisel_pk,,,PKR,monthly,,,"Full Time Web Developer (PHP, Wordpress, React) Jobs in Pakistan"
9728,other,junior,Islamabad,PK,chisel_pk,,,PKR,monthly,,,Full Time Sales Executive Job in Pakistan
9729,other,junior,Sialkot,PK,chisel_pk,,,PKR,monthly,,,Full Time Export Manager Jobs in Pakistan
9730,other,junior,Lahore,PK,chisel_pk,,,PKR,monthly,,,Full Time Unity Developer 3D Jobs in Pakistan
9731,other,junior,Hasan Abdal,PK,chisel_pk,,,PKR,monthly,,,Full Time IONIC Framework Developer Job in Pakistan
9732,other,mid,Gujranwala,PK,chisel_pk,,,PKR,monthly,,,Full Time Purchase / Procurement Officer Job in Pakistan
9733,other,junior,Gujranwala,PK,chisel_pk,,,PKR,monthly,,,"Online Full Time Sales Intern REQUIRED IN Islamabad, Lahore, Sialkot, Gujranwala Jobs in Pakistan"
9734,other,junior,Karachi,PK,chisel_pk,,,PKR,monthly,,,Full Time Telesales Agent Jobs in Pakistan
9735,other,junior,Lahore,PK,chisel_pk,,,PKR,monthly,,,Full Time Customer Sales Representatives (CSR) Jobs in Pakistan
9736,other,junior,Karachi,PK,chisel_pk,,,PKR,monthly,,,Full Time Telesales Representatives - Sales Based Campaigns - Day Shift Job in Pakistan
9737,other,junior,Faisalabad,PK,chisel_pk,,,PKR,monthly,,,Full Time Experienced Wordpress Developer & Internee Jobs in Pakistan
9738,other,junior,Sargodha,PK,chisel_pk,,,PKR,monthly,,,Full Time Laravel Developer Jobs in Pakistan
9739,other,junior,Lahore,PK,chisel_pk,,,PKR,monthly,,,Full Time Sales Executive Jobs in Pakistan
9741,other,mid,Islamabad,PK,chisel_pk,,,PKR,monthly,,,Full Time Event Manager Job in Pakistan
9742,other,junior,Karachi,PK,chisel_pk,,,PKR,monthly,,,Full Time Junior Graphic Designer Job in Pakistan
9743,other,junior,Karachi,PK,chisel_pk,,,PKR,monthly,,,Full Time Junior Front-End Developer - HTML/CSS - Bootstrap Expert Job in Pakistan
9744,other,junior,Islamabad,PK,chisel_pk,,,PKR,monthly,,,Full Time Asp .Net MVC 5 Internship Jobs in Pakistan
9745,other,junior,Karachi,PK,chisel_pk,,,PKR,monthly,,,Full Time E-Commerce Executive Job in Pakistan
9746,other,junior,Karachi,PK,chisel_pk,,,PKR,monthly,,,Full Time Admin Coordinator Job in Pakistan
9747,other,junior,Karachi,PK,chisel_pk,,,PKR,monthly,,,Full Time Order Booker & Sale Person Jobs in Pakistan
9748,other,mid,Islamabad,PK,chisel_pk,,,PKR,monthly,,,Full Time Packing Worker Jobs in Pakistan
9749,other,junior,Lahore,PK,chisel_pk,,,PKR,monthly,,,Full Time UK Based Call Center Agents Jobs in Pakistan
9750,other,junior,Karachi,PK,chisel_pk,,,PKR,monthly,,,"Full Time Sales Representative For UK, US & Canada Jobs in Pakistan"
9751,other,junior,Karachi,PK,chisel_pk,,,PKR,monthly,,,Full Time .Net Developer Job in Pakistan
9752,marketing_analyst,mid,Karachi,PK,chisel_pk,,,PKR,monthly,,,Full Time Personal Assistant / Marketing Analyst Job in Pakistan
9753,other,mid,Karachi,PK,chisel_pk,,,PKR,monthly,,,Full Time Credit Control Executive / Customer Relations Officer Job in Pakistan
9754,other,mid,Haripur,PK,chisel_pk,,,PKR,monthly,,,Full Time SAP B1 Administrator Job in Pakistan
9755,other,junior,Islamabad,PK,chisel_pk,,,PKR,monthly,,,Full Time Fresh Candidates Required For Call Center Jobs in Pakistan
9756,other,junior,Sialkot,PK,chisel_pk,,,PKR,monthly,,,Full Time Auto Cad Jobs in Pakistan
9757,other,mid,Sialkot,PK,chisel_pk,,,PKR,monthly,,,Full Time Assistant Export Manager Job in Pakistan
9758,other,mid,Islamabad,PK,chisel_pk,,,PKR,monthly,,,Full Time PHP Laravel Full Stack Developer Job in Pakistan
9759,other,mid,Islamabad,PK,chisel_pk,,,PKR,monthly,,,Full Time Sr Mean Stack Developer Jobs in Pakistan
9760,other,junior,Lahore,PK,chisel_pk,,,PKR,monthly,,,Full Time Wordpress Developer Job in Pakistan
9761,other,junior,Lahore,PK,chisel_pk,,,PKR,monthly,,,Full Time PHP / Laravel Developer Job in Pakistan
9762,other,junior,Karachi,PK,chisel_pk,,,PKR,monthly,,,Full Time International Call Center Representative Jobs in Pakistan
9763,other,junior,Karachi,PK,chisel_pk,,,PKR,monthly,,,Full Time Unit Managers Job in Pakistan
9764,other,junior,Karachi,PK,chisel_pk,,,PKR,monthly,,,Full Time Senior Takaful Consultants Job in Pakistan
9765,other,junior,Karachi,PK,chisel_pk,,,PKR,monthly,,,Full Time Takaful Consultants Job in Pakistan
9766,other,junior,Karachi,PK,chisel_pk,,,PKR,monthly,,,Full Time Quality Checkers Job in Pakistan
9767,other,junior,Karachi,PK,chisel_pk,,,PKR,monthly,,,Full Time Production Helpers Job in Pakistan
9768,other,junior,Sialkot,PK,chisel_pk,,,PKR,monthly,,,Full Time Quality Controller Jobs in Pakistan
9769,other,junior,Lahore,PK,chisel_pk,,,PKR,monthly,,,Full Time Wordpress / PHP Developer Jobs in Pakistan
9770,other,junior,Lahore,PK,chisel_pk,,,PKR,monthly,,,Full Time Sales Executive Jobs in Pakistan
9771,other,junior,Faisalabad,PK,chisel_pk,,,PKR,monthly,,,Online Full Time Flutter Developer Job in Pakistan
9772,other,junior,Faisalabad,PK,chisel_pk,,,PKR,monthly,,,Online Full Time Laravel Developer Job in Pakistan
9773,other,junior,Sialkot,PK,chisel_pk,,,PKR,monthly,,,Full Time Production Manger Jobs in Pakistan
9774,other,junior,Karachi,PK,chisel_pk,,,PKR,monthly,,,Full Time Wordpress Web Designer Jobs in Pakistan
9775,other,junior,Karachi,PK,chisel_pk,,,PKR,monthly,,,Full Time C# And ASP .NET Programmer Job in Pakistan
9776,other,junior,Islamabad,PK,chisel_pk,,,PKR,monthly,,,Full Time Customer Sales Representative Job in Pakistan
9777,other,junior,Sialkot,PK,chisel_pk,,,PKR,monthly,,,Full Time Stock Manager Jobs in Pakistan
9778,other,junior,Lahore,PK,chisel_pk,,,PKR,monthly,,,Full Time Student Counselor Jobs in Pakistan
9779,other,junior,Sialkot,PK,chisel_pk,,,PKR,monthly,,,Full Time Manager Financial Services Jobs in Pakistan
9780,other,junior,Sialkot,PK,chisel_pk,,,PKR,monthly,,,Full Time Assistant Manager Financial Services Jobs in Pakistan
9781,other,junior,Lahore,PK,chisel_pk,,,PKR,monthly,,,Full Time Customer Service Executive / Business Development Executive Job in Pakistan
9782,other,junior,Karachi,PK,chisel_pk,,,PKR,monthly,,,Full Time Ios Developer Job in Pakistan
9783,other,junior,Karachi,PK,chisel_pk,,,PKR,monthly,,,Full Time International Sales Executive Job in Pakistan
9784,other,junior,Lahore,PK,chisel_pk,,,PKR,monthly,,,Full Time Backend Developer Jobs in Pakistan
9785,other,junior,Islamabad,PK,chisel_pk,,,PKR,monthly,,,Online Full Time Drupal / PHP Developer Jobs in Pakistan
9786,other,mid,Islamabad,PK,chisel_pk,,,PKR,monthly,,,Full Time UI / UX Designer Job in Pakistan
9787,other,mid,Karachi,PK,chisel_pk,,,PKR,monthly,,,Full Time Full-Stack Developer Job in Pakistan
9788,other,junior,Islamabad,PK,chisel_pk,,,PKR,monthly,,,Full Time Php Laravel Developer Jobs in Pakistan
9794,other,junior,Islamabad,PK,chisel_pk,,,PKR,monthly,,,Full Time Wordpress Developer Job in Pakistan
9795,other,junior,Karachi,PK,chisel_pk,,,PKR,monthly,,,Full Time Field Sales/Operations Representative (Karachi & Lahore) Jobs in Pakistan
9796,other,junior,Islamabad,PK,chisel_pk,,,PKR,monthly,,,Full Time Junior Web Developer Jobs in Pakistan
9797,other,junior,Sialkot,PK,chisel_pk,,,PKR,monthly,,,Full Time Accountant Jobs in Pakistan
9798,other,junior,Lahore,PK,chisel_pk,,,PKR,monthly,,,Full Time Unity 3D Developer Jobs in Pakistan
9799,other,junior,Islamabad,PK,chisel_pk,,,PKR,monthly,,,Full Time Game Developer Jobs in Pakistan
9800,other,mid,Lahore,PK,chisel_pk,,,PKR,monthly,,,Full Time Account Officer / Executive Job in Pakistan
9801,other,junior,Islamabad,PK,chisel_pk,,,PKR,monthly,,,Full Time CSR Jobs in Pakistan
9802,other,junior,Karachi,PK,chisel_pk,,,PKR,monthly,,,Full Time Container Inspection Officer Jobs in Pakistan
9803,other,junior,Karachi,PK,chisel_pk,,,PKR,monthly,,,Full Time Data Entry Operator Jobs in Pakistan
9804,other,junior,Islamabad,PK,chisel_pk,,,PKR,monthly,,,Full Time Business Development Executive Jobs in Pakistan
9805,other,junior,Faisalabad,PK,chisel_pk,,,PKR,monthly,,,Online Full Time Reactjs / React Native Developer - Remote Job in Pakistan
9806,other,junior,Wah,PK,chisel_pk,,,PKR,monthly,,,Full Time Office Assistant Job in Pakistan
9807,other,junior,Islamabad,PK,chisel_pk,,,PKR,monthly,,,Full Time Accounting Officer Job in Pakistan
9808,other,junior,Islamabad,PK,chisel_pk,,,PKR,monthly,,,Full Time Call Center Representatives - Outbound Jobs in Pakistan
9809,other,junior,Islamabad,PK,chisel_pk,,,PKR,monthly,,,Full Time Content Writer Job in Pakistan
9810,other,mid,Islamabad,PK,chisel_pk,,,PKR,monthly,,,Full Time Social Media Executive Job in Pakistan
9811,other,junior,Lahore,PK,chisel_pk,,,PKR,monthly,,,Full Time Sales Agent - Telemarketing Jobs in Pakistan
9812,other,junior,Islamabad,PK,chisel_pk,,,PKR,monthly,,,Full Time Front End / Wordpress / Shopify / Wix Developer Job in Pakistan
9813,other,junior,Lahore,PK,chisel_pk,,,PKR,monthly,,,Full Time SEO - Backlinking Assistant Job in Pakistan
9814,marketing_analyst,mid,Islamabad,PK,chisel_pk,,,PKR,monthly,,,Full Time Marketing Analyst Jobs in Pakistan
9815,other,mid,Sialkot,PK,chisel_pk,,,PKR,monthly,,,Full Time Sublimation Designer Job in Pakistan
9816,other,mid,Lahore,PK,chisel_pk,,,PKR,monthly,,,Full Time Branch Manager (Retail Store) Job in Pakistan
9817,other,mid,Lahore,PK,chisel_pk,,,PKR,monthly,,,Full Time Product Research Analyst Job in Pakistan
9818,other,junior,Ahmadpur East,PK,chisel_pk,,,PKR,monthly,,,Online Full Time Illustrator / Graphics Designer Jobs in Pakistan
9819,other,junior,Islamabad,PK,chisel_pk,,,PKR,monthly,,,Full Time Telecommunication Specialist Jobs in Pakistan
9820,other,mid,Karachi,PK,chisel_pk,,,PKR,monthly,,,Full Time Quality Assurance Officer Job in Pakistan
9821,other,junior,Lahore,PK,chisel_pk,,,PKR,monthly,,,Full Time PHP Experienced Developer Jobs in Pakistan
9822,other,junior,Islamabad,PK,chisel_pk,,,PKR,monthly,,,Full Time Telesales Officer Jobs in Pakistan
9823,other,mid,Lahore,PK,chisel_pk,,,PKR,monthly,,,Online Full Time Graphic Designer Job in Pakistan
9824,other,mid,Lahore,PK,chisel_pk,,,PKR,monthly,,,Full Time Full Stack Web Developer Jobs in Pakistan
9825,other,junior,Lahore,PK,chisel_pk,,,PKR,monthly,,,Full Time Online Sales Executive Jobs in Pakistan
9826,other,junior,Islamabad,PK,chisel_pk,,,PKR,monthly,,,Full Time SEO Executive Jobs in Pakistan
9827,other,mid,Gujranwala,PK,chisel_pk,,,PKR,monthly,,,Full Time Deputy Branch Manager Jobs in Pakistan
9828,other,junior,Gujranwala,PK,chisel_pk,,,PKR,monthly,,,Full Time Assistant Branch Manager Jobs in Pakistan
9829,other,junior,Gujranwala,PK,chisel_pk,,,PKR,monthly,,,Full Time Unit Manager Jobs in Pakistan
9830,other,junior,Gujranwala,PK,chisel_pk,,,PKR,monthly,,,Full Time Business Development Manager (BDM) Jobs in Pakistan
9831,other,junior,Gujranwala,PK,chisel_pk,,,PKR,monthly,,,Full Time Executive Officer Jobs in Pakistan
9832,other,junior,Islamabad,PK,chisel_pk,,,PKR,monthly,,,Full Time Customer Sales Agent Jobs in Pakistan
9833,other,junior,Karachi,PK,chisel_pk,,,PKR,monthly,,,Full Time Customer Service Officer Jobs in Pakistan
9834,other,mid,Karachi,PK,chisel_pk,,,PKR,monthly,,,Full Time Accounts Manager / ACCA /ACA Qualified Accountants Jobs in Pakistan
9835,other,junior,Lahore,PK,chisel_pk,,,PKR,monthly,,,Full Time Electronics / Electrical Engineer Jobs in Pakistan
9836,other,junior,Islamabad,PK,chisel_pk,,,PKR,monthly,,,"Online Full Time Content Writer, Copywriter - Work From Home Job in Pakistan"
9837,other,junior,Islamabad,PK,chisel_pk,,,PKR,monthly,,,Online Full Time Dot Net Developer Job in Pakistan
9838,other,junior,Islamabad,PK,chisel_pk,,,PKR,monthly,,,Full Time MEVN Stack & Laravel Vue.Js Developers Jobs in Pakistan
9839,other,junior,Karachi,PK,chisel_pk,,,PKR,monthly,,,Full Time Takaful Consultant Jobs in Pakistan
9840,other,junior,Faisalabad,PK,chisel_pk,,,PKR,monthly,,,Online Full Time PHP Full Stack Developer Jobs in Pakistan
9841,other,junior,Karachi,PK,chisel_pk,,,PKR,monthly,,,Full Time Ios Developer Job in Pakistan
9842,other,junior,Karachi,PK,chisel_pk,,,PKR,monthly,,,Online Full Time Technician Electrical / Electronics Jobs in Pakistan
9843,other,junior,Karachi,PK,chisel_pk,,,PKR,monthly,,,Full Time Junior Technician Jobs in Pakistan
9844,other,junior,Islamabad,PK,chisel_pk,,,PKR,monthly,,,Full Time Sales Closer Jobs in Pakistan
9845,other,unknown,Karachi,PK,chisel_pk,,,PKR,monthly,,,Full Time Pashto Speaker Jobs in Pakistan
9846,other,junior,Lahore,PK,chisel_pk,,,PKR,monthly,,,Full Time Web Developer (MERN) Job in Pakistan
9847,other,mid,Lahore,PK,chisel_pk,,,PKR,monthly,,,Full Time Sr. PHP Developer Jobs in Pakistan
9848,other,junior,Karachi,PK,chisel_pk,,,PKR,monthly,,,Full Time Associate Service Engineer (Electrical) Job in Pakistan
9849,other,junior,Karachi,PK,chisel_pk,,,PKR,monthly,,,Full Time Manager Poultry (Layer Farm) Job in Pakistan
9850,other,junior,Lahore,PK,chisel_pk,,,PKR,monthly,,,Full Time GIS Web Developer Job in Pakistan
9851,other,junior,Lahore,PK,chisel_pk,,,PKR,monthly,,,Full Time Virtual Assistants Job in Pakistan
9852,other,junior,Karachi,PK,chisel_pk,,,PKR,monthly,,,Full Time Creative Content Writer Job in Pakistan
9853,other,mid,Islamabad,PK,chisel_pk,,,PKR,monthly,,,Online Full Time Senior Level C# Developer (Good English Required) Job in Pakistan
9854,other,junior,Karachi,PK,chisel_pk,,,PKR,monthly,,,Full Time Territory Salesman For Food Distribution Company Job in Pakistan
9855,other,junior,Khanewal,PK,chisel_pk,,,PKR,monthly,,,Full Time Website Designer & Developer Jobs in Pakistan
9857,other,junior,Lahore,PK,chisel_pk,,,PKR,monthly,,,Full Time Senior Customer Service Executive Jobs in Pakistan
9858,other,junior,Islamabad,PK,chisel_pk,,,PKR,monthly,,,Full Time Customer Sales Representative Jobs in Pakistan
9859,other,junior,Lahore,PK,chisel_pk,,,PKR,monthly,,,Full Time Content Writer Job in Pakistan
9860,other,mid,Lahore,PK,chisel_pk,,,PKR,monthly,,,Full Time Microbiologist Job in Pakistan
9861,other,mid,Lahore,PK,chisel_pk,,,PKR,monthly,,,Full Time Dialysis Tube Manufacturing Incharge Job in Pakistan
9862,other,junior,Muridke,PK,chisel_pk,,,PKR,monthly,,,Full Time DAE Mechanical Job in Pakistan
9863,other,junior,Islamabad,PK,chisel_pk,,,PKR,monthly,,,Full Time Assistant Manager Marketing & Sales Job in Pakistan
9864,other,junior,Karachi,PK,chisel_pk,,,PKR,monthly,,,Online Full Time Php & Wordpress Developer Jobs in Pakistan
9865,other,mid,Karachi,PK,chisel_pk,,,PKR,monthly,,,Full Time Senior Full Stack Web Developer Job in Pakistan
9866,other,junior,Lahore,PK,chisel_pk,,,PKR,monthly,,,Full Time Unity 3D Developer Jobs in Pakistan
9867,other,junior,Bhalwal,PK,chisel_pk,,,PKR,monthly,,,Full Time Area Sales Head (Multiple Locations) Job in Pakistan
9868,other,junior,Islamabad,PK,chisel_pk,,,PKR,monthly,,,Online Full Time UI UX Designer Job in Pakistan
9869,other,junior,Islamabad,PK,chisel_pk,,,PKR,monthly,,,Online Full Time Backend Engineer For Mobile Apps Job in Pakistan
9870,other,junior,Islamabad,PK,chisel_pk,,,PKR,monthly,,,Online Full Time Android Developer Job in Pakistan
9871,other,junior,Islamabad,PK,chisel_pk,,,PKR,monthly,,,Online Full Time QA For Mobile Apps Job in Pakistan
9872,other,junior,Islamabad,PK,chisel_pk,,,PKR,monthly,,,Online Full Time Ionic Framework Job in Pakistan
9873,other,junior,Islamabad,PK,chisel_pk,,,PKR,monthly,,,Online Full Time Ios Developer Job in Pakistan
9874,other,junior,Karachi,PK,chisel_pk,,,PKR,monthly,,,Full Time Business Developer Job in Pakistan
9875,other,senior,Lahore,PK,chisel_pk,,,PKR,monthly,,,Full Time Software Engineering Manager / Senior Software Engineer (PHP Or Java) Jobs in Pakistan
9876,other,junior,Islamabad,PK,chisel_pk,,,PKR,monthly,,,Full Time Data Collector Officer Jobs in Pakistan
9877,other,junior,Lahore,PK,chisel_pk,,,PKR,monthly,,,Full Time SEO Expert Jobs in Pakistan
9878,other,junior,Lahore,PK,chisel_pk,,,PKR,monthly,,,Full Time Telesales Representative (TSR) Job in Pakistan
9879,other,junior,Lahore,PK,chisel_pk,,,PKR,monthly,,,Full Time Telesales Executive Jobs in Pakistan
9880,other,junior,Karachi,PK,chisel_pk,,,PKR,monthly,,,Full Time Content Writer Job in Pakistan
9881,other,junior,Karachi,PK,chisel_pk,,,PKR,monthly,,,Full Time Community Manager Job in Pakistan
9882,other,junior,Sialkot,PK,chisel_pk,,,PKR,monthly,,,Full Time Accounts Executive Job in Pakistan
9883,other,junior,Karachi,PK,chisel_pk,,,PKR,monthly,,,Full Time Customer Sales Representative / Business Development Executive Jobs in Pakistan
9884,other,mid,Lahore,PK,chisel_pk,,,PKR,monthly,,,Full Time Senior Web Developer Job in Pakistan
9885,other,mid,Lahore,PK,chisel_pk,,,PKR,monthly,,,Full Time Mobile / Web Developer Job in Pakistan
9886,other,junior,Karachi,PK,chisel_pk,,,PKR,monthly,,,Full Time Sales Person Required In Sukkur Region Job in Pakistan
9887,other,junior,Lahore,PK,chisel_pk,,,PKR,monthly,,,Full Time Social Media Engagement Ninja Job in Pakistan
9888,other,junior,Daska,PK,chisel_pk,,,PKR,monthly,,,Full Time Quality Manager Job in Pakistan
9889,other,mid,Islamabad,PK,chisel_pk,,,PKR,monthly,,,Full Time Expert HTML / CSS Developer Job in Pakistan
9890,other,junior,Karachi,PK,chisel_pk,,,PKR,monthly,,,Full Time IOS Developer Job in Pakistan
9891,other,junior,Gujrat,PK,chisel_pk,,,PKR,monthly,,,Full Time Accounts Manager / Sr. Accountant Jobs in Pakistan
32679,data_scientist,unknown,Lahore,PK,kaggle_rozee_pk,200000.0,300000.0,PKR,monthly,,250000.0,Machine Learning Engineer
9892,other,junior,Karachi,PK,chisel_pk,,,PKR,monthly,,,Online Full Time Social Media Executive Jobs in Pakistan
9893,other,mid,Lahore,PK,chisel_pk,,,PKR,monthly,,,Full Time Full Stack PHP Software Engineer Job in Pakistan
9894,other,mid,Karachi,PK,chisel_pk,,,PKR,monthly,,,Full Time Microsoft Dynamics AX / 365 Application Developer Job in Pakistan
9895,other,mid,Islamabad,PK,chisel_pk,,,PKR,monthly,,,Full Time Social Media Marketing Executive Jobs in Pakistan
9896,other,mid,Attock,PK,chisel_pk,,,PKR,monthly,,,Full Time Expert PHP + Vue.Js Developer Job in Pakistan
9897,other,mid,Lahore,PK,chisel_pk,,,PKR,monthly,,,Full Time Senior Student Counselor / Study Abroad Consultant Jobs in Pakistan
9898,other,junior,Lahore,PK,chisel_pk,,,PKR,monthly,,,Online Full Time CCTV Technician Job in Pakistan
9899,data_analyst,junior,Lahore,PK,chisel_pk,,,PKR,monthly,,,Full Time Data Analyst / Computer Operator Job in Pakistan
9900,other,junior,Lahore,PK,chisel_pk,,,PKR,monthly,,,Full Time Business Development Manager Job in Pakistan
9901,other,junior,Lahore,PK,chisel_pk,,,PKR,monthly,,,Full Time Office Boy / Cleaner Job in Pakistan
9902,other,mid,Lahore,PK,chisel_pk,,,PKR,monthly,,,Full Time Enterprise Sales Specialist - Amazon Connect Jobs in Pakistan
9903,other,junior,Lahore,PK,chisel_pk,,,PKR,monthly,,,Full Time Content Specialist Job in Pakistan
9904,other,junior,Islamabad,PK,chisel_pk,,,PKR,monthly,,,Full Time Hostel Warden Jobs in Pakistan
9905,other,junior,Lahore,PK,chisel_pk,,,PKR,monthly,,,Full Time Programmer Jobs in Pakistan
9906,other,junior,Faisalabad,PK,chisel_pk,,,PKR,monthly,,,Full Time Customer Support Representative Job in Pakistan
9907,other,junior,Islamabad,PK,chisel_pk,,,PKR,monthly,,,Full Time Customer Service Representative Jobs in Pakistan
9908,other,junior,Islamabad,PK,chisel_pk,,,PKR,monthly,,,Full Time Pharmacist Jobs in Pakistan
9909,other,mid,Lahore,PK,chisel_pk,,,PKR,monthly,,,Full Time Devops Cloud Engineer Job in Pakistan
9910,other,mid,Lahore,PK,chisel_pk,,,PKR,monthly,,,Full Time Sr Front End Developer Job in Pakistan
9911,other,mid,Lahore,PK,chisel_pk,,,PKR,monthly,,,Full Time Application Engineer Job in Pakistan
9912,other,mid,Lahore,PK,chisel_pk,,,PKR,monthly,,,Full Time Virtual Reality And 3D Game Developer Job in Pakistan
9913,other,junior,Karachi,PK,chisel_pk,,,PKR,monthly,,,Online Full Time Digital Marketing And Social Media Executive Job in Pakistan
9914,other,junior,Karachi,PK,chisel_pk,,,PKR,monthly,,,"Full Time WFH - Fresh CS, IT & Telecom Grads - Technical Writing - Cloud (Azure, AWS, Google) Job in Pakistan"
9915,other,junior,Islamabad,PK,chisel_pk,,,PKR,monthly,,,Full Time Wordpress Developer Job in Pakistan
9916,other,junior,Karachi,PK,chisel_pk,,,PKR,monthly,,,Full Time Call Centre Agent Jobs in Pakistan
9917,other,junior,Karachi,PK,chisel_pk,,,PKR,monthly,,,Full Time International Business Development Executive (English Speaker) Jobs in Pakistan
9918,other,junior,Lahore,PK,chisel_pk,,,PKR,monthly,,,Full Time Telemarketing Executive Job in Pakistan
9919,other,mid,Islamabad,PK,chisel_pk,,,PKR,monthly,,,"Full Time Animator, Video Editor , Graphic Designer Jobs in Pakistan"
9920,other,mid,Lahore,PK,chisel_pk,,,PKR,monthly,,,Full Time Digital Marketing Specialist Job in Pakistan
9921,other,junior,Karachi,PK,chisel_pk,,,PKR,monthly,,,Full Time Customer Support Representative (International) Jobs in Pakistan
9922,other,junior,Karachi,PK,chisel_pk,,,PKR,monthly,,,Full Time Business Operations Executive Job in Pakistan
9923,other,junior,Karachi,PK,chisel_pk,,,PKR,monthly,,,Full Time Order Management Intern Jobs in Pakistan
9924,other,junior,Karachi,PK,chisel_pk,,,PKR,monthly,,,Full Time Web Developer Jobs in Pakistan
9925,other,junior,Karachi,PK,chisel_pk,,,PKR,monthly,,,Full Time Website Designer Jobs in Pakistan
9926,other,mid,Karachi,PK,chisel_pk,,,PKR,monthly,,,Full Time Senior Sales Person Job in Pakistan
9927,other,mid,Karachi,PK,chisel_pk,,,PKR,monthly,,,Full Time Full Stack Developer Job in Pakistan
9928,other,junior,Karachi,PK,chisel_pk,,,PKR,monthly,,,"Full Time React JS, Flutter Developer (Full Time) Jobs in Pakistan"
9929,other,junior,Karachi,PK,chisel_pk,,,PKR,monthly,,,Full Time Wordpress / PHP Developer Jobs in Pakistan
9930,other,mid,Lahore,PK,chisel_pk,,,PKR,monthly,,,Full Time Project Manager Job in Pakistan
9931,other,junior,Karachi,PK,chisel_pk,,,PKR,monthly,,,Full Time Sales Executive Jobs in Pakistan
9932,other,junior,Lahore,PK,chisel_pk,,,PKR,monthly,,,Full Time Mechanical Draftsman Job in Pakistan
9933,other,junior,Lahore,PK,chisel_pk,,,PKR,monthly,,,Full Time Call Center Agent - Morning Shift Jobs in Pakistan
9934,other,junior,Lahore,PK,chisel_pk,,,PKR,monthly,,,Full Time B-Tech Mechanical Job in Pakistan
9935,other,junior,Peshawar,PK,chisel_pk,,,PKR,monthly,,,Full Time Junior ASP .Net MVC Developer Jobs in Pakistan
9936,other,junior,Islamabad,PK,chisel_pk,,,PKR,monthly,,,Full Time Unity 3D Developer Job in Pakistan
32680,marketing_analyst,mid,Karachi,PK,kaggle_rozee_pk,90000.0,130000.0,PKR,monthly,,110000.0,Marketing Analyst
9937,other,mid,Islamabad,PK,chisel_pk,,,PKR,monthly,,,Full Time Microsoft Office 365 Specialist Job in Pakistan
9938,other,junior,Karachi,PK,chisel_pk,,,PKR,monthly,,,Full Time Accountant (Work At Home Night Job) Job in Pakistan
9939,other,junior,Faisalabad,PK,chisel_pk,,,PKR,monthly,,,Full Time Marketing Executives Jobs in Pakistan
9940,other,junior,Karachi,PK,chisel_pk,,,PKR,monthly,,,Full Time Sales Engineer Job in Pakistan
9941,other,junior,Karachi,PK,chisel_pk,,,PKR,monthly,,,Full Time Digital Marketing Executive Job in Pakistan
9942,other,unknown,Lahore,PK,chisel_pk,,,PKR,monthly,,,Full Time Graphics Designer Job in Pakistan
9943,other,junior,Islamabad,PK,chisel_pk,,,PKR,monthly,,,Full Time Developer (.NET Core) Jobs in Pakistan
9944,other,mid,Islamabad,PK,chisel_pk,,,PKR,monthly,,,Full Time PPC Expert (SEO) Job in Pakistan
9945,other,mid,Islamabad,PK,chisel_pk,,,PKR,monthly,,,Full Time SEO Specialist Job in Pakistan
9946,other,mid,Islamabad,PK,chisel_pk,,,PKR,monthly,,,Full Time React Native Developer Job in Pakistan
9947,other,mid,Islamabad,PK,chisel_pk,,,PKR,monthly,,,Full Time Expert Web Developer Job in Pakistan
9948,other,mid,Islamabad,PK,chisel_pk,,,PKR,monthly,,,Full Time Creative Graphic Designer Job in Pakistan
9949,other,junior,Karachi,PK,chisel_pk,,,PKR,monthly,,,Full Time Accounting Internship Job in Pakistan
9950,other,junior,Karachi,PK,chisel_pk,,,PKR,monthly,,,Online Full Time Online Customer Support Executive Job in Pakistan
32682,data_analyst,unknown,Islamabad,PK,kaggle_rozee_pk,95000.0,140000.0,PKR,monthly,,117500.0,Data Analyst
9951,other,junior,Karachi,PK,chisel_pk,,,PKR,monthly,,,Full Time Intern Accounts Dept Job in Pakistan
9952,other,junior,Islamabad,PK,chisel_pk,,,PKR,monthly,,,Full Time Junior Graphic Designer Job in Pakistan
9953,other,junior,Lahore,PK,chisel_pk,,,PKR,monthly,,,Full Time Manager Job in Pakistan
9954,other,junior,Islamabad,PK,chisel_pk,,,PKR,monthly,,,Full Time Biology Teacher Job in Pakistan
9955,other,mid,Karachi,PK,chisel_pk,,,PKR,monthly,,,Full Time System Support Engineer Job in Pakistan
9956,other,junior,Lahore,PK,chisel_pk,,,PKR,monthly,,,Online Full Time Wordpress Developer Job in Pakistan
9957,other,junior,Karachi,PK,chisel_pk,,,PKR,monthly,,,Full Time Business Development Associate Jobs in Pakistan
9958,other,junior,Karachi,PK,chisel_pk,,,PKR,monthly,,,Full Time Social Media Associate Job in Pakistan
9961,other,junior,Lahore,PK,chisel_pk,,,PKR,monthly,,,Online Full Time Website Admin Job in Pakistan
9962,other,junior,Karachi,PK,chisel_pk,,,PKR,monthly,,,Full Time Data Entry Specialist Jobs in Pakistan
9963,other,junior,Karachi,PK,chisel_pk,,,PKR,monthly,,,Full Time .Net Interns Jobs in Pakistan
9964,other,junior,Lahore,PK,chisel_pk,,,PKR,monthly,,,Full Time Draftsman CAD Job in Pakistan
9965,other,junior,Karachi,PK,chisel_pk,,,PKR,monthly,,,Full Time Telesales Executive Jobs in Pakistan
9966,other,junior,Karachi,PK,chisel_pk,,,PKR,monthly,,,Full Time Affiliate Marketing Manager - PPC Expert Job in Pakistan
9967,other,mid,Lahore,PK,chisel_pk,,,PKR,monthly,,,Full Time English Cold Caller Job in Pakistan
32683,data_scientist,unknown,Lahore,PK,kaggle_rozee_pk,220000.0,350000.0,PKR,monthly,,285000.0,AI Engineer
9968,other,junior,Islamabad,PK,chisel_pk,,,PKR,monthly,,,Full Time Sales Executive Real Estate (Property) Job in Pakistan
9969,other,junior,Lahore,PK,chisel_pk,,,PKR,monthly,,,Full Time Receptionist Jobs in Pakistan
9970,other,mid,Lahore,PK,chisel_pk,,,PKR,monthly,,,Full Time .NET Developer Or Application Developer Job in Pakistan
9972,other,mid,Dipalpur,PK,chisel_pk,,,PKR,monthly,,,Full Time Principal Job in Pakistan
9973,other,junior,Karachi,PK,chisel_pk,,,PKR,monthly,,,Full Time Data Entry Jobs in Pakistan
9974,other,junior,Lahore,PK,chisel_pk,,,PKR,monthly,,,Full Time Sales Executive Jobs in Pakistan
9975,other,mid,Islamabad,PK,chisel_pk,,,PKR,monthly,,,Full Time Full Stack Engineer / Developer Job in Pakistan
9976,other,junior,Karachi,PK,chisel_pk,,,PKR,monthly,,,Full Time International Sales Executive Jobs in Pakistan
9977,other,junior,Bahawalpur,PK,chisel_pk,,,PKR,monthly,,,Full Time Android Developer Job in Pakistan
9978,other,mid,Islamabad,PK,chisel_pk,,,PKR,monthly,,,Full Time Headmistress Job in Pakistan
9979,other,mid,Lahore,PK,chisel_pk,,,PKR,monthly,,,Full Time Social Media Executive Job in Pakistan
9980,other,junior,Lahore,PK,chisel_pk,,,PKR,monthly,,,Full Time Content Writer Job in Pakistan
9981,other,junior,Rawalpindi,PK,chisel_pk,,,PKR,monthly,,,Full Time Assistant Manager Jobs in Pakistan
9982,other,junior,Islamabad,PK,chisel_pk,,,PKR,monthly,,,Full Time Consulting Agent Jobs in Pakistan
32684,financial_analyst,mid,Karachi,PK,kaggle_rozee_pk,110000.0,160000.0,PKR,monthly,,135000.0,Financial Analyst
9983,other,junior,Karachi,PK,chisel_pk,,,PKR,monthly,,,Full Time React Developer Job in Pakistan
9984,other,junior,Islamabad,PK,chisel_pk,,,PKR,monthly,,,Full Time Customer Relationship Officer Jobs in Pakistan
9985,other,mid,Lahore,PK,chisel_pk,,,PKR,monthly,,,Full Time Software Developer Job in Pakistan
9986,other,junior,Lahore,PK,chisel_pk,,,PKR,monthly,,,Full Time Full Stack .NET Developer ERP Job in Pakistan
9987,other,junior,Lahore,PK,chisel_pk,,,PKR,monthly,,,Online Full Time Sales Executive - Retail / Installment Business Job in Pakistan
9988,other,junior,Karachi,PK,chisel_pk,,,PKR,monthly,,,Online Full Time Junior Business Developer For Software House Jobs in Pakistan
9989,other,junior,Islamabad,PK,chisel_pk,,,PKR,monthly,,,Online Full Time Frontend Developer Remote Job in Pakistan
9990,other,junior,Lahore,PK,chisel_pk,,,PKR,monthly,,,Full Time Recruitment Researcher & Data Entry Operator Jobs in Pakistan
9991,other,mid,Lahore,PK,chisel_pk,,,PKR,monthly,,,Full Time Interior Designer Job in Pakistan
9992,other,junior,Islamabad,PK,chisel_pk,,,PKR,monthly,,,Online Full Time SEO Content Writer Job in Pakistan
9993,other,junior,Karachi,PK,chisel_pk,,,PKR,monthly,,,Full Time HR Executive Job in Pakistan
9994,other,mid,Islamabad,PK,chisel_pk,,,PKR,monthly,,,Full Time Backend Software Engineer Job in Pakistan
9995,other,mid,Islamabad,PK,chisel_pk,,,PKR,monthly,,,Full Time React Native Developer Job in Pakistan
9996,other,junior,Karachi,PK,chisel_pk,,,PKR,monthly,,,Full Time Content Writer Job in Pakistan
9997,other,mid,Islamabad,PK,chisel_pk,,,PKR,monthly,,,Full Time Senior Graphic Designer Job in Pakistan
9998,other,mid,Lahore,PK,chisel_pk,,,PKR,monthly,,,Full Time Senior Python Developer Job in Pakistan
9999,other,junior,Karachi,PK,chisel_pk,,,PKR,monthly,,,Online Full Time Software Development Engineer Jobs in Pakistan
10000,other,junior,Islamabad,PK,chisel_pk,,,PKR,monthly,,,Full Time React JS / Node JS Developer Job in Pakistan
10001,other,junior,Islamabad,PK,chisel_pk,,,PKR,monthly,,,Full Time Mechanical Engineer Site Job in Pakistan
10002,other,junior,Karachi,PK,chisel_pk,,,PKR,monthly,,,Full Time Php Developer Jobs in Pakistan
10003,other,junior,Islamabad,PK,chisel_pk,,,PKR,monthly,,,Full Time Graphics Designer Jobs in Pakistan
10004,other,mid,Islamabad,PK,chisel_pk,,,PKR,monthly,,,Full Time Full Stack PHP / Wordpress Developer Jobs in Pakistan
10005,other,junior,Lahore,PK,chisel_pk,,,PKR,monthly,,,Full Time Customer Service Representative Job in Pakistan
10007,other,mid,Lahore,PK,chisel_pk,,,PKR,monthly,,,Online Full Time Lead PHP / Wordpress Developer Job in Pakistan
10008,other,mid,Islamabad,PK,chisel_pk,,,PKR,monthly,,,Full Time Bidding Executive / Business Development Manager Job in Pakistan
10009,other,junior,Lahore,PK,chisel_pk,,,PKR,monthly,,,Full Time Sr. Full Stack Engineer Job in Pakistan
10010,other,junior,Lahore,PK,chisel_pk,,,PKR,monthly,,,Full Time Node Developer Jobs in Pakistan
10011,other,mid,Lahore,PK,chisel_pk,,,PKR,monthly,,,Full Time Principal Software Engineer - Node Job in Pakistan
10013,other,junior,Multan,PK,chisel_pk,,,PKR,monthly,,,Full Time Social Media Officer Job in Pakistan
10014,other,junior,Karachi,PK,chisel_pk,,,PKR,monthly,,,Full Time Assistant Manager / Manager Sales Jobs in Pakistan
10015,other,mid,Karachi,PK,chisel_pk,,,PKR,monthly,,,Full Time Sales / Customer Service Executive Job in Pakistan
10016,other,junior,Karachi,PK,chisel_pk,,,PKR,monthly,,,Full Time Sales Executive Job in Pakistan
10017,other,unknown,Karachi,PK,chisel_pk,,,PKR,monthly,,,Full Time Call Center Agent Jobs in Pakistan
10018,other,mid,Islamabad,PK,chisel_pk,,,PKR,monthly,,,Full Time Senior Python Developer Jobs in Pakistan
10019,other,mid,Islamabad,PK,chisel_pk,,,PKR,monthly,,,Full Time Senior Software Engineer Job in Pakistan
10020,other,junior,Multan,PK,chisel_pk,,,PKR,monthly,,,Full Time Commercial Experience Executive Job in Pakistan
10021,other,junior,Lahore,PK,chisel_pk,,,PKR,monthly,,,Full Time Business Development Executive Job in Pakistan
10022,other,junior,Lahore,PK,chisel_pk,,,PKR,monthly,,,Full Time 3D Modeler / CG Artist Game Jobs in Pakistan
10023,other,junior,Lahore,PK,chisel_pk,,,PKR,monthly,,,Full Time Bidding Expert / Social Media Marketer Jobs in Pakistan
10024,other,junior,Lahore,PK,chisel_pk,,,PKR,monthly,,,Full Time Customer Relationship Officer Jobs in Pakistan
10025,other,senior,Lahore,PK,chisel_pk,,,PKR,monthly,,,Full Time Chartered Accountant / Internal Auditor Jobs in Pakistan
10026,other,mid,Islamabad,PK,chisel_pk,,,PKR,monthly,,,Full Time ASP .Net Developer Jobs in Pakistan
10027,other,mid,Lahore,PK,chisel_pk,,,PKR,monthly,,,Full Time Senior Support Representative Job in Pakistan
10028,other,junior,Karachi,PK,chisel_pk,,,PKR,monthly,,,Full Time Business Development Executive Jobs in Pakistan
10029,other,junior,Islamabad,PK,chisel_pk,,,PKR,monthly,,,Full Time Civil Site Engineer Jobs in Pakistan
32685,other,senior,Islamabad,PK,kaggle_rozee_pk,120000.0,170000.0,PKR,monthly,,145000.0,Database Administrator
10030,other,mid,Karachi,PK,chisel_pk,,,PKR,monthly,,,Full Time Graphic Designer Job in Pakistan
10031,other,junior,Ghakhar Mandi,PK,chisel_pk,,,PKR,monthly,,,Full Time Junior Business Development Manager (BDM) Jobs in Pakistan
10033,other,junior,Islamabad,PK,chisel_pk,,,PKR,monthly,,,Full Time .NET Developer Jobs in Pakistan
10034,other,junior,Lahore,PK,chisel_pk,,,PKR,monthly,,,Full Time Marketing / Sales Officer Job in Pakistan
10035,other,unknown,Lahore,PK,chisel_pk,,,PKR,monthly,,,Full Time Call Center Representative Jobs in Pakistan
10036,other,junior,Islamabad,PK,chisel_pk,,,PKR,monthly,,,Full Time C# 3Tier Windows Application Developer Jobs in Pakistan
10037,other,junior,Faisalabad,PK,chisel_pk,,,PKR,monthly,,,Full Time Laravel Developer With Ionic / Angular Experience Jobs in Pakistan
10038,other,junior,Lahore,PK,chisel_pk,,,PKR,monthly,,,Full Time Software Quality Assurance And Testing Job in Pakistan
10039,other,junior,Lahore,PK,chisel_pk,,,PKR,monthly,,,Full Time Software Engineer (IOS Developer) Jobs in Pakistan
10040,other,junior,Karachi,PK,chisel_pk,,,PKR,monthly,,,Full Time Front End Developer Jobs in Pakistan
10041,other,junior,Karachi,PK,chisel_pk,,,PKR,monthly,,,Full Time Business Development Officer Jobs in Pakistan
10042,other,junior,Multan,PK,chisel_pk,,,PKR,monthly,,,Full Time Sales Executive (Motorcycle Sales - Contractual) Job in Pakistan
10043,other,junior,Karachi,PK,chisel_pk,,,PKR,monthly,,,Full Time Internee Graphic - Web Designer Jobs in Pakistan
10044,other,junior,Sialkot,PK,chisel_pk,,,PKR,monthly,,,Full Time Sales Executive (Motorcycle Sales - Contractual) Job in Pakistan
32686,operations_analyst,unknown,Lahore,PK,kaggle_rozee_pk,70000.0,100000.0,PKR,monthly,,85000.0,Operations Analyst
10045,other,junior,Gujranwala,PK,chisel_pk,,,PKR,monthly,,,Full Time Php / Wordpress Developer Jobs in Pakistan
10046,other,mid,Lahore,PK,chisel_pk,,,PKR,monthly,,,Full Time Office Manager- Lahore City Job in Pakistan
10047,other,junior,Karachi,PK,chisel_pk,,,PKR,monthly,,,Full Time Customer Service Reps - Night Shift Job in Pakistan
10048,other,junior,Karachi,PK,chisel_pk,,,PKR,monthly,,,Full Time UI/Frontend Developer Job in Pakistan
10049,other,junior,Karachi,PK,chisel_pk,,,PKR,monthly,,,Online Full Time Seo And Social Media Marketing Job in Pakistan
10050,other,junior,Sialkot,PK,chisel_pk,,,PKR,monthly,,,Full Time Front Desk Officer Job in Pakistan
10051,other,mid,Karachi,PK,chisel_pk,,,PKR,monthly,,,Full Time Web Developer Job in Pakistan
10052,other,junior,Islamabad,PK,chisel_pk,,,PKR,monthly,,,Full Time Inbound Call Center Agent Jobs in Pakistan
10053,other,junior,Karachi,PK,chisel_pk,,,PKR,monthly,,,Full Time Digital Marketer Job in Pakistan
10054,other,unknown,Karachi,PK,chisel_pk,,,PKR,monthly,,,Full Time Graphics Designer Job in Pakistan
10055,other,mid,Sialkot,PK,chisel_pk,,,PKR,monthly,,,Full Time Accounts Officer Job in Pakistan
10056,other,junior,Faisalabad,PK,chisel_pk,,,PKR,monthly,,,Full Time Technical Support & Network Expert (I.T Expert) Job in Pakistan
10057,other,junior,Faisalabad,PK,chisel_pk,,,PKR,monthly,,,Full Time Wordpress/Shopify Developer Job in Pakistan
10058,other,mid,Karachi,PK,chisel_pk,,,PKR,monthly,,,Full Time Senior PHP Developer Job in Pakistan
10059,other,junior,Lahore,PK,chisel_pk,,,PKR,monthly,,,Full Time MERN Stack Developer Jobs in Pakistan
10060,other,mid,Lahore,PK,chisel_pk,,,PKR,monthly,,,Full Time Senior Graphic Designer Job in Pakistan
10061,other,junior,Lahore,PK,chisel_pk,,,PKR,monthly,,,Full Time Senior Android & Ios Developer Job in Pakistan
10062,other,junior,Lahore,PK,chisel_pk,,,PKR,monthly,,,Full Time Game Developer / Unity 3D Developer Job in Pakistan
10063,other,junior,Karachi,PK,chisel_pk,,,PKR,monthly,,,Full Time CCTV Operator Jobs in Pakistan
10064,other,junior,Karachi,PK,chisel_pk,,,PKR,monthly,,,Full Time Dispensing Officer Job in Pakistan
10065,other,junior,Karachi,PK,chisel_pk,,,PKR,monthly,,,Full Time Deputy Manager Validation Job in Pakistan
10066,other,junior,Karachi,PK,chisel_pk,,,PKR,monthly,,,Full Time Warehouse Officer / Senior Warehouse Officer Job in Pakistan
10067,other,junior,Gujranwala,PK,chisel_pk,,,PKR,monthly,,,Online Full Time Front-End Developer Angular Job in Pakistan
10068,other,junior,Lahore,PK,chisel_pk,,,PKR,monthly,,,Full Time Junior .NET Developer Jobs in Pakistan
10069,other,junior,Lahore,PK,chisel_pk,,,PKR,monthly,,,Full Time Medical Billing Associate Jobs in Pakistan
10070,other,junior,Lahore,PK,chisel_pk,,,PKR,monthly,,,Full Time Graphic Designer Jobs in Pakistan
10071,other,junior,Lahore,PK,chisel_pk,,,PKR,monthly,,,Full Time Patient Service Representative Jobs in Pakistan
10073,other,junior,Islamabad,PK,chisel_pk,,,PKR,monthly,,,Full Time Digital Sales Expert Amazon & Ebay Product Hunting Jobs in Pakistan
10074,other,junior,Karachi,PK,chisel_pk,,,PKR,monthly,,,Full Time Business Development Executive Jobs in Pakistan
10075,data_analyst,mid,Islamabad,PK,chisel_pk,,,PKR,monthly,,,Full Time Accounting Business Analyst Job in Pakistan
10076,other,mid,Islamabad,PK,chisel_pk,,,PKR,monthly,,,Full Time Team Lead Operations Job in Pakistan
10077,other,mid,Karachi,PK,chisel_pk,,,PKR,monthly,,,Full Time Senior PHP Developer Job in Pakistan
10078,other,mid,Islamabad,PK,chisel_pk,,,PKR,monthly,,,Full Time Motion Graphics Artist / 2D Animator Jobs in Pakistan
10079,other,junior,Karachi,PK,chisel_pk,,,PKR,monthly,,,Full Time Site Supervisor Finishing (Project Based) Job in Pakistan
10080,other,junior,Islamabad,PK,chisel_pk,,,PKR,monthly,,,Full Time Electrical Engineer Job in Pakistan
10081,other,junior,Lahore,PK,chisel_pk,,,PKR,monthly,,,Full Time Associate Software Engineer (Android Developer) Jobs in Pakistan
10082,other,junior,Karachi,PK,chisel_pk,,,PKR,monthly,,,Online Full Time Junior Assistant / CSR Job in Pakistan
10083,other,junior,Lahore,PK,chisel_pk,,,PKR,monthly,,,Full Time Android Developer Internship Job in Pakistan
10084,other,junior,Karachi,PK,chisel_pk,,,PKR,monthly,,,Full Time International Business Coordinator - Car Sales Jobs in Pakistan
10085,other,junior,Karachi,PK,chisel_pk,,,PKR,monthly,,,Full Time UI/UX Designer Job in Pakistan
10086,other,mid,Karachi,PK,chisel_pk,,,PKR,monthly,,,Full Time Web Developer Job in Pakistan
10087,other,junior,Faisalabad,PK,chisel_pk,,,PKR,monthly,,,Full Time Digital / Online Marketing For Textile Woven Products Jobs in Pakistan
10088,other,mid,Islamabad,PK,chisel_pk,,,PKR,monthly,,,Full Time Manager Accounts Job in Pakistan
10089,other,mid,Islamabad,PK,chisel_pk,,,PKR,monthly,,,Full Time Manager Marketing / Marketing Executive Job in Pakistan
10090,other,mid,Islamabad,PK,chisel_pk,,,PKR,monthly,,,Full Time HR And Admin Manager Job in Pakistan
10091,other,mid,Karachi,PK,chisel_pk,,,PKR,monthly,,,Full Time Senior Full Stack Wordpress Developer Job in Pakistan
10092,other,junior,Islamabad,PK,chisel_pk,,,PKR,monthly,,,Full Time IT Customer Support Executive - Inbound Jobs in Pakistan
10093,other,junior,Islamabad,PK,chisel_pk,,,PKR,monthly,,,Full Time Full Stack Software Developer (Angular) Job in Pakistan
10094,other,unknown,Islamabad,PK,chisel_pk,,,PKR,monthly,,,Full Time Customer Support Specialist - Work At Home Jobs in Pakistan
10095,other,unknown,Karachi,PK,chisel_pk,,,PKR,monthly,,,Full Time Image Editor Jobs in Pakistan
10096,other,unknown,Lahore,PK,chisel_pk,,,PKR,monthly,,,Full Time Inbound Sales Specialist - Lahore Jobs in Pakistan
10097,other,junior,Lahore,PK,chisel_pk,,,PKR,monthly,,,Full Time Data Entry Operator Jobs in Pakistan
10098,other,junior,Islamabad,PK,chisel_pk,,,PKR,monthly,,,Full Time Compliance Manager. Job in Pakistan
10099,other,junior,Islamabad,PK,chisel_pk,,,PKR,monthly,,,Full Time Logistics Assistant. Job in Pakistan
10100,other,mid,Islamabad,PK,chisel_pk,,,PKR,monthly,,,Full Time Angular Developer Job in Pakistan
10101,other,junior,Islamabad,PK,chisel_pk,,,PKR,monthly,,,Full Time Sales Executive Jobs in Pakistan
10102,other,junior,Karachi,PK,chisel_pk,,,PKR,monthly,,,Online Full Time Software Developer Jobs in Pakistan
10103,other,junior,Lahore,PK,chisel_pk,,,PKR,monthly,,,Full Time Outbound Cold Caller Required For UK Custom Printing Website Jobs in Pakistan
10105,other,junior,Lahore,PK,chisel_pk,,,PKR,monthly,,,Full Time Fresh Software Engineer Job in Pakistan
10106,other,junior,Islamabad,PK,chisel_pk,,,PKR,monthly,,,Full Time Accounts & Tax Internee Job in Pakistan
10107,other,junior,Islamabad,PK,chisel_pk,,,PKR,monthly,,,Full Time Sales Closer ( Inbound ) Jobs in Pakistan
10108,other,junior,Lahore,PK,chisel_pk,,,PKR,monthly,,,Full Time Sales Representative / Order Takers Jobs in Pakistan
10110,other,junior,Islamabad,PK,chisel_pk,,,PKR,monthly,,,Online Full Time Sales And Marketing Executive Jobs in Pakistan
10111,other,junior,Islamabad,PK,chisel_pk,,,PKR,monthly,,,Full Time Mechanical & Electrical Engineer Job in Pakistan
10112,other,mid,Islamabad,PK,chisel_pk,,,PKR,monthly,,,Full Time Experienced Full-Stack Web Developer Vuejs / Python Job in Pakistan
10113,other,unknown,Islamabad,PK,chisel_pk,,,PKR,monthly,,,Full Time Email And Chat Support Executive - Domestic Jobs in Pakistan
10114,other,unknown,Islamabad,PK,chisel_pk,,,PKR,monthly,,,Full Time Customer Support Executive - Domestic Jobs in Pakistan
10115,other,mid,Lahore,PK,chisel_pk,,,PKR,monthly,,,Full Time Senior Software Engineer Job in Pakistan
10116,other,junior,Islamabad,PK,chisel_pk,,,PKR,monthly,,,Full Time Linux Administrator Jobs in Pakistan
10118,other,unknown,Peshawar,PK,chisel_pk,,,PKR,monthly,,,Full Time Graphics Designer Job in Pakistan
10119,other,junior,Karachi,PK,chisel_pk,,,PKR,monthly,,,Full Time Software Engineer - (PHP) Job in Pakistan
10120,other,junior,Karachi,PK,chisel_pk,,,PKR,monthly,,,Full Time Business Executives Jobs in Pakistan
10121,other,junior,Lahore,PK,chisel_pk,,,PKR,monthly,,,Full Time Telesales Representatives Job in Pakistan
10122,other,junior,Lahore,PK,chisel_pk,,,PKR,monthly,,,Online Full Time Wordpress Developer Jobs in Pakistan
10123,other,junior,Bahawalpur,PK,chisel_pk,,,PKR,monthly,,,Full Time Video Animator Artist Job in Pakistan
10124,other,mid,Lahore,PK,chisel_pk,,,PKR,monthly,,,"Full Time Microsoft Office Specialist/MOS (Word, Excel, Power Point) Jobs in Pakistan"
10125,other,junior,Karachi,PK,chisel_pk,,,PKR,monthly,,,Full Time Sales Coordinator Job in Pakistan
10126,other,mid,Karachi,PK,chisel_pk,,,PKR,monthly,,,Full Time Creative Designer Required For A Social Media Agency Jobs in Pakistan
10127,other,junior,Karachi,PK,chisel_pk,,,PKR,monthly,,,Full Time Social Media Marketing Executive Job in Pakistan
10128,other,mid,Lahore,PK,chisel_pk,,,PKR,monthly,,,Full Time Assist. Manager Export Sales Jobs in Pakistan
10129,other,junior,Islamabad,PK,chisel_pk,,,PKR,monthly,,,Full Time Wordpress Developer / Designer - Internship Opportunity Jobs in Pakistan
10130,other,mid,Karachi,PK,chisel_pk,,,PKR,monthly,,,Full Time Backend Developer Job in Pakistan
10131,other,mid,Karachi,PK,chisel_pk,,,PKR,monthly,,,Full Time Frontend Developer Job in Pakistan
10132,other,junior,Karachi,PK,chisel_pk,,,PKR,monthly,,,Full Time Android Developer Job in Pakistan
10134,other,mid,Karachi,PK,chisel_pk,,,PKR,monthly,,,Full Time Software Test Engineer Job in Pakistan
10135,other,mid,Karachi,PK,chisel_pk,,,PKR,monthly,,,Full Time Senior Wordpress / PHP Developer Jobs in Pakistan
10136,other,junior,Lahore,PK,chisel_pk,,,PKR,monthly,,,Full Time PHP Developers (Frameworks & Core) Job in Pakistan
10137,other,junior,Multan,PK,chisel_pk,,,PKR,monthly,,,Full Time Business Development Trainee & Sales Executives Jobs in Pakistan
10138,other,junior,Lahore,PK,chisel_pk,,,PKR,monthly,,,Online Full Time Marketing Manager Job in Pakistan
10139,other,junior,Lahore,PK,chisel_pk,,,PKR,monthly,,,Full Time PHP Developers (Frameworks & Core) Job in Pakistan
10140,other,mid,Karachi,PK,chisel_pk,,,PKR,monthly,,,Full Time Senior Spare Parts Executive Job in Pakistan
10141,other,junior,Gujranwala,PK,chisel_pk,,,PKR,monthly,,,Full Time Receptionist Job in Pakistan
10142,other,junior,Islamabad,PK,chisel_pk,,,PKR,monthly,,,Full Time Paid Internship Opportunity In Pharmaceutical Industry Job in Pakistan
10143,other,junior,Lahore,PK,chisel_pk,,,PKR,monthly,,,Full Time Front Desk Officer / Receptionist Job in Pakistan
10144,other,unknown,Lahore,PK,chisel_pk,,,PKR,monthly,,,Full Time Office Assistant / Secretary Job in Pakistan
10145,other,junior,Lahore,PK,chisel_pk,,,PKR,monthly,,,Full Time DAE Metallurgy Job in Pakistan
10146,other,junior,Islamabad,PK,chisel_pk,,,PKR,monthly,,,Online Full Time PHP Web Developer Job in Pakistan
10147,other,junior,Islamabad,PK,chisel_pk,,,PKR,monthly,,,Full Time Content Writer / Blogger Job in Pakistan
10148,other,junior,Lahore,PK,chisel_pk,,,PKR,monthly,,,Full Time Accountant Job in Pakistan
10149,other,junior,Lahore,PK,chisel_pk,,,PKR,monthly,,,Full Time Email & Live Chat Support Agent Jobs in Pakistan
10150,other,junior,Lahore,PK,chisel_pk,,,PKR,monthly,,,Full Time Senior Laravel / Lumen Developer Jobs in Pakistan
10151,other,junior,Lahore,PK,chisel_pk,,,PKR,monthly,,,Full Time .Net Developer Job in Pakistan
10152,other,junior,Lahore,PK,chisel_pk,,,PKR,monthly,,,Full Time React Developers Job in Pakistan
10153,other,mid,Karachi,PK,chisel_pk,,,PKR,monthly,,,Full Time ATS And Diesel Generator Electrician Jobs in Pakistan
10154,other,mid,Karachi,PK,chisel_pk,,,PKR,monthly,,,Full Time Diesel Generators Mechanic Jobs in Pakistan
10155,other,junior,Karachi,PK,chisel_pk,,,PKR,monthly,,,Full Time IOS Developer Job in Pakistan
10156,other,mid,Karachi,PK,chisel_pk,,,PKR,monthly,,,Full Time SEO & Content Specialist Job in Pakistan
10157,other,junior,Lahore,PK,chisel_pk,,,PKR,monthly,,,Online Full Time Laravel Experienced Developer Jobs in Pakistan
10158,other,mid,Hasan Abdal,PK,chisel_pk,,,PKR,monthly,,,Full Time Full Stack Web Developer (ASP.Net) LINQ To SQL (TAXILA) Job in Pakistan
10159,other,mid,Islamabad,PK,chisel_pk,,,PKR,monthly,,,Full Time Senior Graphic Designer Job in Pakistan
10160,other,mid,Karachi,PK,chisel_pk,,,PKR,monthly,,,"Full Time Manager Accounts, Finance & Taxation Job in Pakistan"
10161,other,junior,Islamabad,PK,chisel_pk,,,PKR,monthly,,,Full Time Medical Research Writer Jobs in Pakistan
10162,other,junior,Islamabad,PK,chisel_pk,,,PKR,monthly,,,Full Time Full Slack Web Developer Jobs in Pakistan
10163,other,junior,Islamabad,PK,chisel_pk,,,PKR,monthly,,,Full Time Team Coordinator Jobs in Pakistan
10164,other,junior,Islamabad,PK,chisel_pk,,,PKR,monthly,,,Full Time Business Development Officers For Sales Department Jobs in Pakistan
10165,other,mid,Lahore,PK,chisel_pk,,,PKR,monthly,,,Full Time Admin Manager Job in Pakistan
10166,other,mid,Islamabad,PK,chisel_pk,,,PKR,monthly,,,Full Time Graphic Designer Job in Pakistan
10167,other,junior,Lahore,PK,chisel_pk,,,PKR,monthly,,,"Online Full Time Internship In Word Press, SEO And Content Writer Job in Pakistan"
10168,other,junior,Islamabad,PK,chisel_pk,,,PKR,monthly,,,Full Time Internee (Finance) Jobs in Pakistan
10169,other,mid,Lahore,PK,chisel_pk,,,PKR,monthly,,,Full Time Senior PHP Developer Job in Pakistan
10170,other,mid,Islamabad,PK,chisel_pk,,,PKR,monthly,,,Full Time Senior PHP (Laravel) Developer Jobs in Pakistan
10171,other,junior,Karachi,PK,chisel_pk,,,PKR,monthly,,,Full Time Tele Sales Executive Jobs in Pakistan
32687,statistician,unknown,Karachi,PK,kaggle_rozee_pk,130000.0,180000.0,PKR,monthly,,155000.0,Research Analyst
10172,other,junior,Bahawalnagar,PK,chisel_pk,,,PKR,monthly,,,Full Time Magento Developer Jobs in Pakistan
10173,other,mid,Hyderabad,PK,chisel_pk,,,PKR,monthly,,,Online Full Time SEO Specialist / Content Writer Jobs in Pakistan
10174,other,junior,Islamabad,PK,chisel_pk,,,PKR,monthly,,,Full Time Receptionist - Front Desk Officer Job Job in Pakistan
10175,other,junior,Lahore,PK,chisel_pk,,,PKR,monthly,,,Full Time PHP Developers (Frameworks & Core) Job in Pakistan
10176,other,junior,Lahore,PK,chisel_pk,,,PKR,monthly,,,Full Time Hybrid Mobile Application / JS Developer Job in Pakistan
10177,other,junior,Islamabad,PK,chisel_pk,,,PKR,monthly,,,Full Time REACT Native Developer Job in Pakistan
10178,other,junior,Islamabad,PK,chisel_pk,,,PKR,monthly,,,Full Time MERN Developer Job in Pakistan
10179,other,junior,Lahore,PK,chisel_pk,,,PKR,monthly,,,Full Time Telesale Executive Jobs in Pakistan
10180,other,junior,Lahore,PK,chisel_pk,,,PKR,monthly,,,Full Time SEO Link Builder Job in Pakistan
10181,other,junior,Islamabad,PK,chisel_pk,,,PKR,monthly,,,Full Time Full Stack Web Developer Vuejs / PHP Laravel Jobs in Pakistan
10182,other,junior,Lahore,PK,chisel_pk,,,PKR,monthly,,,Full Time Data Entry Operator Job in Pakistan
10183,other,junior,Lahore,PK,chisel_pk,,,PKR,monthly,,,Full Time Telesales Representative Job in Pakistan
10184,other,mid,Lahore,PK,chisel_pk,,,PKR,monthly,,,Full Time AM International Regulatory Job in Pakistan
10185,other,junior,Islamabad,PK,chisel_pk,,,PKR,monthly,,,Full Time Accounts Executive Job in Pakistan
10186,other,junior,Faisalabad,PK,chisel_pk,,,PKR,monthly,,,Full Time Javascript Developer Job in Pakistan
10187,other,mid,Karachi,PK,chisel_pk,,,PKR,monthly,,,Full Time Regional Sales Executive Job in Pakistan
10188,other,mid,Islamabad,PK,chisel_pk,,,PKR,monthly,,,Full Time PCR Application & Sales Executive Jobs in Pakistan
10189,other,junior,Islamabad,PK,chisel_pk,,,PKR,monthly,,,Full Time Sales Specialist Jobs in Pakistan
10190,other,junior,Islamabad,PK,chisel_pk,,,PKR,monthly,,,Online Full Time Graphic Designer And Front-End Web Developer Jobs in Pakistan
10191,other,mid,Karachi,PK,chisel_pk,,,PKR,monthly,,,Full Time Sr. PHP Developer Job in Pakistan
10192,other,junior,Lahore,PK,chisel_pk,,,PKR,monthly,,,Full Time Vendor Manager Jobs in Pakistan
10193,other,junior,Lahore,PK,chisel_pk,,,PKR,monthly,,,Full Time React Native / React Developer Jobs in Pakistan
10194,other,junior,Lahore,PK,chisel_pk,,,PKR,monthly,,,Full Time Technical Co-Founder At Startup Job in Pakistan
10195,other,junior,Lahore,PK,chisel_pk,,,PKR,monthly,,,Full Time Social / Digital Media Manager Job in Pakistan
10196,other,junior,Islamabad,PK,chisel_pk,,,PKR,monthly,,,Full Time Customer Sale Representative Jobs in Pakistan
10197,other,mid,Karachi,PK,chisel_pk,,,PKR,monthly,,,Full Time Web Developer Job in Pakistan
10198,other,mid,Lahore,PK,chisel_pk,,,PKR,monthly,,,Full Time Graphic Designer Job in Pakistan
10199,other,junior,Mardan,PK,chisel_pk,,,PKR,monthly,,,Full Time Video Editor Job in Pakistan
10200,other,junior,Lahore,PK,chisel_pk,,,PKR,monthly,,,Full Time Business Development Executive Job in Pakistan
10201,other,junior,Lahore,PK,chisel_pk,,,PKR,monthly,,,Full Time Psychologist Or Psychiatrist - Entry Level Job in Pakistan
10202,other,junior,Lahore,PK,chisel_pk,,,PKR,monthly,,,Online Full Time Accountant With Good English Skills Jobs in Pakistan
10203,other,junior,Islamabad,PK,chisel_pk,,,PKR,monthly,,,Full Time Social Media Marketing Expert Job in Pakistan
10204,other,junior,Bahawalnagar,PK,chisel_pk,,,PKR,monthly,,,Full Time Junior Financial Advisor And Senior Financial Advisors Jobs in Pakistan
10205,other,junior,Lahore,PK,chisel_pk,,,PKR,monthly,,,Full Time Business Development Manager Jobs in Pakistan
10206,other,junior,Lahore,PK,chisel_pk,,,PKR,monthly,,,Full Time Software Quality Assurance Engineer / SQA Engineer Jobs in Pakistan
10207,other,junior,Lahore,PK,chisel_pk,,,PKR,monthly,,,Full Time International Business Development Executive Jobs in Pakistan
10208,other,mid,Lahore,PK,chisel_pk,,,PKR,monthly,,,Full Time Project Manager Job in Pakistan
10209,other,junior,Lahore,PK,chisel_pk,,,PKR,monthly,,,Full Time Wordpress Developer Jobs in Pakistan
10210,other,junior,Lahore,PK,chisel_pk,,,PKR,monthly,,,Full Time Graphic Designer Jobs in Pakistan
10211,other,junior,Lahore,PK,chisel_pk,,,PKR,monthly,,,Full Time Sales Executive Job in Pakistan
10212,other,junior,Lahore,PK,chisel_pk,,,PKR,monthly,,,Full Time Business Developer Job in Pakistan
10213,other,junior,Lahore,PK,chisel_pk,,,PKR,monthly,,,Full Time Flutter Developer Jobs in Pakistan
10214,other,mid,Karachi,PK,chisel_pk,,,PKR,monthly,,,Full Time Expert PHP / Laravel Developer Job in Pakistan
10215,other,junior,Lahore,PK,chisel_pk,,,PKR,monthly,,,Full Time Senior Unity Game Developer Jobs in Pakistan
10216,other,mid,Karachi,PK,chisel_pk,,,PKR,monthly,,,Full Time Ecommerce Sales & Marketing Jobs in Pakistan
10217,other,junior,Karachi,PK,chisel_pk,,,PKR,monthly,,,Full Time Storyboard Artist Jobs in Pakistan
10218,other,junior,Karachi,PK,chisel_pk,,,PKR,monthly,,,Full Time International Sales Executive Jobs in Pakistan
10219,other,junior,Lahore,PK,chisel_pk,,,PKR,monthly,,,Full Time Business Development Executive Job in Pakistan
10220,other,mid,Lahore,PK,chisel_pk,,,PKR,monthly,,,Full Time SEO Expert Job in Pakistan
10221,other,junior,Lahore,PK,chisel_pk,,,PKR,monthly,,,Full Time PHP Manager Jobs in Pakistan
10222,other,junior,Lahore,PK,chisel_pk,,,PKR,monthly,,,Full Time Field Operations Staff Jobs in Pakistan
10223,other,mid,Lahore,PK,chisel_pk,,,PKR,monthly,,,Online Full Time Full Stack / Web Developer Job in Pakistan
10224,other,mid,Lahore,PK,chisel_pk,,,PKR,monthly,,,Full Time Backend Developer - Dot NET Core Jobs in Pakistan
10225,other,mid,Lahore,PK,chisel_pk,,,PKR,monthly,,,Full Time Graphic Designer Job in Pakistan
10226,other,junior,Lahore,PK,chisel_pk,,,PKR,monthly,,,Full Time Assistant Project Manager Job in Pakistan
10227,other,mid,Faisalabad,PK,chisel_pk,,,PKR,monthly,,,Online Full Time Digital Marketing And Team Manager - Remote Job in Pakistan
10228,other,junior,Lahore,PK,chisel_pk,,,PKR,monthly,,,Full Time Sales Executive Jobs in Pakistan
10229,other,mid,Lahore,PK,chisel_pk,,,PKR,monthly,,,Full Time DAE Civil Job in Pakistan
10230,other,junior,Karachi,PK,chisel_pk,,,PKR,monthly,,,Full Time Front Desk Officer Jobs in Pakistan
10231,other,junior,Karachi,PK,chisel_pk,,,PKR,monthly,,,Full Time Call Center Agent International Campaign Jobs in Pakistan
10232,other,unknown,Islamabad,PK,chisel_pk,,,PKR,monthly,,,Full Time Online Marketing And Office Management Jobs in Pakistan
32688,data_analyst,unknown,Karachi,PK,kaggle_rozee_pk,88000.0,135000.0,PKR,monthly,,111500.0,Data Analyst
10233,other,junior,Islamabad,PK,chisel_pk,,,PKR,monthly,,,Full Time Social Media Manager Female Jobs in Pakistan
10234,other,junior,Karachi,PK,chisel_pk,,,PKR,monthly,,,Full Time Affiliate Marketing Job in Pakistan
10235,other,junior,Karachi,PK,chisel_pk,,,PKR,monthly,,,Full Time Customer Representative Job in Pakistan
10236,other,junior,Karachi,PK,chisel_pk,,,PKR,monthly,,,Full Time Sales Representative Job in Pakistan
10237,other,mid,Islamabad,PK,chisel_pk,,,PKR,monthly,,,Full Time Senior ODOO Developer Jobs in Pakistan
10238,other,junior,Islamabad,PK,chisel_pk,,,PKR,monthly,,,Full Time Market Research Executive Jobs in Pakistan
10239,other,junior,Karachi,PK,chisel_pk,,,PKR,monthly,,,Online Full Time Experienced Call Centre Agent (Home-Based) Job in Pakistan
10240,other,junior,Karachi,PK,chisel_pk,,,PKR,monthly,,,Full Time Internship Jobs in Pakistan
10241,other,junior,Lahore,PK,chisel_pk,,,PKR,monthly,,,Full Time Product Photoshoot (Ecommerce Photographer) For Ecommerce Website Job in Pakistan
10242,other,junior,Lahore,PK,chisel_pk,,,PKR,monthly,,,Full Time Sales Executive Job in Pakistan
10243,other,junior,Islamabad,PK,chisel_pk,,,PKR,monthly,,,Full Time Field Technician Jobs in Pakistan
10244,other,mid,Islamabad,PK,chisel_pk,,,PKR,monthly,,,Full Time Restaurant Shift Manager - G 13 Islamabad Job in Pakistan
10245,other,junior,Lahore,PK,chisel_pk,,,PKR,monthly,,,Full Time Photo Editor Jobs in Pakistan
10246,other,junior,Karachi,PK,chisel_pk,,,PKR,monthly,,,Online Full Time Customer Service Executive Jobs in Pakistan
10247,other,junior,Lahore,PK,chisel_pk,,,PKR,monthly,,,Full Time Sales And Marketing Intern Job in Pakistan
10248,other,unknown,Lahore,PK,chisel_pk,,,PKR,monthly,,,Full Time Call Center Agent Jobs in Pakistan
10249,other,mid,Lahore,PK,chisel_pk,,,PKR,monthly,,,Full Time PHP Laravel Developers - Urgent Jobs in Pakistan
10250,other,mid,Lahore,PK,chisel_pk,,,PKR,monthly,,,Full Time Senior Software Engineer Jobs in Pakistan
10251,other,junior,Lahore,PK,chisel_pk,,,PKR,monthly,,,Full Time Software Quality Assurance Jobs in Pakistan
10252,other,junior,Lahore,PK,chisel_pk,,,PKR,monthly,,,Full Time Telesales Representative Jobs in Pakistan
10253,other,junior,Lahore,PK,chisel_pk,,,PKR,monthly,,,Full Time Data Entry Operator Job in Pakistan
10254,other,mid,Karachi,PK,chisel_pk,,,PKR,monthly,,,Full Time Azure Cloud Engineer Jobs in Pakistan
10255,other,junior,Islamabad,PK,chisel_pk,,,PKR,monthly,,,Full Time Manager Public Partnerships North Job in Pakistan
10256,other,junior,Islamabad,PK,chisel_pk,,,PKR,monthly,,,Full Time Stream Head Corporate Sustainability Job in Pakistan
10257,other,junior,Islamabad,PK,chisel_pk,,,PKR,monthly,,,Full Time Stream Head Digital Communications - Internal & External Job in Pakistan
10258,other,junior,Islamabad,PK,chisel_pk,,,PKR,monthly,,,Full Time Project Coordinator Infrastructure Sharing And Special Projects Job in Pakistan
10259,other,junior,Islamabad,PK,chisel_pk,,,PKR,monthly,,,Full Time SOC Specialist Job in Pakistan
10260,other,mid,Karachi,PK,chisel_pk,,,PKR,monthly,,,Full Time Senior React JS Developer Jobs in Pakistan
10261,other,junior,Islamabad,PK,chisel_pk,,,PKR,monthly,,,Full Time Business Development Manager Jobs in Pakistan
10262,other,junior,Karachi,PK,chisel_pk,,,PKR,monthly,,,Full Time Sales Officer Jobs in Pakistan
10263,other,junior,Lahore,PK,chisel_pk,,,PKR,monthly,,,Full Time Admin & Security Officer Job in Pakistan
10264,other,junior,Lahore,PK,chisel_pk,,,PKR,monthly,,,Full Time Unity 3D Game Developer Jobs in Pakistan
10265,other,junior,Lahore,PK,chisel_pk,,,PKR,monthly,,,Full Time Front End Developer Job in Pakistan
10266,other,mid,Islamabad,PK,chisel_pk,,,PKR,monthly,,,Full Time Senior Full Stack Developer Job in Pakistan
10267,other,junior,Karachi,PK,chisel_pk,,,PKR,monthly,,,Full Time Laravel Developers Jobs in Pakistan
10268,other,junior,Islamabad,PK,chisel_pk,,,PKR,monthly,,,Full Time Sales Executive Jobs in Pakistan
10269,other,junior,Faisalabad,PK,chisel_pk,,,PKR,monthly,,,Full Time Personal Assistant Job in Pakistan
10270,other,mid,Karachi,PK,chisel_pk,,,PKR,monthly,,,Full Time Social Media Executive Job in Pakistan
10271,other,junior,Karachi,PK,chisel_pk,,,PKR,monthly,,,"Online Full Time Call Center Reps - Agents, Closers, Supervisors, Manager Jobs in Pakistan"
10272,other,junior,Lahore,PK,chisel_pk,,,PKR,monthly,,,Full Time Trainee Job in Pakistan
10273,other,mid,Lahore,PK,chisel_pk,,,PKR,monthly,,,Online Full Time Medical Sales Representative Jobs in Pakistan
10274,other,mid,Karachi,PK,chisel_pk,,,PKR,monthly,,,Full Time Pathologist Job in Pakistan
10275,other,junior,Karachi,PK,chisel_pk,,,PKR,monthly,,,Full Time Website Designer / Developer Jobs in Pakistan
10277,other,junior,Islamabad,PK,chisel_pk,,,PKR,monthly,,,Full Time Backend Developer Jobs in Pakistan
10278,other,mid,Islamabad,PK,chisel_pk,,,PKR,monthly,,,Full Time Frontend Developer Jobs in Pakistan
10279,other,mid,Islamabad,PK,chisel_pk,,,PKR,monthly,,,Online Full Time Senior Full Stack Engineer Jobs in Pakistan
10280,other,mid,Islamabad,PK,chisel_pk,,,PKR,monthly,,,Full Time Team Manager (Night Shift) Jobs in Pakistan
10281,other,junior,Islamabad,PK,chisel_pk,,,PKR,monthly,,,Full Time Communication Specialist (Night Shift) Jobs in Pakistan
10282,other,junior,Islamabad,PK,chisel_pk,,,PKR,monthly,,,Full Time Business Development Manager Job in Pakistan
10283,other,junior,Islamabad,PK,chisel_pk,,,PKR,monthly,,,Full Time Collection Officer Jobs in Pakistan
10284,other,junior,Lahore,PK,chisel_pk,,,PKR,monthly,,,Full Time .Net Developer Jobs in Pakistan
10285,other,junior,Lahore,PK,chisel_pk,,,PKR,monthly,,,Full Time Outbound Sales Associate Jobs in Pakistan
10286,other,junior,Lahore,PK,chisel_pk,,,PKR,monthly,,,Full Time Pharmaceutical Sales Representative Jobs in Pakistan
10287,other,junior,Rawalpindi,PK,chisel_pk,,,PKR,monthly,,,Full Time Content Writer Job in Pakistan
10288,other,junior,Karachi,PK,chisel_pk,,,PKR,monthly,,,Full Time PHP / Laravel Developer Jobs in Pakistan
10289,other,mid,Islamabad,PK,chisel_pk,,,PKR,monthly,,,Full Time Information Security Officer Jobs in Pakistan
10290,other,mid,Islamabad,PK,chisel_pk,,,PKR,monthly,,,Full Time Sr. Graphic Designer Jobs in Pakistan
10291,other,junior,Lahore,PK,chisel_pk,,,PKR,monthly,,,Full Time Senior Game Developer Jobs in Pakistan
10292,other,mid,Lahore,PK,chisel_pk,,,PKR,monthly,,,Online Full Time Graphic Designer And Virtual Assistant Jobs in Pakistan
10293,other,junior,Islamabad,PK,chisel_pk,,,PKR,monthly,,,Full Time Reactjs And Nodejs Developer - MERN STACK Job in Pakistan
10294,financial_analyst,mid,Lahore,PK,chisel_pk,,,PKR,monthly,,,Online Full Time Financial Analyst Job in Pakistan
10295,other,mid,Lahore,PK,chisel_pk,,,PKR,monthly,,,Online Full Time Wordpress And Web Development Job in Pakistan
10296,other,mid,Lahore,PK,chisel_pk,,,PKR,monthly,,,Full Time Admin Executive Job in Pakistan
10298,other,junior,Karachi,PK,chisel_pk,,,PKR,monthly,,,Full Time Call Center Rep Jobs in Pakistan
10299,other,mid,Gujranwala,PK,chisel_pk,,,PKR,monthly,,,Full Time Senior Java Developer Jobs in Pakistan
10300,other,mid,Gujranwala,PK,chisel_pk,,,PKR,monthly,,,Full Time Front End Angular Developer Jobs in Pakistan
10301,other,junior,Islamabad,PK,chisel_pk,,,PKR,monthly,,,Online Full Time .Net Developer Jobs in Pakistan
10302,other,junior,Lahore,PK,chisel_pk,,,PKR,monthly,,,Full Time CCTV Technician / Installer Jobs in Pakistan
10303,other,mid,Lahore,PK,chisel_pk,,,PKR,monthly,,,Full Time Graphic Designer Job in Pakistan
10304,other,junior,Lahore,PK,chisel_pk,,,PKR,monthly,,,Full Time Content Writer Job in Pakistan
10305,other,mid,Lahore,PK,chisel_pk,,,PKR,monthly,,,Full Time SEO Expert Job in Pakistan
10306,other,mid,Lahore,PK,chisel_pk,,,PKR,monthly,,,Full Time Sr. PHP Developer Jobs in Pakistan
10307,other,junior,Hasan Abdal,PK,chisel_pk,,,PKR,monthly,,,Full Time Graphics Designer Jobs in Pakistan
10308,other,junior,Hasan Abdal,PK,chisel_pk,,,PKR,monthly,,,Full Time Content Writer Jobs in Pakistan
10309,other,junior,Multan,PK,chisel_pk,,,PKR,monthly,,,Full Time React Native Developer Jobs in Pakistan
10310,other,mid,Karachi,PK,chisel_pk,,,PKR,monthly,,,Full Time Senior Full Stack Developer Jobs in Pakistan
10311,other,mid,Lahore,PK,chisel_pk,,,PKR,monthly,,,Full Time .NET Core Backend Developer Jobs in Pakistan
10312,other,junior,Islamabad,PK,chisel_pk,,,PKR,monthly,,,Full Time Android Developer / Mobile Developer Jobs in Pakistan
10313,other,junior,Islamabad,PK,chisel_pk,,,PKR,monthly,,,Full Time Frontend Developer - HTML / Wordpress Jobs in Pakistan
10314,other,junior,Karachi,PK,chisel_pk,,,PKR,monthly,,,Full Time Foreign Education Consultant Job in Pakistan
10315,other,mid,Lahore,PK,chisel_pk,,,PKR,monthly,,,Full Time Textile Designer Jobs in Pakistan
10316,other,junior,Islamabad,PK,chisel_pk,,,PKR,monthly,,,Full Time Android Studio / Web Developer Job in Pakistan
10317,other,junior,Lahore,PK,chisel_pk,,,PKR,monthly,,,Full Time Unity 3D Game Developers Jobs in Pakistan
10318,other,unknown,Lahore,PK,chisel_pk,,,PKR,monthly,,,Full Time French - Customer Support Representative Jobs in Pakistan
10319,other,unknown,Lahore,PK,chisel_pk,,,PKR,monthly,,,Full Time Italian Speaker Jobs in Pakistan
10320,other,mid,Faisalabad,PK,chisel_pk,,,PKR,monthly,,,Online Full Time Senior Wordpress Web Developer - Remote Job in Pakistan
10321,other,mid,Karachi,PK,chisel_pk,,,PKR,monthly,,,Full Time Marketing Executives Job in Pakistan
10322,other,mid,Karachi,PK,chisel_pk,,,PKR,monthly,,,Full Time Embroidery Digitizer Jobs in Pakistan
10324,other,mid,Faisalabad,PK,chisel_pk,,,PKR,monthly,,,Full Time English Language / IELTS Teacher Job in Pakistan
10325,other,junior,Islamabad,PK,chisel_pk,,,PKR,monthly,,,Full Time IOS Developers & Interns Jobs in Pakistan
10326,other,mid,Faisalabad,PK,chisel_pk,,,PKR,monthly,,,Full Time SEO And Social Media Expert Job in Pakistan
10327,other,junior,Islamabad,PK,chisel_pk,,,PKR,monthly,,,Full Time Full Stack Developer Jobs in Pakistan
10328,other,mid,Faisalabad,PK,chisel_pk,,,PKR,monthly,,,Online Full Time Front End Web Developer - Remote (UI And Wordpress Expert) Job in Pakistan
10329,other,junior,Lahore,PK,chisel_pk,,,PKR,monthly,,,Full Time Project Assistant Job in Pakistan
10330,other,junior,Lahore,PK,chisel_pk,,,PKR,monthly,,,Full Time Project Assistant Job in Pakistan
10331,other,junior,Karachi,PK,chisel_pk,,,PKR,monthly,,,Full Time Telemarketing Executive Job in Pakistan
10332,other,junior,Lahore,PK,chisel_pk,,,PKR,monthly,,,Full Time Retail Pharmacist Job in Pakistan
10333,other,junior,Lahore,PK,chisel_pk,,,PKR,monthly,,,Full Time Medical Billing - Authorization / Referral Specialist Job in Pakistan
10334,other,junior,Islamabad,PK,chisel_pk,,,PKR,monthly,,,Online Full Time Sales Reps Needed Job in Pakistan
10335,other,junior,Islamabad,PK,chisel_pk,,,PKR,monthly,,,Full Time Wordpress Developer Job in Pakistan
10336,other,junior,Karachi,PK,chisel_pk,,,PKR,monthly,,,Full Time Faculty Member Job in Pakistan
10337,other,junior,Islamabad,PK,chisel_pk,,,PKR,monthly,,,Full Time Fresh Ios Developer Job in Pakistan
10338,other,junior,Sialkot,PK,chisel_pk,,,PKR,monthly,,,Full Time PHP Developer Job in Pakistan
10339,other,junior,Karachi,PK,chisel_pk,,,PKR,monthly,,,Full Time Telemarketing Executive Job in Pakistan
10340,other,junior,Sialkot,PK,chisel_pk,,,PKR,monthly,,,Full Time Computer Operator Job in Pakistan
10341,other,junior,Islamabad,PK,chisel_pk,,,PKR,monthly,,,Full Time Fresh PHP And Senior Full Stack Web Developers Jobs in Pakistan
10342,other,junior,Karachi,PK,chisel_pk,,,PKR,monthly,,,Full Time Tele Sales Executives Jobs in Pakistan
10343,other,junior,Islamabad,PK,chisel_pk,,,PKR,monthly,,,Full Time 3D Modeler Jobs in Pakistan
10344,other,junior,Islamabad,PK,chisel_pk,,,PKR,monthly,,,Full Time Account Assistant Job in Pakistan
10346,other,junior,Pattoki,PK,chisel_pk,,,PKR,monthly,,,Full Time Unity Developer Jobs in Pakistan
10347,other,junior,Islamabad,PK,chisel_pk,,,PKR,monthly,,,Full Time Full Stack Web Developer Job in Pakistan
10348,other,mid,Lahore,PK,chisel_pk,,,PKR,monthly,,,Full Time SEO Specialist / SEO Expert / SEO Executive Job in Pakistan
10349,other,mid,Multan,PK,chisel_pk,,,PKR,monthly,,,Full Time Embroidery Puncher Job in Pakistan
10350,other,mid,Multan,PK,chisel_pk,,,PKR,monthly,,,Full Time Textile Designer Job in Pakistan
10351,other,mid,Karachi,PK,chisel_pk,,,PKR,monthly,,,Full Time Accounts Executive For A Logistic Company Job in Pakistan
10352,other,junior,Islamabad,PK,chisel_pk,,,PKR,monthly,,,Full Time Sales Executive Jobs in Pakistan
10353,other,junior,Lahore,PK,chisel_pk,,,PKR,monthly,,,"Online Full Time Microsoft Dot .Net Core Developer C#, MVC, API Jobs in Pakistan"
10354,other,junior,Lahore,PK,chisel_pk,,,PKR,monthly,,,Online Full Time Vuejs Expert Jobs in Pakistan
10355,other,junior,Karachi,PK,chisel_pk,,,PKR,monthly,,,Full Time Full Stack Developer Jobs in Pakistan
10356,other,junior,Lahore,PK,chisel_pk,,,PKR,monthly,,,Full Time Office Boy / Office Assistant Job in Pakistan
10357,other,junior,Lahore,PK,chisel_pk,,,PKR,monthly,,,Full Time Sales Executive Jobs in Pakistan
10358,other,junior,Karachi,PK,chisel_pk,,,PKR,monthly,,,Full Time Assistant Branch Manager And Sales Consultant Jobs in Pakistan
10359,other,junior,Karachi,PK,chisel_pk,,,PKR,monthly,,,Full Time Manager Financial Services Jobs in Pakistan
10360,other,junior,Islamabad,PK,chisel_pk,,,PKR,monthly,,,Full Time E-Commerce Specialist Jobs in Pakistan
10361,other,junior,Karachi,PK,chisel_pk,,,PKR,monthly,,,Full Time Civil Supervisors / Assistant Project Managers & Architecture Draftsmen Job in Pakistan
10362,other,junior,Lahore,PK,chisel_pk,,,PKR,monthly,,,Full Time Senior PHP/Laravel Developer Jobs in Pakistan
10363,other,junior,Hyderabad,PK,chisel_pk,,,PKR,monthly,,,Full Time Retail Sales Associate Jobs in Pakistan
10364,other,junior,Mirpur,PK,chisel_pk,,,PKR,monthly,,,Full Time IT Officer Job in Pakistan
10366,other,junior,Multan,PK,chisel_pk,,,PKR,monthly,,,Full Time Junior Marketing Officer Jobs in Pakistan
10367,other,junior,Multan,PK,chisel_pk,,,PKR,monthly,,,Full Time Web Developer Jobs in Pakistan
10368,other,mid,Islamabad,PK,chisel_pk,,,PKR,monthly,,,Full Time Sales Executive - Real Estate Job in Pakistan
10369,other,junior,Islamabad,PK,chisel_pk,,,PKR,monthly,,,Full Time Digital Marketing Manager Job in Pakistan
10370,other,mid,Islamabad,PK,chisel_pk,,,PKR,monthly,,,Full Time Senior Django Developer Job in Pakistan
10371,other,junior,Lahore,PK,chisel_pk,,,PKR,monthly,,,Full Time Full Stack Developer - Laravel/ PHP Job in Pakistan
10372,other,junior,Peshawar,PK,chisel_pk,,,PKR,monthly,,,Full Time Talented Video Content Creator Job in Pakistan
10373,other,junior,Lahore,PK,chisel_pk,,,PKR,monthly,,,Full Time Dot Net Developer 2 Year Experience Job in Pakistan
10374,other,junior,Lahore,PK,chisel_pk,,,PKR,monthly,,,Full Time Customer Service Representative Jobs in Pakistan
10375,other,mid,Lahore,PK,chisel_pk,,,PKR,monthly,,,Full Time Computer Operator Expert In MS Office Word Excel Job in Pakistan
10376,other,junior,Lahore,PK,chisel_pk,,,PKR,monthly,,,Full Time Customer Support Executive Jobs in Pakistan
32689,data_analyst,unknown,Islamabad,PK,kaggle_rozee_pk,105000.0,155000.0,PKR,monthly,,130000.0,Business Analyst
10377,other,junior,Lahore,PK,chisel_pk,,,PKR,monthly,,,Full Time Full Stack Wordpress And Back End Developer Job in Pakistan
10378,other,junior,Islamabad,PK,chisel_pk,,,PKR,monthly,,,Full Time Customer Service Representative Jobs in Pakistan
10379,other,junior,Lahore,PK,chisel_pk,,,PKR,monthly,,,Full Time Customer Service Executive Jobs in Pakistan
10380,other,junior,Lahore,PK,chisel_pk,,,PKR,monthly,,,Full Time Laravel Developer Job in Pakistan
10381,other,junior,Karachi,PK,chisel_pk,,,PKR,monthly,,,Full Time Wordpress Developer Jobs in Pakistan
10382,other,junior,Lahore,PK,chisel_pk,,,PKR,monthly,,,Full Time 2D CG Artist Job in Pakistan
10383,other,junior,Lahore,PK,chisel_pk,,,PKR,monthly,,,Full Time Data Entry Officer Jobs in Pakistan
10384,other,junior,Lahore,PK,chisel_pk,,,PKR,monthly,,,Full Time Call Center Associates Jobs in Pakistan
10385,other,mid,Karachi,PK,chisel_pk,,,PKR,monthly,,,Full Time Assistant Accountant Job in Pakistan
10386,other,junior,Islamabad,PK,chisel_pk,,,PKR,monthly,,,Full Time Call Center Agents Job in Pakistan
10387,other,junior,Lahore,PK,chisel_pk,,,PKR,monthly,,,Full Time Creative Content Writer - Packaging Campaign Jobs in Pakistan
10388,other,junior,Lahore,PK,chisel_pk,,,PKR,monthly,,,Full Time Business Development Executive Jobs in Pakistan
10389,other,junior,Hyderabad,PK,chisel_pk,,,PKR,monthly,,,Full Time Project Manager (Software Development) Job in Pakistan
10390,other,junior,Islamabad,PK,chisel_pk,,,PKR,monthly,,,Full Time Java Developer Jobs in Pakistan
10391,other,junior,Faisalabad,PK,chisel_pk,,,PKR,monthly,,,Online Full Time Applications Still OPEN - International Lawyer - Work From Home - Job in Pakistan
10392,other,junior,Karachi,PK,chisel_pk,,,PKR,monthly,,,Full Time PHP / Wordpress Developer Job in Pakistan
10393,other,junior,Karachi,PK,chisel_pk,,,PKR,monthly,,,Full Time PHP Laravel Developer Job in Pakistan
10394,other,junior,Lahore,PK,chisel_pk,,,PKR,monthly,,,Full Time Content Writer Jobs in Pakistan
10395,other,junior,Islamabad,PK,chisel_pk,,,PKR,monthly,,,Full Time Assistant Branch Manager Jobs in Pakistan
10396,other,junior,Islamabad,PK,chisel_pk,,,PKR,monthly,,,Full Time Call Center Executive Job in Pakistan
10397,other,junior,Lahore,PK,chisel_pk,,,PKR,monthly,,,Full Time ERP Functional Consultant Jobs in Pakistan
10398,other,mid,Islamabad,PK,chisel_pk,,,PKR,monthly,,,Online Full Time Sales Development Representative Jobs in Pakistan
10399,other,junior,Islamabad,PK,chisel_pk,,,PKR,monthly,,,Online Full Time Shopify Plugin Developer Job in Pakistan
10400,other,junior,Islamabad,PK,chisel_pk,,,PKR,monthly,,,Full Time Web & App Developer Job in Pakistan
10401,other,junior,Islamabad,PK,chisel_pk,,,PKR,monthly,,,Full Time PHP Developers Jobs in Pakistan
10402,other,junior,Rawalpindi,PK,chisel_pk,,,PKR,monthly,,,Online Full Time Laravel Developer Job in Pakistan
10403,other,mid,Lahore,PK,chisel_pk,,,PKR,monthly,,,Full Time Quality Control Executive Job in Pakistan
10404,other,mid,Lahore,PK,chisel_pk,,,PKR,monthly,,,Full Time Interior Designer Job in Pakistan
10405,other,junior,Islamabad,PK,chisel_pk,,,PKR,monthly,,,Full Time Real Estate Executive Jobs in Pakistan
10406,other,junior,Lahore,PK,chisel_pk,,,PKR,monthly,,,Full Time Real Estate Sales / Property Consultants Jobs in Pakistan
10407,other,junior,Karachi,PK,chisel_pk,,,PKR,monthly,,,Full Time Full Stack Web Developer For Karachi Based Setup - Developer Jobs in Pakistan
10408,other,junior,Islamabad,PK,chisel_pk,,,PKR,monthly,,,Full Time JS Developer Job in Pakistan
10409,other,junior,Karachi,PK,chisel_pk,,,PKR,monthly,,,Online Full Time Sales & Marketing Executives Jobs in Pakistan
10410,other,junior,Karachi,PK,chisel_pk,,,PKR,monthly,,,Online Full Time Graphic Designer And Animator Jobs in Pakistan
10411,other,junior,Karachi,PK,chisel_pk,,,PKR,monthly,,,Online Full Time Web Developer And Social Media Marketer Jobs in Pakistan
10412,other,junior,Islamabad,PK,chisel_pk,,,PKR,monthly,,,Full Time Senior PHP Developer Jobs in Pakistan
10413,other,mid,Lahore,PK,chisel_pk,,,PKR,monthly,,,Full Time Pharmacy Manager Job in Pakistan
10414,other,mid,Lahore,PK,chisel_pk,,,PKR,monthly,,,Online Full Time Digital Marketing Manager Job in Pakistan
10415,other,mid,Lahore,PK,chisel_pk,,,PKR,monthly,,,Online Full Time Freelance Bidder Job in Pakistan
10416,other,mid,Lahore,PK,chisel_pk,,,PKR,monthly,,,Online Full Time Call Center Agent / (Night Shift) Jobs in Pakistan
10417,other,junior,Islamabad,PK,chisel_pk,,,PKR,monthly,,,Full Time Web Developer / SEO And SMM Expert Job in Pakistan
10418,other,junior,Karachi,PK,chisel_pk,,,PKR,monthly,,,Full Time Telesales Representative Jobs in Pakistan
10419,other,junior,Islamabad,PK,chisel_pk,,,PKR,monthly,,,Full Time Teachers Jobs in Pakistan
10420,other,junior,Islamabad,PK,chisel_pk,,,PKR,monthly,,,Full Time Human Resources Officer Job in Pakistan
10421,other,junior,Karachi,PK,chisel_pk,,,PKR,monthly,,,Full Time ASP.NET MVC / Core Senior Developer Job in Pakistan
10422,other,unknown,Islamabad,PK,chisel_pk,,,PKR,monthly,,,Full Time Call Center Agent Jobs in Pakistan
10423,other,junior,Islamabad,PK,chisel_pk,,,PKR,monthly,,,Full Time PHP / Codeigniter Developer Job in Pakistan
10424,other,mid,Islamabad,PK,chisel_pk,,,PKR,monthly,,,Full Time SEO Expert Job in Pakistan
10425,other,junior,Karachi,PK,chisel_pk,,,PKR,monthly,,,"Full Time Audio Editor / Animation, Design And Video Editing Job in Pakistan"
10426,other,mid,Karachi,PK,chisel_pk,,,PKR,monthly,,,Full Time Graphic / Web Designer / Full Stack Developer Jobs in Pakistan
10427,other,junior,Islamabad,PK,chisel_pk,,,PKR,monthly,,,Full Time Laravel / Codeigniter Developer - PHP Jobs in Pakistan
10428,other,junior,Islamabad,PK,chisel_pk,,,PKR,monthly,,,Full Time Inbound Sales Specialist Jobs in Pakistan
10429,other,junior,Islamabad,PK,chisel_pk,,,PKR,monthly,,,Full Time Pharmacy Dispenser /Salesman Required Jobs in Pakistan
10430,other,junior,Islamabad,PK,chisel_pk,,,PKR,monthly,,,Full Time Marketing Executive Job in Pakistan
10432,other,junior,Islamabad,PK,chisel_pk,,,PKR,monthly,,,Full Time 2D Artist Job in Pakistan
10433,other,junior,Karachi,PK,chisel_pk,,,PKR,monthly,,,Full Time Research & Development Associate (Mechanical) Job in Pakistan
10434,other,junior,Faisalabad,PK,chisel_pk,,,PKR,monthly,,,Full Time Web / Graphic Designer Job in Pakistan
10435,other,junior,Faisalabad,PK,chisel_pk,,,PKR,monthly,,,Full Time PHP Web Developer Job in Pakistan
10436,other,junior,Islamabad,PK,chisel_pk,,,PKR,monthly,,,Full Time Call Center Agents Jobs in Pakistan
10437,other,junior,Karachi,PK,chisel_pk,,,PKR,monthly,,,Full Time SEO Expert And Web Developer Job in Pakistan
10438,other,junior,Karachi,PK,chisel_pk,,,PKR,monthly,,,Full Time Social Media Marketing And Graphic Designer Job in Pakistan
10439,other,mid,Islamabad,PK,chisel_pk,,,PKR,monthly,,,Full Time Business Development Associate Job in Pakistan
10440,other,mid,Islamabad,PK,chisel_pk,,,PKR,monthly,,,Full Time Youtube Host Job in Pakistan
10441,other,junior,Karachi,PK,chisel_pk,,,PKR,monthly,,,Full Time Sales Executive - Pharma Dept Jobs in Pakistan
10442,other,mid,Lahore,PK,chisel_pk,,,PKR,monthly,,,Full Time Senior Python Developer Job in Pakistan
10443,other,mid,Lahore,PK,chisel_pk,,,PKR,monthly,,,Full Time Senior PHP Laravel 5 Developers Jobs in Pakistan
10444,other,junior,Wah,PK,chisel_pk,,,PKR,monthly,,,Full Time MEAN Stack Developer Job in Pakistan
10445,other,junior,Hasan Abdal,PK,chisel_pk,,,PKR,monthly,,,Full Time Android Developer Job in Pakistan
10446,other,mid,Swat,PK,chisel_pk,,,PKR,monthly,,,Full Time Social Media And SEO Executive Job in Pakistan
10447,other,junior,Islamabad,PK,chisel_pk,,,PKR,monthly,,,Full Time Android Developer Job in Pakistan
10448,other,junior,Karachi,PK,chisel_pk,,,PKR,monthly,,,Online Full Time Marketing Manager / Career Counsellor For Study Abroad Jobs in Pakistan
10449,other,junior,Lahore,PK,chisel_pk,,,PKR,monthly,,,Full Time Social Media And Marketing Expert Job in Pakistan
10450,other,junior,Lahore,PK,chisel_pk,,,PKR,monthly,,,Full Time Call Center Agents Jobs in Pakistan
10451,other,junior,Lahore,PK,chisel_pk,,,PKR,monthly,,,Online Full Time Digital Marketing / SEO Specialist Job in Pakistan
10452,other,junior,Islamabad,PK,chisel_pk,,,PKR,monthly,,,Full Time Angular Frontend Developer Job in Pakistan
10453,other,junior,Islamabad,PK,chisel_pk,,,PKR,monthly,,,Full Time UI / UX Developer Job in Pakistan
10454,other,junior,Islamabad,PK,chisel_pk,,,PKR,monthly,,,Full Time IOS Developer Job in Pakistan
10455,other,mid,Lahore,PK,chisel_pk,,,PKR,monthly,,,Full Time Telesales Representative / TSR / CSR Jobs in Pakistan
10456,other,junior,Islamabad,PK,chisel_pk,,,PKR,monthly,,,Online Full Time Creative Content Writer Job in Pakistan
10457,other,junior,Karachi,PK,chisel_pk,,,PKR,monthly,,,Full Time PHP / Web Developer Jobs in Pakistan
10458,other,junior,Karachi,PK,chisel_pk,,,PKR,monthly,,,Online Full Time HR Executive Job in Pakistan
10459,other,junior,Lahore,PK,chisel_pk,,,PKR,monthly,,,Full Time Merchandizer Jobs in Pakistan
10460,other,junior,Lahore,PK,chisel_pk,,,PKR,monthly,,,Full Time Accounts Manager Job in Pakistan
10461,other,mid,Lahore,PK,chisel_pk,,,PKR,monthly,,,Full Time Logistic Coordinator Job in Pakistan
10462,other,mid,Islamabad,PK,chisel_pk,,,PKR,monthly,,,Full Time Graphic Designer Job in Pakistan
10463,other,junior,Attock,PK,chisel_pk,,,PKR,monthly,,,Full Time SEO Expert Jobs in Pakistan
10465,other,junior,Karachi,PK,chisel_pk,,,PKR,monthly,,,Full Time SEO Executive Job in Pakistan
10466,other,junior,Islamabad,PK,chisel_pk,,,PKR,monthly,,,Full Time SEO Manager Jobs in Pakistan
10467,other,mid,Karachi,PK,chisel_pk,,,PKR,monthly,,,Full Time Sr. PHP Developer Jobs in Pakistan
10468,other,mid,Karachi,PK,chisel_pk,,,PKR,monthly,,,Full Time Lead Developer - PHP Jobs in Pakistan
10469,other,junior,Islamabad,PK,chisel_pk,,,PKR,monthly,,,Full Time Inventory Management And Sales Job in Pakistan
10470,other,junior,Hyderabad,PK,chisel_pk,,,PKR,monthly,,,Full Time Internship Sales Representative Job in Pakistan
10471,other,junior,Hyderabad,PK,chisel_pk,,,PKR,monthly,,,Full Time Trainee Sales Representative Jobs in Pakistan
10472,other,junior,Hazara,PK,chisel_pk,,,PKR,monthly,,,Full Time Experienced Sales Representative Job in Pakistan
10473,other,junior,Hazara,PK,chisel_pk,,,PKR,monthly,,,Full Time Scientific Sale Representative Jobs in Pakistan
10474,other,junior,Multan,PK,chisel_pk,,,PKR,monthly,,,Full Time PHP Developer Jobs in Pakistan
10475,other,junior,Islamabad,PK,chisel_pk,,,PKR,monthly,,,Full Time Fashion Designer Required For Brand 6FGR Clothing Line Job in Pakistan
10476,other,mid,Lahore,PK,chisel_pk,,,PKR,monthly,,,Full Time Product Development Shoe Designer Job in Pakistan
10477,other,junior,Lahore,PK,chisel_pk,,,PKR,monthly,,,Full Time Receptionist / Front Desk Officer Job in Pakistan
10478,other,junior,Lahore,PK,chisel_pk,,,PKR,monthly,,,Full Time Student Counsellor - Australia & UK Job in Pakistan
10479,other,junior,Islamabad,PK,chisel_pk,,,PKR,monthly,,,Full Time Assistant Branch Manager Job in Pakistan
10480,other,junior,Karachi,PK,chisel_pk,,,PKR,monthly,,,Full Time Dot Net Developer 1-2 Year Experience Job in Pakistan
10481,other,mid,Lahore,PK,chisel_pk,,,PKR,monthly,,,Full Time Marketing & Sales Manager Job in Pakistan
10482,other,junior,Lahore,PK,chisel_pk,,,PKR,monthly,,,Full Time Equity Analyst Jobs in Pakistan
10483,other,mid,Islamabad,PK,chisel_pk,,,PKR,monthly,,,Online Full Time Business Development Manager Jobs in Pakistan
10484,other,mid,Islamabad,PK,chisel_pk,,,PKR,monthly,,,Full Time Senior Php Developer Job in Pakistan
10485,other,mid,Islamabad,PK,chisel_pk,,,PKR,monthly,,,Full Time Branch Manager Job in Pakistan
10486,other,junior,Islamabad,PK,chisel_pk,,,PKR,monthly,,,Full Time Telemarketing Executive Jobs in Pakistan
10487,other,junior,Islamabad,PK,chisel_pk,,,PKR,monthly,,,Full Time Business Development Executive Job in Pakistan
10488,other,junior,Lahore,PK,chisel_pk,,,PKR,monthly,,,Full Time Telesales Representative / CSR Jobs in Pakistan
10489,other,mid,Lahore,PK,chisel_pk,,,PKR,monthly,,,Full Time Social Media Marketing Executive Jobs in Pakistan
10490,other,junior,Lahore,PK,chisel_pk,,,PKR,monthly,,,Full Time Sales Associates Jobs in Pakistan
10491,other,junior,Karachi,PK,chisel_pk,,,PKR,monthly,,,Online Full Time Receptionist Job in Pakistan
10492,other,mid,Lahore,PK,chisel_pk,,,PKR,monthly,,,Full Time Accounts Officer Job in Pakistan
10493,other,junior,Lahore,PK,chisel_pk,,,PKR,monthly,,,Online Full Time Customer Services Executive Jobs in Pakistan
10494,other,mid,Islamabad,PK,chisel_pk,,,PKR,monthly,,,Full Time Graphic Designer Job in Pakistan
10495,other,junior,Islamabad,PK,chisel_pk,,,PKR,monthly,,,Full Time Digital Marketing Manager Job in Pakistan
10496,other,junior,Islamabad,PK,chisel_pk,,,PKR,monthly,,,Full Time Call Reviewers For Night Shift Jobs in Pakistan
10498,other,mid,Lahore,PK,chisel_pk,,,PKR,monthly,,,Full Time Web Graphic Designer Jobs in Pakistan
10499,other,junior,Karachi,PK,chisel_pk,,,PKR,monthly,,,Online Full Time Social Media Strategist Job in Pakistan
10500,other,junior,Lahore,PK,chisel_pk,,,PKR,monthly,,,Full Time Graphic Designer / Photo Editors / Photo Retouching Job in Pakistan
10501,other,mid,Karachi,PK,chisel_pk,,,PKR,monthly,,,Full Time Angular / Node JS Developer Job in Pakistan
10502,other,junior,Islamabad,PK,chisel_pk,,,PKR,monthly,,,Full Time Node.Js Back-End Developer Jobs in Pakistan
10503,other,junior,Lahore,PK,chisel_pk,,,PKR,monthly,,,Full Time Business Development Officer Jobs in Pakistan
10504,other,junior,Lahore,PK,chisel_pk,,,PKR,monthly,,,Full Time Office Coordinator Job in Pakistan
10505,other,mid,Lahore,PK,chisel_pk,,,PKR,monthly,,,Full Time Graphic Designer Job in Pakistan
10506,other,junior,Karachi,PK,chisel_pk,,,PKR,monthly,,,Full Time Academic Writer Jobs in Pakistan
10507,other,junior,Karachi,PK,chisel_pk,,,PKR,monthly,,,Full Time Sr. Dot Net Developer Job in Pakistan
10508,other,junior,Lahore,PK,chisel_pk,,,PKR,monthly,,,Full Time Content Writer Internee Job in Pakistan
10509,other,junior,Karachi,PK,chisel_pk,,,PKR,monthly,,,Full Time Procurement Executive Job in Pakistan
10510,other,junior,Karachi,PK,chisel_pk,,,PKR,monthly,,,Full Time Procurement Officer Job in Pakistan
10511,other,junior,Karachi,PK,chisel_pk,,,PKR,monthly,,,Full Time International Sales Consultant Job in Pakistan
10512,other,junior,Karachi,PK,chisel_pk,,,PKR,monthly,,,Full Time Marketing And Sales Consultant Jobs in Pakistan
10513,other,junior,Multan,PK,chisel_pk,,,PKR,monthly,,,Full Time Graphic Designer / Flash Animator Job in Pakistan
10514,other,mid,Islamabad,PK,chisel_pk,,,PKR,monthly,,,Full Time Solar System Installation Engineer Jobs in Pakistan
10515,other,junior,Lahore,PK,chisel_pk,,,PKR,monthly,,,Full Time Experienced Call Centre Agent Needed For AT&T DTV Job in Pakistan
10516,other,junior,Lahore,PK,chisel_pk,,,PKR,monthly,,,Full Time Information Security & Website Development Job in Pakistan
10517,other,junior,Rawalpindi,PK,chisel_pk,,,PKR,monthly,,,Full Time IT Recruiter And HR Required Jobs in Pakistan
10518,other,junior,Islamabad,PK,chisel_pk,,,PKR,monthly,,,Full Time Customer Support Representative Jobs in Pakistan
10519,other,junior,Lahore,PK,chisel_pk,,,PKR,monthly,,,"Full Time Frontend Developer (HTML, CSS, Jquery, Vue) Job in Pakistan"
10520,other,junior,Lahore,PK,chisel_pk,,,PKR,monthly,,,Full Time Sales Executives Jobs in Pakistan
10522,other,junior,Islamabad,PK,chisel_pk,,,PKR,monthly,,,Full Time HR Officer Job in Pakistan
10523,other,junior,Lahore,PK,chisel_pk,,,PKR,monthly,,,Full Time Unity Developer Jobs in Pakistan
10524,other,junior,Islamabad,PK,chisel_pk,,,PKR,monthly,,,Full Time Computer Operator Job in Pakistan
10525,other,junior,Sialkot,PK,chisel_pk,,,PKR,monthly,,,Online Full Time Graphic Designer Jobs in Pakistan
10526,other,junior,Lahore,PK,chisel_pk,,,PKR,monthly,,,Full Time React JS Frontend Developer Jobs in Pakistan
10527,other,junior,Karachi,PK,chisel_pk,,,PKR,monthly,,,Full Time Sale Executive Jobs in Pakistan
10528,other,junior,Lahore,PK,chisel_pk,,,PKR,monthly,,,Full Time Node.Js Developer Job in Pakistan
10529,other,mid,Faisalabad,PK,chisel_pk,,,PKR,monthly,,,Online Full Time Azure Devops Engineer Jobs in Pakistan
10530,other,junior,Islamabad,PK,chisel_pk,,,PKR,monthly,,,Full Time Front End Developer Job in Pakistan
10531,other,mid,Lahore,PK,chisel_pk,,,PKR,monthly,,,Full Time Front-End Developer + Designer Jobs in Pakistan
10532,other,junior,Islamabad,PK,chisel_pk,,,PKR,monthly,,,Full Time Social Media Strategist Job in Pakistan
10533,other,junior,Lahore,PK,chisel_pk,,,PKR,monthly,,,Full Time Assistant To Office Manager Job in Pakistan
10534,other,senior,Lahore,PK,chisel_pk,,,PKR,monthly,,,Full Time Personal Assistant To CEO Job in Pakistan
10535,other,junior,Lahore,PK,chisel_pk,,,PKR,monthly,,,Full Time Telesales Outbound Call Center Agent - Night Shift Job in Pakistan
10536,other,mid,Lahore,PK,chisel_pk,,,PKR,monthly,,,Full Time Wordpress & Php Developer Job in Pakistan
10537,other,junior,Sargodha,PK,chisel_pk,,,PKR,monthly,,,Full Time Android Developer Jobs in Pakistan
10538,other,junior,Faisalabad,PK,chisel_pk,,,PKR,monthly,,,Full Time Sales Executive Jobs in Pakistan
10539,other,junior,Karachi,PK,chisel_pk,,,PKR,monthly,,,Full Time SEO Agent Job in Pakistan
10540,other,junior,Sargodha,PK,chisel_pk,,,PKR,monthly,,,Full Time .Net Developer (Desktop/Web Applications) Jobs in Pakistan
10541,other,junior,Sargodha,PK,chisel_pk,,,PKR,monthly,,,Full Time Php Laravel Developer Jobs in Pakistan
10542,other,junior,Sargodha,PK,chisel_pk,,,PKR,monthly,,,Full Time Front End Developer Job in Pakistan
10543,other,junior,Lahore,PK,chisel_pk,,,PKR,monthly,,,Full Time Sales & Marketing Officer Jobs in Pakistan
10545,other,junior,Islamabad,PK,chisel_pk,,,PKR,monthly,,,Online Full Time PHP & Drupal Developer Jobs in Pakistan
10546,other,mid,Bhurban,PK,chisel_pk,,,PKR,monthly,,,Full Time Hotel General Manager Job in Pakistan
10547,other,junior,Karachi,PK,chisel_pk,,,PKR,monthly,,,Full Time .Net Developer Jobs in Pakistan
10548,other,unknown,Karachi,PK,chisel_pk,,,PKR,monthly,,,Full Time Call Center Representative Jobs in Pakistan
10549,other,junior,Islamabad,PK,chisel_pk,,,PKR,monthly,,,Full Time Laravel / PHP Developer Job in Pakistan
10550,other,junior,Karachi,PK,chisel_pk,,,PKR,monthly,,,Full Time 2D Draftsman Job in Pakistan
10551,other,junior,Wah,PK,chisel_pk,,,PKR,monthly,,,Full Time Business Development Officer Jobs in Pakistan
10552,other,mid,Islamabad,PK,chisel_pk,,,PKR,monthly,,,Online Full Time Javascript Rockstar - Software Engineer Job in Pakistan
10553,other,junior,Karachi,PK,chisel_pk,,,PKR,monthly,,,Full Time Wordpress Developer Jobs in Pakistan
10554,other,mid,Islamabad,PK,chisel_pk,,,PKR,monthly,,,Full Time Web Developer Job in Pakistan
10555,other,junior,Lahore,PK,chisel_pk,,,PKR,monthly,,,Full Time Unity Game Developer Jobs in Pakistan
10556,other,junior,Karachi,PK,chisel_pk,,,PKR,monthly,,,Online Full Time Supply Chain Executive Job in Pakistan
10557,other,junior,Karachi,PK,chisel_pk,,,PKR,monthly,,,Online Full Time Supply Chain Officer Job in Pakistan
10558,other,mid,Karachi,PK,chisel_pk,,,PKR,monthly,,,Full Time Web Developer Job in Pakistan
10559,other,junior,Islamabad,PK,chisel_pk,,,PKR,monthly,,,Full Time Content Writer / Social Media Specialist Job in Pakistan
10560,other,junior,Lahore,PK,chisel_pk,,,PKR,monthly,,,Full Time Sales Advisor Jobs in Pakistan
10561,other,junior,Lahore,PK,chisel_pk,,,PKR,monthly,,,Online Full Time Computer Operator Job in Pakistan
10562,other,junior,Lahore,PK,chisel_pk,,,PKR,monthly,,,Online Full Time Agents For UK Energy Campaign Jobs in Pakistan
10563,other,mid,Islamabad,PK,chisel_pk,,,PKR,monthly,,,Full Time Networks And Server Engineer Job in Pakistan
10564,other,junior,Islamabad,PK,chisel_pk,,,PKR,monthly,,,Full Time Beauty Salon / Parlour Staff Jobs in Pakistan
10565,other,junior,Lahore,PK,chisel_pk,,,PKR,monthly,,,Full Time Application Developer Jobs in Pakistan
10566,other,junior,Islamabad,PK,chisel_pk,,,PKR,monthly,,,Online Full Time TSR & CSR Jobs in Pakistan
10567,other,junior,Faisalabad,PK,chisel_pk,,,PKR,monthly,,,Full Time IT Sales And Recruitment Executive Jobs in Pakistan
10568,other,junior,Karachi,PK,chisel_pk,,,PKR,monthly,,,Full Time Brand Ambassador Jobs in Pakistan
10569,other,junior,Islamabad,PK,chisel_pk,,,PKR,monthly,,,Full Time Oder Booker Job in Pakistan
10570,other,junior,Lahore,PK,chisel_pk,,,PKR,monthly,,,Full Time Sales Executive For Shoe Outlet Jobs in Pakistan
10571,other,mid,Rahim Yar Khan,PK,chisel_pk,,,PKR,monthly,,,Full Time Senior Reactnative Developer Jobs in Pakistan
10572,other,junior,Lahore,PK,chisel_pk,,,PKR,monthly,,,Full Time Application Developer Jobs in Pakistan
10573,other,senior,Lahore,PK,chisel_pk,,,PKR,monthly,,,Full Time Head Of Department (Computer Science) Jobs in Pakistan
10574,other,mid,Lahore,PK,chisel_pk,,,PKR,monthly,,,Full Time Head Of Department (Nursing) Job in Pakistan
10575,other,mid,Lahore,PK,chisel_pk,,,PKR,monthly,,,Full Time Nursing Instructor Jobs in Pakistan
10576,other,mid,Lahore,PK,chisel_pk,,,PKR,monthly,,,Full Time Pharmacist Job in Pakistan
10577,other,junior,Lahore,PK,chisel_pk,,,PKR,monthly,,,Full Time Administrative Staff Jobs in Pakistan
10578,other,junior,Karachi,PK,chisel_pk,,,PKR,monthly,,,Full Time Lawyer Job in Pakistan
10579,other,junior,Hyderabad,PK,chisel_pk,,,PKR,monthly,,,Full Time .Net Developer Hyderabad Only Job in Pakistan
10580,other,junior,Islamabad,PK,chisel_pk,,,PKR,monthly,,,Full Time Laravel Developer Job in Pakistan
10581,data_scientist,mid,Lahore,PK,chisel_pk,,,PKR,monthly,,,Full Time Data Scientists Job in Pakistan
10582,other,mid,Islamabad,PK,chisel_pk,,,PKR,monthly,,,Full Time Experienced VR Developers Jobs in Pakistan
10583,other,junior,Lahore,PK,chisel_pk,,,PKR,monthly,,,Full Time Bidding Expert / Business Development Manager - Upwork & Fiverr Jobs in Pakistan
10584,other,junior,Lahore,PK,chisel_pk,,,PKR,monthly,,,Full Time Wordpress Designer & Developer Jobs in Pakistan
10585,other,junior,Islamabad,PK,chisel_pk,,,PKR,monthly,,,Full Time Operations Assistant Jobs in Pakistan
10586,other,junior,Lahore,PK,chisel_pk,,,PKR,monthly,,,Full Time Support Representatives Jobs in Pakistan
10587,other,junior,Karachi,PK,chisel_pk,,,PKR,monthly,,,Full Time Business Development Executive Jobs in Pakistan
10588,other,junior,Lahore,PK,chisel_pk,,,PKR,monthly,,,Full Time .NET Developer Job in Pakistan
10589,other,mid,Faisalabad,PK,chisel_pk,,,PKR,monthly,,,Online Full Time Website Designer & Developer - Remote Job in Pakistan
10590,other,junior,Islamabad,PK,chisel_pk,,,PKR,monthly,,,Full Time CSR Jobs in Pakistan
10591,other,junior,Islamabad,PK,chisel_pk,,,PKR,monthly,,,Online Full Time Sales Executive Jobs in Pakistan
10592,other,junior,Islamabad,PK,chisel_pk,,,PKR,monthly,,,Full Time Front / Backend Web Developer Jobs in Pakistan
10593,other,mid,Islamabad,PK,chisel_pk,,,PKR,monthly,,,Full Time Full Stack Developer Job in Pakistan
10594,other,junior,Karachi,PK,chisel_pk,,,PKR,monthly,,,Full Time Manager Quality Assurance - Pharmaceuticals Job in Pakistan
10595,other,unknown,Lahore,PK,chisel_pk,,,PKR,monthly,,,Full Time Customer Support Specialist - Western Union Jobs in Pakistan
10596,other,junior,Islamabad,PK,chisel_pk,,,PKR,monthly,,,Full Time Manager Administration Job in Pakistan
10597,other,mid,Islamabad,PK,chisel_pk,,,PKR,monthly,,,Full Time Interior Designer Job in Pakistan
10599,other,junior,Karachi,PK,chisel_pk,,,PKR,monthly,,,Full Time Officer Finance / Legal Affairs Job in Pakistan
10600,other,junior,Islamabad,PK,chisel_pk,,,PKR,monthly,,,Full Time Sales Executive Jobs in Pakistan
10601,other,mid,Islamabad,PK,chisel_pk,,,PKR,monthly,,,Full Time Senior Ios Developer Jobs in Pakistan
10602,other,junior,Lahore,PK,chisel_pk,,,PKR,monthly,,,Full Time Customer Sales Representative Jobs in Pakistan
10603,other,junior,Karachi,PK,chisel_pk,,,PKR,monthly,,,Full Time Sales Executive Jobs in Pakistan
10604,other,junior,Karachi,PK,chisel_pk,,,PKR,monthly,,,Full Time Gym / Fitness Trainer Job in Pakistan
10605,other,junior,Karachi,PK,chisel_pk,,,PKR,monthly,,,Full Time Graphics Designer Jobs in Pakistan
10606,other,junior,Islamabad,PK,chisel_pk,,,PKR,monthly,,,Full Time Business Developer Job in Pakistan
10607,other,junior,Faisalabad,PK,chisel_pk,,,PKR,monthly,,,Full Time Wordpress/Php Developers Jobs in Pakistan
10608,other,junior,Lahore,PK,chisel_pk,,,PKR,monthly,,,Full Time Laravel Developer Jobs in Pakistan
10609,other,junior,Lahore,PK,chisel_pk,,,PKR,monthly,,,Full Time Social Media Marketing Intern Jobs in Pakistan
10610,other,junior,Lahore,PK,chisel_pk,,,PKR,monthly,,,Full Time Magento Developer Jobs in Pakistan
10611,other,junior,Karachi,PK,chisel_pk,,,PKR,monthly,,,Full Time Accounts And Store Supervisor Job in Pakistan
10612,other,junior,Islamabad,PK,chisel_pk,,,PKR,monthly,,,Full Time Bidding Expert (Upwork / Freelancer / Fiverr) Jobs in Pakistan
10613,other,junior,Islamabad,PK,chisel_pk,,,PKR,monthly,,,Full Time UX / UI Graphics Designer / Video Editor Job in Pakistan
10614,other,junior,Lahore,PK,chisel_pk,,,PKR,monthly,,,Full Time Lead Java Developer Jobs in Pakistan
10615,other,junior,Lahore,PK,chisel_pk,,,PKR,monthly,,,Full Time SEO Link Builders Jobs in Pakistan
10616,other,junior,Lahore,PK,chisel_pk,,,PKR,monthly,,,Full Time Web Application Internship Jobs in Pakistan
10617,other,mid,Karachi,PK,chisel_pk,,,PKR,monthly,,,Full Time Tax Accountant Job in Pakistan
10618,other,junior,Lahore,PK,chisel_pk,,,PKR,monthly,,,Full Time Unity Developer Jobs in Pakistan
10619,other,junior,Lahore,PK,chisel_pk,,,PKR,monthly,,,Full Time Dermatologist / Skin Specialist Job in Pakistan
10620,other,junior,Islamabad,PK,chisel_pk,,,PKR,monthly,,,Full Time Online E-Commerce / Marketplace Administrator Job in Pakistan
10621,other,junior,Lahore,PK,chisel_pk,,,PKR,monthly,,,Full Time Angular / Frontend Developer Job in Pakistan
10622,other,junior,Islamabad,PK,chisel_pk,,,PKR,monthly,,,Full Time Call Center Executive - Night Shift Jobs in Pakistan
10623,other,junior,Faisalabad,PK,chisel_pk,,,PKR,monthly,,,Full Time Customer Support Representative Jobs in Pakistan
10624,other,mid,Lahore,PK,chisel_pk,,,PKR,monthly,,,Full Time In-Home Caretaker/Attendant Job in Pakistan
10625,other,unknown,Karachi,PK,chisel_pk,,,PKR,monthly,,,Full Time Spanish Speaker Jobs in Pakistan
10626,other,junior,Karachi,PK,chisel_pk,,,PKR,monthly,,,Full Time Sales & Marketing Executive Job in Pakistan
10627,other,junior,Karachi,PK,chisel_pk,,,PKR,monthly,,,Full Time Sales & Marketing Job in Pakistan
10628,other,junior,Karachi,PK,chisel_pk,,,PKR,monthly,,,Full Time Business Development Executive Jobs in Pakistan
10629,other,junior,Karachi,PK,chisel_pk,,,PKR,monthly,,,Full Time Call Center Agent For Embroidery Digitizing & Vector Jobs in Pakistan
10630,other,junior,Karachi,PK,chisel_pk,,,PKR,monthly,,,Full Time Vector Artist Job in Pakistan
10631,other,junior,Islamabad,PK,chisel_pk,,,PKR,monthly,,,Full Time SEO Intern Job in Pakistan
10632,other,junior,Lahore,PK,chisel_pk,,,PKR,monthly,,,Full Time SEO And Digital Marketing Specialist Job in Pakistan
10633,other,junior,Lahore,PK,chisel_pk,,,PKR,monthly,,,Full Time SEO Link Builder Job in Pakistan
10634,other,junior,Lahore,PK,chisel_pk,,,PKR,monthly,,,Full Time Senior Content Writer Job in Pakistan
10635,other,junior,Lahore,PK,chisel_pk,,,PKR,monthly,,,Full Time Magento 2 Developer Job in Pakistan
10636,other,mid,Lahore,PK,chisel_pk,,,PKR,monthly,,,Full Time SEO / Social Media Strategist Job in Pakistan
10637,other,junior,Lahore,PK,chisel_pk,,,PKR,monthly,,,Full Time Marketing Officer Job in Pakistan
10638,other,junior,Lahore,PK,chisel_pk,,,PKR,monthly,,,Full Time Business Development Manager Job in Pakistan
10639,other,junior,Karachi,PK,chisel_pk,,,PKR,monthly,,,Full Time Sales Executive / Officer - Chemicals Job in Pakistan
10640,other,junior,Islamabad,PK,chisel_pk,,,PKR,monthly,,,Full Time Studio Associate Job in Pakistan
10641,other,junior,Karachi,PK,chisel_pk,,,PKR,monthly,,,Full Time PHP Developer Job in Pakistan
10642,other,junior,Islamabad,PK,chisel_pk,,,PKR,monthly,,,Full Time Full Stack Developer Jobs in Pakistan
10643,other,mid,Lahore,PK,chisel_pk,,,PKR,monthly,,,Full Time Sale & Marketing Expert Job in Pakistan
10644,other,mid,Karachi,PK,chisel_pk,,,PKR,monthly,,,Full Time Tax Lawyer Job in Pakistan
10645,other,mid,Karachi,PK,chisel_pk,,,PKR,monthly,,,Full Time Tax Accountant Job in Pakistan
10646,other,mid,Peshawar,PK,chisel_pk,,,PKR,monthly,,,Full Time Software Development Support And Configuration Consultant Job in Pakistan
10647,other,junior,Hyderabad,PK,chisel_pk,,,PKR,monthly,,,Full Time Software Quality Assurance Engineer Job in Pakistan
10648,other,junior,Islamabad,PK,chisel_pk,,,PKR,monthly,,,Full Time Fresh Developer (Java / Angular) Job in Pakistan
10649,other,junior,Faisalabad,PK,chisel_pk,,,PKR,monthly,,,Online Full Time Youtube Video Editor And Social Media Manager - Any City - Anywhere Job in Pakistan
10650,other,junior,Ali Khan Abad,PK,chisel_pk,,,PKR,monthly,,,Online Full Time Data Entry Executive Job in Pakistan
10651,other,junior,Islamabad,PK,chisel_pk,,,PKR,monthly,,,Full Time Accounts Executive Jobs in Pakistan
10652,other,junior,Karachi,PK,chisel_pk,,,PKR,monthly,,,Full Time Magento Developer Job in Pakistan
10653,other,junior,Karachi,PK,chisel_pk,,,PKR,monthly,,,Full Time Business Development Executive Job in Pakistan
10654,other,junior,Karachi,PK,chisel_pk,,,PKR,monthly,,,Full Time BPO & Call Centre Sales Managers Job in Pakistan
10655,other,junior,Karachi,PK,chisel_pk,,,PKR,monthly,,,Full Time Business Development / Online Bidding Executive Jobs in Pakistan
10656,other,junior,Lahore,PK,chisel_pk,,,PKR,monthly,,,Full Time Web Research And Lead Generation Expert Jobs in Pakistan
10657,other,junior,Karachi,PK,chisel_pk,,,PKR,monthly,,,Full Time Mobile App Developers Jobs in Pakistan
10658,other,junior,Islamabad,PK,chisel_pk,,,PKR,monthly,,,Full Time Senior Academic Writer Jobs in Pakistan
10659,other,mid,Islamabad,PK,chisel_pk,,,PKR,monthly,,,Full Time English Teacher Job in Pakistan
10660,other,junior,Islamabad,PK,chisel_pk,,,PKR,monthly,,,Full Time Front-End Designer / Developer Jobs in Pakistan
10661,other,junior,Islamabad,PK,chisel_pk,,,PKR,monthly,,,Full Time Content Writer Job in Pakistan
10662,other,junior,Islamabad,PK,chisel_pk,,,PKR,monthly,,,Online Full Time Sales Manager - Islamabad Job in Pakistan
10663,other,junior,Faisalabad,PK,chisel_pk,,,PKR,monthly,,,Full Time Online Marketing Manager Jobs in Pakistan
10664,other,junior,Karachi,PK,chisel_pk,,,PKR,monthly,,,Full Time Bidding Expert (Upwork / Freelancer / Fiverr) Job in Pakistan
10665,other,mid,Islamabad,PK,chisel_pk,,,PKR,monthly,,,Full Time Djnago Developer Jobs in Pakistan
10666,other,junior,Karachi,PK,chisel_pk,,,PKR,monthly,,,Full Time Social Media Representatives Jobs in Pakistan
10667,other,junior,Lahore,PK,chisel_pk,,,PKR,monthly,,,Full Time Store Incharge Job in Pakistan
10668,other,junior,Islamabad,PK,chisel_pk,,,PKR,monthly,,,Full Time Video / Graphic Designer Job in Pakistan
10669,other,junior,Islamabad,PK,chisel_pk,,,PKR,monthly,,,Full Time Content Writer Job in Pakistan
10670,other,junior,Lahore,PK,chisel_pk,,,PKR,monthly,,,Full Time Digital Marketer - Facebook & Google Ads Specialist Job in Pakistan
10671,other,junior,Islamabad,PK,chisel_pk,,,PKR,monthly,,,Full Time Business Development Manager Job in Pakistan
10672,other,mid,Lahore,PK,chisel_pk,,,PKR,monthly,,,Full Time Store Officer Job in Pakistan
10673,other,mid,Lahore,PK,chisel_pk,,,PKR,monthly,,,Full Time Senior PHP Developer - Magento / LAMP Stack Developer Job in Pakistan
10674,other,senior,Faisalabad,PK,chisel_pk,,,PKR,monthly,,,Full Time TSO / Sales Officer / Sales Executive - Cosmetics Sales Only Jobs in Pakistan
10675,other,junior,Lahore,PK,chisel_pk,,,PKR,monthly,,,Full Time Node.JS Developer Job in Pakistan
10676,other,junior,Islamabad,PK,chisel_pk,,,PKR,monthly,,,Full Time Junior Frontend Web Developer Jobs in Pakistan
10677,other,mid,Islamabad,PK,chisel_pk,,,PKR,monthly,,,Full Time Sr. Manager Accounts Job in Pakistan
10678,other,junior,Lahore,PK,chisel_pk,,,PKR,monthly,,,Full Time Web Developer Jobs in Pakistan
10679,other,junior,Karachi,PK,chisel_pk,,,PKR,monthly,,,Full Time Assistant Daes - Fresh Jobs in Pakistan
10680,other,junior,Lahore,PK,chisel_pk,,,PKR,monthly,,,Full Time Telemarketing Executive Job in Pakistan
10681,other,junior,Lahore,PK,chisel_pk,,,PKR,monthly,,,Full Time Customer Service Executive Jobs in Pakistan
10682,other,mid,Faisalabad,PK,chisel_pk,,,PKR,monthly,,,Online Full Time Recruiter Jobs in Pakistan
10683,other,mid,Islamabad,PK,chisel_pk,,,PKR,monthly,,,Full Time Software Developer Job in Pakistan
10684,other,junior,Lahore,PK,chisel_pk,,,PKR,monthly,,,Full Time CSR Jobs in Pakistan
10685,other,junior,Islamabad,PK,chisel_pk,,,PKR,monthly,,,Online Full Time Part Time Android Developer Job Job in Pakistan
10686,other,junior,Chakwal,PK,chisel_pk,,,PKR,monthly,,,Full Time Cross Platform Developer Required - Iphone And Android Jobs in Pakistan
10687,other,junior,Islamabad,PK,chisel_pk,,,PKR,monthly,,,Full Time Front Desk Representative Job in Pakistan
10688,other,mid,Lahore,PK,chisel_pk,,,PKR,monthly,,,Full Time SQA Automation Engineer Job in Pakistan
10689,other,mid,Lahore,PK,chisel_pk,,,PKR,monthly,,,Full Time Angular Developer Job in Pakistan
10690,other,mid,Lahore,PK,chisel_pk,,,PKR,monthly,,,Full Time PHP-Laravel Developer Job in Pakistan
10691,other,junior,Rawalpindi,PK,chisel_pk,,,PKR,monthly,,,Full Time Ios Developer Internship Opportunity Jobs in Pakistan
10692,other,mid,Karachi,PK,chisel_pk,,,PKR,monthly,,,Full Time LI Call Center LEAD Job in Pakistan
10693,other,junior,Islamabad,PK,chisel_pk,,,PKR,monthly,,,Full Time ASP .NET Intern Jobs in Pakistan
10694,other,mid,Islamabad,PK,chisel_pk,,,PKR,monthly,,,Online Full Time Front-End Developer - React JS/ Angular.JS /Vue.JS Jobs in Pakistan
10695,other,junior,Faisalabad,PK,chisel_pk,,,PKR,monthly,,,Online Full Time Digital Marketing Interns Jobs in Pakistan
10696,other,mid,Karachi,PK,chisel_pk,,,PKR,monthly,,,Full Time Sales Promotion Officers Jobs in Pakistan
10697,other,junior,Lahore,PK,chisel_pk,,,PKR,monthly,,,Full Time Telesales Executive Jobs in Pakistan
10698,other,junior,Islamabad,PK,chisel_pk,,,PKR,monthly,,,Online Full Time Customer Sales Representative Jobs in Pakistan
10699,other,junior,Karachi,PK,chisel_pk,,,PKR,monthly,,,Full Time React Native Developer Jobs in Pakistan
10701,other,junior,Lahore,PK,chisel_pk,,,PKR,monthly,,,Full Time Telesales Representative Jobs in Pakistan
10702,other,junior,Islamabad,PK,chisel_pk,,,PKR,monthly,,,Online Full Time Customer Sales Representatives Jobs in Pakistan
10703,other,junior,Islamabad,PK,chisel_pk,,,PKR,monthly,,,Full Time Business Development Executive Jobs in Pakistan
10704,other,junior,Karachi,PK,chisel_pk,,,PKR,monthly,,,Full Time Customer Support Representative Jobs in Pakistan
10705,other,junior,Lahore,PK,chisel_pk,,,PKR,monthly,,,Full Time Senior UK Practice Accountant Job in Pakistan
10706,other,junior,Lahore,PK,chisel_pk,,,PKR,monthly,,,Online Full Time Content Creator And Social Media Manager Job in Pakistan
10707,other,junior,Islamabad,PK,chisel_pk,,,PKR,monthly,,,Online Full Time Adobe Suite Creative Jobs in Pakistan
10708,other,junior,Karachi,PK,chisel_pk,,,PKR,monthly,,,Full Time Dotnet Developer Jobs in Pakistan
10709,other,unknown,Islamabad,PK,chisel_pk,,,PKR,monthly,,,Full Time Graphics Designer Job in Pakistan
10710,other,junior,Islamabad,PK,chisel_pk,,,PKR,monthly,,,Full Time PHP/Wordpress Developer Job in Pakistan
10711,other,mid,Lahore,PK,chisel_pk,,,PKR,monthly,,,Online Full Time Professional Link Builder Jobs in Pakistan
10712,other,junior,Lahore,PK,chisel_pk,,,PKR,monthly,,,Full Time Customer Support Associate Jobs in Pakistan
10713,other,junior,Islamabad,PK,chisel_pk,,,PKR,monthly,,,Full Time Service Delivery Coordinator Jobs in Pakistan
10714,other,mid,Karachi,PK,chisel_pk,,,PKR,monthly,,,Full Time Technical Coordinator Job in Pakistan
10715,other,junior,Karachi,PK,chisel_pk,,,PKR,monthly,,,Full Time IT / Web Designer / E-Marketing Executive Jobs in Pakistan
10716,other,junior,Karachi,PK,chisel_pk,,,PKR,monthly,,,Full Time IT / Web Designer Jobs in Pakistan
10717,other,junior,Islamabad,PK,chisel_pk,,,PKR,monthly,,,Full Time Designer Job in Pakistan
10718,other,junior,Lahore,PK,chisel_pk,,,PKR,monthly,,,Full Time Store Manager Job in Pakistan
10719,other,junior,Karachi,PK,chisel_pk,,,PKR,monthly,,,Full Time Manager Job in Pakistan
10720,other,junior,Karachi,PK,chisel_pk,,,PKR,monthly,,,Full Time Administrator Job in Pakistan
10721,other,junior,Abbottabad,PK,chisel_pk,,,PKR,monthly,,,Full Time Sale Representative - Pharmacy / Scientific Labs Jobs in Pakistan
10722,other,junior,Abbottabad,PK,chisel_pk,,,PKR,monthly,,,Full Time Experienced Sales Staff - Pharmacy / Scientific Labs Job in Pakistan
10723,other,mid,Sialkot,PK,chisel_pk,,,PKR,monthly,,,"Full Time Digital Marketing Executive (SEO, SEM, SMM) Job in Pakistan"
10724,other,junior,Karachi,PK,chisel_pk,,,PKR,monthly,,,Full Time SEO Executive Job in Pakistan
10725,other,junior,Karachi,PK,chisel_pk,,,PKR,monthly,,,Full Time Technical Lead (PHP - Laravel - Lumen) Job in Pakistan
10726,other,junior,Lahore,PK,chisel_pk,,,PKR,monthly,,,Full Time Petrol Pump Supervisor Job in Pakistan
10727,other,junior,Islamabad,PK,chisel_pk,,,PKR,monthly,,,Full Time PHP Developer (Freelancer) Job in Pakistan
10728,other,senior,Karachi,PK,chisel_pk,,,PKR,monthly,,,Full Time SEO Manager Job in Pakistan
10729,other,mid,Islamabad,PK,chisel_pk,,,PKR,monthly,,,Full Time PHP Laravel Developer Jobs in Pakistan
10730,other,junior,Karachi,PK,chisel_pk,,,PKR,monthly,,,Full Time Foreign Education Consultants Job in Pakistan
10731,other,junior,Lahore,PK,chisel_pk,,,PKR,monthly,,,Full Time Data Entry Operator/Internet Researcher Job in Pakistan
10732,other,mid,Islamabad,PK,chisel_pk,,,PKR,monthly,,,Full Time Program Officer Job in Pakistan
10733,other,junior,Wah,PK,chisel_pk,,,PKR,monthly,,,Full Time Hostess Jobs in Pakistan
10734,other,junior,Khanewal,PK,chisel_pk,,,PKR,monthly,,,Full Time Website & Mobile Apps Developers Jobs in Pakistan
10735,other,junior,Islamabad,PK,chisel_pk,,,PKR,monthly,,,Full Time Social Media Expert Job in Pakistan
10736,other,mid,Islamabad,PK,chisel_pk,,,PKR,monthly,,,Full Time Graphic Designer Job in Pakistan
10737,other,junior,Lahore,PK,chisel_pk,,,PKR,monthly,,,Full Time Magento Developer Job in Pakistan
10738,other,mid,Islamabad,PK,chisel_pk,,,PKR,monthly,,,Online Full Time Internship - Software Developer Job in Pakistan
10739,other,mid,Islamabad,PK,chisel_pk,,,PKR,monthly,,,Full Time Graphic Designer Job in Pakistan
10740,other,mid,Lahore,PK,chisel_pk,,,PKR,monthly,,,Full Time Office Boy Job in Pakistan
10741,other,junior,Karachi,PK,chisel_pk,,,PKR,monthly,,,Full Time SEO - Link Building Expert Job in Pakistan
10742,other,junior,Sialkot,PK,chisel_pk,,,PKR,monthly,,,Full Time Data Entry Operator Jobs in Pakistan
10743,other,junior,Karachi,PK,chisel_pk,,,PKR,monthly,,,Online Full Time Freelance Content Writers Job in Pakistan
10744,other,junior,Islamabad,PK,chisel_pk,,,PKR,monthly,,,Online Full Time Sales Executives Jobs in Pakistan
10745,other,junior,Islamabad,PK,chisel_pk,,,PKR,monthly,,,Full Time Office Assistant Job in Pakistan
10746,other,mid,Islamabad,PK,chisel_pk,,,PKR,monthly,,,Full Time Pharmacist Job in Pakistan
10747,other,junior,Islamabad,PK,chisel_pk,,,PKR,monthly,,,Online Full Time Marketing Executives Jobs in Pakistan
10748,other,junior,Karachi,PK,chisel_pk,,,PKR,monthly,,,Full Time Quality Control Officer Jobs in Pakistan
10749,other,junior,Karachi,PK,chisel_pk,,,PKR,monthly,,,Full Time Data Entry Officer Job in Pakistan
10750,other,mid,Karachi,PK,chisel_pk,,,PKR,monthly,,,Full Time Sales Supervisor Jobs in Pakistan
10751,other,unknown,Islamabad,PK,chisel_pk,,,PKR,monthly,,,Full Time Call Center Agent Jobs in Pakistan
10752,other,mid,Gujranwala,PK,chisel_pk,,,PKR,monthly,,,Full Time Branch Manager Job in Pakistan
10753,other,junior,Islamabad,PK,chisel_pk,,,PKR,monthly,,,Full Time Business Development Officers Required In Different Cities Jobs in Pakistan
10754,other,junior,Karachi,PK,chisel_pk,,,PKR,monthly,,,Full Time Online Customer Services Representative Jobs in Pakistan
10755,other,mid,Lahore,PK,chisel_pk,,,PKR,monthly,,,Full Time Bio-Medical Enginner Job in Pakistan
10756,other,junior,Lahore,PK,chisel_pk,,,PKR,monthly,,,Full Time 3D Game Designer Jobs in Pakistan
10757,other,junior,Lahore,PK,chisel_pk,,,PKR,monthly,,,Online Full Time Intern - PHP Full Stack Developer Job in Pakistan
10758,other,junior,Chiniot,PK,chisel_pk,,,PKR,monthly,,,Online Full Time Experienced Wordpress Web Developer - Remote Job in Pakistan
10759,other,junior,Chiniot,PK,chisel_pk,,,PKR,monthly,,,Online Full Time Social Media Marketing Expert Job in Pakistan
10760,other,junior,Lahore,PK,chisel_pk,,,PKR,monthly,,,Full Time Video Editor Jobs in Pakistan
10762,other,junior,Lahore,PK,chisel_pk,,,PKR,monthly,,,Full Time Fresh And Experienced / Urdu And English Call Center Job in Pakistan
10763,other,mid,Faisalabad,PK,chisel_pk,,,PKR,monthly,,,"Online Full Time Area Technical Manager - Pharmacy, Chemistry, Chemical Engineering Job in Pakistan"
10764,other,mid,Islamabad,PK,chisel_pk,,,PKR,monthly,,,Full Time Business Development Manager - (Civil Works Projects) Job in Pakistan
10765,other,junior,Gujrat,PK,chisel_pk,,,PKR,monthly,,,Full Time Pathologist - MBBS / M Phil. Jobs in Pakistan
10766,other,junior,Karachi,PK,chisel_pk,,,PKR,monthly,,,Full Time Digital Media Manager Jobs in Pakistan
10767,other,junior,Lahore,PK,chisel_pk,,,PKR,monthly,,,Full Time Outbound Call Center Agents - USA SEO Campaign Job in Pakistan
10768,other,junior,Karachi,PK,chisel_pk,,,PKR,monthly,,,Full Time Sales & Marketing Manager Jobs in Pakistan
10769,other,mid,Besham,PK,chisel_pk,,,PKR,monthly,,,Full Time Operation & Maintenance Engineer (Hydel Power Plant) Jobs in Pakistan
10770,other,mid,Islamabad,PK,chisel_pk,,,PKR,monthly,,,Full Time SEO Team Leader Job in Pakistan
10771,other,mid,Gujranwala,PK,chisel_pk,,,PKR,monthly,,,Full Time Sales Manager Jobs in Pakistan
10772,other,mid,Karachi,PK,chisel_pk,,,PKR,monthly,,,Full Time SSIS Developer Jobs in Pakistan
10773,other,junior,Karachi,PK,chisel_pk,,,PKR,monthly,,,Full Time Technical Architect .NET Jobs in Pakistan
10774,other,junior,Sialkot,PK,chisel_pk,,,PKR,monthly,,,Full Time Social Media Manager Job in Pakistan
10775,other,junior,Sialkot,PK,chisel_pk,,,PKR,monthly,,,Online Full Time Web Developer Job in Pakistan
10776,other,mid,Peshawar,PK,chisel_pk,,,PKR,monthly,,,Full Time Montessori Teacher Job in Pakistan
10777,other,junior,Islamabad,PK,chisel_pk,,,PKR,monthly,,,Online Full Time Outbound Call Sales Executive Jobs in Pakistan
10778,other,senior,Karachi,PK,chisel_pk,,,PKR,monthly,,,Full Time Real Estate Marketing Manager Job in Pakistan
10779,other,junior,Lahore,PK,chisel_pk,,,PKR,monthly,,,Full Time DOT NET Developer Jobs in Pakistan
10780,other,mid,Karachi,PK,chisel_pk,,,PKR,monthly,,,Full Time Digital Marketing Expert Jobs in Pakistan
10781,other,junior,Lahore,PK,chisel_pk,,,PKR,monthly,,,Online Full Time Experienced Amazon Professional Jobs in Pakistan
10782,other,junior,Islamabad,PK,chisel_pk,,,PKR,monthly,,,Online Full Time Business Developer (Online) - Freelance Portals Jobs in Pakistan
10783,other,junior,Karachi,PK,chisel_pk,,,PKR,monthly,,,Full Time PR Intern Job in Pakistan
10784,other,junior,Islamabad,PK,chisel_pk,,,PKR,monthly,,,Full Time Digital Marketing Manager Job in Pakistan
10785,other,junior,Islamabad,PK,chisel_pk,,,PKR,monthly,,,Full Time Android Developer Job in Pakistan
10786,other,junior,Lahore,PK,chisel_pk,,,PKR,monthly,,,Online Full Time Call Centre Agents Jobs in Pakistan
10787,other,junior,Faisalabad,PK,chisel_pk,,,PKR,monthly,,,"Full Time Front End Developer / Wordpress, Html, CSS Jobs in Pakistan"
10788,other,mid,Islamabad,PK,chisel_pk,,,PKR,monthly,,,Full Time Graphic Designer Job in Pakistan
10789,other,junior,Lahore,PK,chisel_pk,,,PKR,monthly,,,Full Time Node Js Developer Job in Pakistan
10790,other,junior,Sialkot,PK,chisel_pk,,,PKR,monthly,,,Full Time Export Assistant Job in Pakistan
10791,other,junior,Islamabad,PK,chisel_pk,,,PKR,monthly,,,Online Full Time Customer Service Representative Jobs in Pakistan
10793,other,mid,Faisalabad,PK,chisel_pk,,,PKR,monthly,,,Full Time Construction Manager Job in Pakistan
10794,other,mid,Lahore,PK,chisel_pk,,,PKR,monthly,,,Full Time Software Team Lead Job in Pakistan
10795,other,junior,Lahore,PK,chisel_pk,,,PKR,monthly,,,Full Time Telesales Representative Jobs in Pakistan
10796,other,junior,Multan,PK,chisel_pk,,,PKR,monthly,,,Full Time SEO Expert Jobs in Pakistan
10792,other,junior,Karachi,PK,chisel_pk,,,PKR,monthly,,,Online Full Time Hybrid Mobile App Developer (Flutter Developer) Job in Pakistan
10797,other,junior,Lahore,PK,chisel_pk,,,PKR,monthly,,,Full Time Wordpress Developer Required Job in Pakistan
10798,other,mid,Karachi,PK,chisel_pk,,,PKR,monthly,,,Full Time Business Development Manager (ERP Sales) Jobs in Pakistan
10799,other,junior,Gujranwala,PK,chisel_pk,,,PKR,monthly,,,Online Full Time Sales Officer / Field Sales Representative Jobs in Pakistan
10800,other,mid,Karachi,PK,chisel_pk,,,PKR,monthly,,,Full Time Graphic Designer Job in Pakistan
10801,other,junior,Lahore,PK,chisel_pk,,,PKR,monthly,,,Full Time Sale Person Jobs in Pakistan
10802,other,junior,Lahore,PK,chisel_pk,,,PKR,monthly,,,Online Full Time SEO Manager Jobs in Pakistan
10803,other,junior,Karachi,PK,chisel_pk,,,PKR,monthly,,,Full Time Sales Agent Jobs in Pakistan
10804,other,mid,Karachi,PK,chisel_pk,,,PKR,monthly,,,Full Time QA Automated Test Engineer (Selenium Test Writer) Job in Pakistan
10805,other,junior,Karachi,PK,chisel_pk,,,PKR,monthly,,,Online Full Time Social Media Management Jobs in Pakistan
10806,other,junior,Karachi,PK,chisel_pk,,,PKR,monthly,,,Full Time Business Development Manager Jobs in Pakistan
10807,data_scientist,unknown,Karachi,PK,chisel_pk,,,PKR,monthly,,,Full Time Machine Learning Engineer Job in Pakistan
10808,other,junior,Lahore,PK,chisel_pk,,,PKR,monthly,,,Full Time Senior PHP Developer Jobs in Pakistan
10809,other,junior,Karachi,PK,chisel_pk,,,PKR,monthly,,,"Full Time AC, Refrigerator & Home Appliance Technician Jobs in Pakistan"
10810,other,mid,Lahore,PK,chisel_pk,,,PKR,monthly,,,Full Time Senior PHP Developer Job in Pakistan
10811,other,mid,Karachi,PK,chisel_pk,,,PKR,monthly,,,Full Time AML Compliance Officer Job in Pakistan
10812,other,junior,Lahore,PK,chisel_pk,,,PKR,monthly,,,Full Time Paid Internship For Three Months (Art & Crafts) Job in Pakistan
10813,other,mid,Lahore,PK,chisel_pk,,,PKR,monthly,,,Full Time SEO Specialist Job in Pakistan
10814,other,junior,Islamabad,PK,chisel_pk,,,PKR,monthly,,,Full Time Associate Digital Media Marketing Jobs in Pakistan
10815,other,junior,Islamabad,PK,chisel_pk,,,PKR,monthly,,,Full Time Graphics Designer / Game Artist Job in Pakistan
10816,other,junior,Lahore,PK,chisel_pk,,,PKR,monthly,,,Full Time SEO Executives Jobs in Pakistan
10817,other,junior,Sialkot,PK,chisel_pk,,,PKR,monthly,,,Full Time Manager Job in Pakistan
10818,other,junior,Karachi,PK,chisel_pk,,,PKR,monthly,,,Full Time React Developer Job in Pakistan
10819,other,junior,Islamabad,PK,chisel_pk,,,PKR,monthly,,,Full Time Customer Sales Representative Jobs in Pakistan
10820,other,junior,Karachi,PK,chisel_pk,,,PKR,monthly,,,Full Time QC Inspector Job in Pakistan
10821,other,junior,Karachi,PK,chisel_pk,,,PKR,monthly,,,Full Time QA Executive Job in Pakistan
10822,other,junior,Karachi,PK,chisel_pk,,,PKR,monthly,,,Full Time Quality Assurance Executive Job in Pakistan
10823,other,junior,Islamabad,PK,chisel_pk,,,PKR,monthly,,,Online Full Time Web Developer Job in Pakistan
10824,other,junior,Karachi,PK,chisel_pk,,,PKR,monthly,,,Full Time Full Stack PHP Developer Job in Pakistan
10825,other,junior,Karachi,PK,chisel_pk,,,PKR,monthly,,,Full Time Magento2 Developer Job in Pakistan
10826,other,junior,Lahore,PK,chisel_pk,,,PKR,monthly,,,Full Time Inbound Sales Executive/Manager (Female - Lahore Based) Jobs in Pakistan
10827,other,mid,Karachi,PK,chisel_pk,,,PKR,monthly,,,Full Time Branch Manager Job in Pakistan
10828,other,junior,Karachi,PK,chisel_pk,,,PKR,monthly,,,Full Time International Lawyers Job in Pakistan
10829,other,junior,Lahore,PK,chisel_pk,,,PKR,monthly,,,Full Time Android Developer Job in Pakistan
10830,other,junior,Lahore,PK,chisel_pk,,,PKR,monthly,,,Full Time Graphic Designer / Flash Animator Job in Pakistan
10831,other,junior,Karachi,PK,chisel_pk,,,PKR,monthly,,,Full Time Software Engineer / Web Developer / Internee Jobs in Pakistan
10832,other,junior,Islamabad,PK,chisel_pk,,,PKR,monthly,,,Full Time Digital Content Creator And Social Media Manager Job in Pakistan
10833,other,junior,Faisalabad,PK,chisel_pk,,,PKR,monthly,,,Full Time Embroidery Logo Digitizer Jobs in Pakistan
10834,other,junior,Islamabad,PK,chisel_pk,,,PKR,monthly,,,Full Time Logistics / Admin Assistant Job in Pakistan
10835,other,junior,Islamabad,PK,chisel_pk,,,PKR,monthly,,,Full Time Accountant (JR) Job in Pakistan
10836,other,junior,Islamabad,PK,chisel_pk,,,PKR,monthly,,,Full Time Research Associate Job in Pakistan
10837,other,mid,Islamabad,PK,chisel_pk,,,PKR,monthly,,,Full Time Business Development Officer (Civil) Job in Pakistan
10838,other,junior,Karachi,PK,chisel_pk,,,PKR,monthly,,,Full Time Accounts Manager Job in Pakistan
10840,other,mid,Islamabad,PK,chisel_pk,,,PKR,monthly,,,Full Time Developer - Hardware Inerfacing Jobs in Pakistan
10841,data_architect,junior,Islamabad,PK,chisel_pk,,,PKR,monthly,,,Full Time Solution Architect - Mechatronix Jobs in Pakistan
10842,other,mid,Islamabad,PK,chisel_pk,,,PKR,monthly,,,Online Full Time PPC Google Adwords Specialist Job in Pakistan
10843,other,junior,Islamabad,PK,chisel_pk,,,PKR,monthly,,,Full Time Marketing & Sales Executive Jobs in Pakistan
10844,other,junior,Lahore,PK,chisel_pk,,,PKR,monthly,,,Full Time Relationship Officer / Senior Relationship Officer Jobs in Pakistan
10845,other,mid,Islamabad,PK,chisel_pk,,,PKR,monthly,,,Full Time Unity Developer Job in Pakistan
10846,other,mid,Lahore,PK,chisel_pk,,,PKR,monthly,,,Full Time Unity Developer Job in Pakistan
10847,other,junior,Islamabad,PK,chisel_pk,,,PKR,monthly,,,Full Time Call Center Sales Executives - Night Shift Jobs in Pakistan
10848,other,junior,Lahore,PK,chisel_pk,,,PKR,monthly,,,Full Time CCTV Technician Job in Pakistan
10849,other,junior,Islamabad,PK,chisel_pk,,,PKR,monthly,,,Full Time Pharmacist Required In DHA Phase II Jobs in Pakistan
10850,other,junior,Peshawar,PK,chisel_pk,,,PKR,monthly,,,Full Time Youtube Video Caster Job in Pakistan
10851,other,mid,Lahore,PK,chisel_pk,,,PKR,monthly,,,Full Time Frontend Developer Job in Pakistan
10852,other,mid,Islamabad,PK,chisel_pk,,,PKR,monthly,,,Online Full Time SEO Expert Jobs in Pakistan
10853,other,junior,Islamabad,PK,chisel_pk,,,PKR,monthly,,,Online Full Time Business Development Executive Or Interns / Field Sales - Software Jobs in Pakistan
10855,other,junior,Islamabad,PK,chisel_pk,,,PKR,monthly,,,Full Time Tele Sales Executive Jobs in Pakistan
10857,other,junior,Lahore,PK,chisel_pk,,,PKR,monthly,,,Full Time Receptionist Job in Pakistan
10858,other,junior,Islamabad,PK,chisel_pk,,,PKR,monthly,,,Full Time PHP Laravel Developers Jobs in Pakistan
10859,other,junior,Lahore,PK,chisel_pk,,,PKR,monthly,,,Full Time Call Center Representative Job in Pakistan
10860,other,junior,Attock,PK,chisel_pk,,,PKR,monthly,,,"Full Time PHP Codeigniter, Wordpress Developer Jobs in Pakistan"
10861,other,mid,Lahore,PK,chisel_pk,,,PKR,monthly,,,Full Time Lead Mern Stack Developer Job in Pakistan
10862,other,junior,Islamabad,PK,chisel_pk,,,PKR,monthly,,,Full Time 3D Modeler/ CG Artist Jobs in Pakistan
10863,other,junior,Lahore,PK,chisel_pk,,,PKR,monthly,,,Full Time Senior Ionic Developers Jobs in Pakistan
10864,other,junior,Lahore,PK,chisel_pk,,,PKR,monthly,,,Full Time Ionic Developer For Junior And Intern Positions Jobs in Pakistan
10865,other,junior,Lahore,PK,chisel_pk,,,PKR,monthly,,,Full Time Software Quality Assurance (QA) Interns Jobs in Pakistan
10866,other,junior,Lahore,PK,chisel_pk,,,PKR,monthly,,,Full Time PHP Developer Jobs in Pakistan
10867,other,mid,Lahore,PK,chisel_pk,,,PKR,monthly,,,Full Time Senior PHP Developers Jobs in Pakistan
10868,other,junior,Lahore,PK,chisel_pk,,,PKR,monthly,,,Full Time Solar Technical Sales Trainee / Engineer Jobs in Pakistan
10869,other,junior,Lahore,PK,chisel_pk,,,PKR,monthly,,,Full Time Senior Web Designer Job in Pakistan
10870,other,mid,Lahore,PK,chisel_pk,,,PKR,monthly,,,Full Time PHP Wordpress Codeigniter Developer Jobs in Pakistan
10871,other,junior,Karachi,PK,chisel_pk,,,PKR,monthly,,,Full Time Customer Service Representative Jobs in Pakistan
10872,other,junior,Karachi,PK,chisel_pk,,,PKR,monthly,,,Online Full Time Resource Person For Small Business Ventures Job in Pakistan
10873,other,junior,Lahore,PK,chisel_pk,,,PKR,monthly,,,Full Time Social Media Manager Jobs in Pakistan
10874,other,junior,Islamabad,PK,chisel_pk,,,PKR,monthly,,,Full Time Sales And Marketing Executive Job in Pakistan
10875,other,junior,Karachi,PK,chisel_pk,,,PKR,monthly,,,Full Time Accountant Job in Pakistan
10876,other,mid,Karachi,PK,chisel_pk,,,PKR,monthly,,,Full Time Web Developer Job in Pakistan
10877,other,mid,Islamabad,PK,chisel_pk,,,PKR,monthly,,,Full Time Graphic Designer Job in Pakistan
10878,other,junior,Lahore,PK,chisel_pk,,,PKR,monthly,,,Full Time Software Quality Assurance Engineer Job in Pakistan
10879,other,junior,Lahore,PK,chisel_pk,,,PKR,monthly,,,Full Time Sales Officer Jobs in Pakistan
10880,other,junior,Islamabad,PK,chisel_pk,,,PKR,monthly,,,Full Time Client Support Representative Jobs in Pakistan
10881,other,junior,Lahore,PK,chisel_pk,,,PKR,monthly,,,Full Time Experienced Call Centre Agent Needed For AT&T DTV Jobs in Pakistan
10882,other,mid,Karachi,PK,chisel_pk,,,PKR,monthly,,,Full Time Graphic Designer Job in Pakistan
10883,other,mid,Islamabad,PK,chisel_pk,,,PKR,monthly,,,Full Time Senior Full Stack Nodejs Developer Jobs in Pakistan
10884,other,junior,Karachi,PK,chisel_pk,,,PKR,monthly,,,Full Time Chief Purchasing Officer (Supply Chain) Job in Pakistan
10885,other,mid,Islamabad,PK,chisel_pk,,,PKR,monthly,,,Full Time Web Designer And Developer Job in Pakistan
10886,other,junior,Islamabad,PK,chisel_pk,,,PKR,monthly,,,Full Time PHP / Wordpress Developer Job in Pakistan
10887,other,junior,Karachi,PK,chisel_pk,,,PKR,monthly,,,Full Time Corporate Sales Executive - IT Products Jobs in Pakistan
10888,other,junior,Karachi,PK,chisel_pk,,,PKR,monthly,,,Full Time H.R / Admin Executive Job in Pakistan
10889,other,junior,Karachi,PK,chisel_pk,,,PKR,monthly,,,Full Time Digital Sales Executive Job in Pakistan
10890,other,junior,Lahore,PK,chisel_pk,,,PKR,monthly,,,Full Time Internee For Accounts Department Job in Pakistan
10891,other,junior,Islamabad,PK,chisel_pk,,,PKR,monthly,,,Full Time Trainee Win/Linux System Engineer Jobs in Pakistan
10892,other,junior,Lahore,PK,chisel_pk,,,PKR,monthly,,,Full Time Research Executive (Office Based) Jobs in Pakistan
10894,other,junior,Islamabad,PK,chisel_pk,,,PKR,monthly,,,Full Time Data Entry Operators Jobs in Pakistan
10895,other,junior,Lahore,PK,chisel_pk,,,PKR,monthly,,,Full Time PHP Developer Job in Pakistan
10896,other,mid,Lahore,PK,chisel_pk,,,PKR,monthly,,,Full Time Marketing Executive Jobs in Pakistan
10897,other,junior,Multan,PK,chisel_pk,,,PKR,monthly,,,Full Time Web / Graphic Designer Job in Pakistan
10898,other,mid,Lahore,PK,chisel_pk,,,PKR,monthly,,,Full Time PHP Laravel Developer Jobs in Pakistan
10899,other,mid,Karachi,PK,chisel_pk,,,PKR,monthly,,,Full Time Assistant Manager IT Job in Pakistan
10900,other,mid,Lahore,PK,chisel_pk,,,PKR,monthly,,,Full Time Xamarin Form Developer Job in Pakistan
10901,other,junior,Lahore,PK,chisel_pk,,,PKR,monthly,,,Full Time Information Security Executive Job in Pakistan
10902,other,junior,Karachi,PK,chisel_pk,,,PKR,monthly,,,Online Full Time Online Customer Support Representative (Home Based) Job in Pakistan
10903,other,junior,Karachi,PK,chisel_pk,,,PKR,monthly,,,Full Time Business Development Executive Jobs in Pakistan
10904,other,mid,Karachi,PK,chisel_pk,,,PKR,monthly,,,Full Time Salesman Jobs in Pakistan
10905,other,junior,Lahore,PK,chisel_pk,,,PKR,monthly,,,Full Time Telesales Representative / Agent Jobs in Pakistan
10906,other,junior,Karachi,PK,chisel_pk,,,PKR,monthly,,,Full Time Sales Engineer Job in Pakistan
10907,other,junior,Lahore,PK,chisel_pk,,,PKR,monthly,,,Full Time Brand & Digital Marketing Executive Job in Pakistan
10908,other,junior,Karachi,PK,chisel_pk,,,PKR,monthly,,,Full Time Accounts / Office Assistant Job in Pakistan
10909,other,junior,Islamabad,PK,chisel_pk,,,PKR,monthly,,,Full Time Front-End Developer Jobs in Pakistan
10910,other,junior,Islamabad,PK,chisel_pk,,,PKR,monthly,,,Full Time Sales / Marketing Executive Jobs in Pakistan
10911,other,junior,Lahore,PK,chisel_pk,,,PKR,monthly,,,Full Time Full Stack Software Developer Job in Pakistan
10912,other,junior,Lahore,PK,chisel_pk,,,PKR,monthly,,,Full Time Electrical Engineer Job in Pakistan
10913,other,junior,Hyderabad,PK,chisel_pk,,,PKR,monthly,,,Full Time Creative Content Writer Job in Pakistan
10914,other,junior,Lahore,PK,chisel_pk,,,PKR,monthly,,,Full Time Business Development Officer / Retail Sale Jobs in Pakistan
10915,other,unknown,Islamabad,PK,chisel_pk,,,PKR,monthly,,,Full Time Graphics Designer Job in Pakistan
10916,other,junior,Lahore,PK,chisel_pk,,,PKR,monthly,,,Full Time Sales Representative Job in Pakistan
10917,other,junior,Hyderabad,PK,chisel_pk,,,PKR,monthly,,,Full Time Graphic Designer UI/UX Designer Job in Pakistan
10918,other,junior,Islamabad,PK,chisel_pk,,,PKR,monthly,,,Full Time Web Developer Jobs in Pakistan
10919,other,junior,Islamabad,PK,chisel_pk,,,PKR,monthly,,,Full Time Sales Executive CSR Jobs in Pakistan
10920,other,junior,Karachi,PK,chisel_pk,,,PKR,monthly,,,Full Time Sales Executive Jobs in Pakistan
10921,other,junior,Islamabad,PK,chisel_pk,,,PKR,monthly,,,Full Time Accounts And Finance Executive Job in Pakistan
10922,other,junior,Lahore,PK,chisel_pk,,,PKR,monthly,,,Full Time Sales Representative Jobs in Pakistan
10923,other,senior,Lahore,PK,chisel_pk,,,PKR,monthly,,,Full Time Store Keeper / Store Incharge (Tiles & Ceramics) Jobs in Pakistan
10924,other,junior,Lahore,PK,chisel_pk,,,PKR,monthly,,,Full Time 3D Unity Developer Jobs in Pakistan
10925,other,junior,Islamabad,PK,chisel_pk,,,PKR,monthly,,,Full Time Customer Sales Representative Jobs in Pakistan
10926,other,junior,Lahore,PK,chisel_pk,,,PKR,monthly,,,Online Full Time Technical Recruiter Jobs in Pakistan
10927,other,junior,Karachi,PK,chisel_pk,,,PKR,monthly,,,Online Full Time Social Media / Blogging/ Digital Marketing Expert (Freelance) Jobs in Pakistan
10929,other,junior,Lahore,PK,chisel_pk,,,PKR,monthly,,,Full Time Customer Service Representative Jobs in Pakistan
10930,other,junior,Lahore,PK,chisel_pk,,,PKR,monthly,,,Full Time Data Entry Operator / Computer Operator Jobs in Pakistan
10931,other,junior,Karachi,PK,chisel_pk,,,PKR,monthly,,,Full Time Sales & Marketing Professionals Job in Pakistan
10932,other,junior,Lahore,PK,chisel_pk,,,PKR,monthly,,,Full Time Nodejs Developer Job in Pakistan
10933,other,junior,Islamabad,PK,chisel_pk,,,PKR,monthly,,,Full Time Communication Specialist Jobs in Pakistan
10934,other,senior,Lahore,PK,chisel_pk,,,PKR,monthly,,,Full Time Printing Machine Operator Job in Pakistan
10935,other,senior,Lahore,PK,chisel_pk,,,PKR,monthly,,,Full Time Die & Cutting Operator Job in Pakistan
10936,other,mid,Islamabad,PK,chisel_pk,,,PKR,monthly,,,Full Time Fullstack Javascript Web & React Native Engineer Job in Pakistan
10937,other,junior,Karachi,PK,chisel_pk,,,PKR,monthly,,,Online Full Time Full Stack Laravel Developer Jobs in Pakistan
10938,other,junior,Lahore,PK,chisel_pk,,,PKR,monthly,,,Online Full Time Content Writer & Designer Job in Pakistan
10939,other,junior,Islamabad,PK,chisel_pk,,,PKR,monthly,,,Full Time Sales Executive Job in Pakistan
10940,other,junior,Islamabad,PK,chisel_pk,,,PKR,monthly,,,Full Time ASO Expert Jobs in Pakistan
10941,other,junior,Lahore,PK,chisel_pk,,,PKR,monthly,,,Full Time Telesales Representative Jobs in Pakistan
10942,other,junior,Lahore,PK,chisel_pk,,,PKR,monthly,,,Full Time Consumer Sales Executive Job in Pakistan
10943,other,junior,Lahore,PK,chisel_pk,,,PKR,monthly,,,Full Time Inventory/Disatch Officer Jobs in Pakistan
10944,other,junior,Lahore,PK,chisel_pk,,,PKR,monthly,,,Online Full Time Data Entry Operator Jobs in Pakistan
10945,other,junior,Karachi,PK,chisel_pk,,,PKR,monthly,,,"Full Time Int. Business Development Required ( Upwork, Freelancer ) Jobs in Pakistan"
10946,other,junior,Islamabad,PK,chisel_pk,,,PKR,monthly,,,Full Time In-House Content Writer For Home Decoration Based International E-Commerce Brand Job in Pakistan
10947,other,unknown,Hyderabad,PK,chisel_pk,,,PKR,monthly,,,Full Time Graphics Designer Job in Pakistan
10948,other,junior,Islamabad,PK,chisel_pk,,,PKR,monthly,,,Online Full Time Web Developer Job in Pakistan
10949,other,mid,Islamabad,PK,chisel_pk,,,PKR,monthly,,,Full Time Lead Mobile App Developer Job in Pakistan
10950,other,mid,Islamabad,PK,chisel_pk,,,PKR,monthly,,,Full Time SEO - Digital Marketing Job in Pakistan
10951,other,mid,Islamabad,PK,chisel_pk,,,PKR,monthly,,,Full Time Lead Web Developer Jobs in Pakistan
10953,other,junior,Islamabad,PK,chisel_pk,,,PKR,monthly,,,Full Time Customer Facilitation Officer Job in Pakistan
10954,other,mid,Karachi,PK,chisel_pk,,,PKR,monthly,,,Full Time SEO Specialist Jobs in Pakistan
10955,other,junior,Lahore,PK,chisel_pk,,,PKR,monthly,,,Full Time Digital Marketer Intern Job in Pakistan
10956,other,junior,Lahore,PK,chisel_pk,,,PKR,monthly,,,Full Time Creative Content Writer Jobs in Pakistan
10957,other,mid,Lahore,PK,chisel_pk,,,PKR,monthly,,,Full Time Front End Engineer Jobs in Pakistan
10958,other,junior,Karachi,PK,chisel_pk,,,PKR,monthly,,,Full Time Jr. Technical Writer Job in Pakistan
10959,other,junior,Karachi,PK,chisel_pk,,,PKR,monthly,,,Full Time Design Sales Manager (Night Shift) Jobs in Pakistan
10960,other,junior,Karachi,PK,chisel_pk,,,PKR,monthly,,,Full Time UI/UX Designer Job in Pakistan
10961,other,junior,Faisalabad,PK,chisel_pk,,,PKR,monthly,,,Full Time Node Js Developer Jobs in Pakistan
10962,other,junior,Faisalabad,PK,chisel_pk,,,PKR,monthly,,,Full Time Senior Android Developer / Android Developer Jobs in Pakistan
10963,other,junior,Islamabad,PK,chisel_pk,,,PKR,monthly,,,Full Time Customer Sales Representative Jobs in Pakistan
10964,other,junior,Lahore,PK,chisel_pk,,,PKR,monthly,,,Full Time Business Development Executive Jobs in Pakistan
10966,other,junior,Lahore,PK,chisel_pk,,,PKR,monthly,,,Full Time Business Development Officer Job in Pakistan
10967,other,junior,Lahore,PK,chisel_pk,,,PKR,monthly,,,Full Time Business Development Executive Jobs in Pakistan
10968,other,junior,Karachi,PK,chisel_pk,,,PKR,monthly,,,Full Time Backend Developer Jobs in Pakistan
10969,other,junior,Lahore,PK,chisel_pk,,,PKR,monthly,,,Full Time Store Keeper / Accountant Job in Pakistan
10965,other,junior,Lahore,PK,chisel_pk,,,PKR,monthly,,,Full Time Store Keeper Job in Pakistan
10970,other,mid,Haripur,PK,chisel_pk,,,PKR,monthly,,,Full Time Design Engineer Job in Pakistan
10971,other,senior,Lahore,PK,chisel_pk,,,PKR,monthly,,,Full Time Principal Software Quality Assurance Engineer - Automation Job in Pakistan
10972,other,mid,Lahore,PK,chisel_pk,,,PKR,monthly,,,Full Time Software Quality Assurance Engineer - Automation Jobs in Pakistan
10973,other,mid,Lahore,PK,chisel_pk,,,PKR,monthly,,,Full Time Senior .NET Developer Jobs in Pakistan
10974,other,unknown,Lahore,PK,chisel_pk,,,PKR,monthly,,,Full Time Call Center Representative Jobs in Pakistan
10975,other,junior,Karachi,PK,chisel_pk,,,PKR,monthly,,,Full Time Call Centre Agent Jobs in Pakistan
10976,other,junior,Lahore,PK,chisel_pk,,,PKR,monthly,,,Online Full Time MMO Games Service Providers Jobs in Pakistan
10977,other,junior,Islamabad,PK,chisel_pk,,,PKR,monthly,,,Full Time Python Developer Job in Pakistan
10978,other,mid,Karachi,PK,chisel_pk,,,PKR,monthly,,,Full Time Software Developer Jobs in Pakistan
10979,other,mid,Karachi,PK,chisel_pk,,,PKR,monthly,,,Full Time Web Developer Job in Pakistan
10980,other,mid,Karachi,PK,chisel_pk,,,PKR,monthly,,,Full Time Graphic Designer Job in Pakistan
10981,other,junior,Lahore,PK,chisel_pk,,,PKR,monthly,,,Full Time Game UI/UX Designer Job in Pakistan
10982,other,junior,Islamabad,PK,chisel_pk,,,PKR,monthly,,,Full Time Client Relationship Officer - CRO Job in Pakistan
10983,other,junior,Islamabad,PK,chisel_pk,,,PKR,monthly,,,Full Time Website Development And Digital Marketing Internship Job in Pakistan
10984,other,junior,Lahore,PK,chisel_pk,,,PKR,monthly,,,Full Time E-Marketing Officer Job in Pakistan
10985,other,junior,Lahore,PK,chisel_pk,,,PKR,monthly,,,Full Time .NET Angular Full Stack Developer Job in Pakistan
10986,other,junior,Lahore,PK,chisel_pk,,,PKR,monthly,,,Full Time Customer Care Executives Job in Pakistan
10987,other,mid,Islamabad,PK,chisel_pk,,,PKR,monthly,,,Full Time Pharmacist Job in Pakistan
10988,other,junior,Islamabad,PK,chisel_pk,,,PKR,monthly,,,Full Time Python Developer Jobs in Pakistan
10989,other,junior,Islamabad,PK,chisel_pk,,,PKR,monthly,,,Full Time Customer Sales Representative Job in Pakistan
10990,other,junior,Islamabad,PK,chisel_pk,,,PKR,monthly,,,Full Time Outbound Sales Specialist Jobs in Pakistan
10991,other,junior,Lahore,PK,chisel_pk,,,PKR,monthly,,,Full Time Assistant For Import Export Work And Online Work Job in Pakistan
10992,other,junior,Islamabad,PK,chisel_pk,,,PKR,monthly,,,Full Time Telesales Representatives Jobs in Pakistan
10993,other,mid,Karachi,PK,chisel_pk,,,PKR,monthly,,,Full Time Team Manager - Night Shift Job in Pakistan
10994,other,mid,Karachi,PK,chisel_pk,,,PKR,monthly,,,Full Time Compliance Manager - US Healthcare - Night Shift Job in Pakistan
10995,other,junior,Karachi,PK,chisel_pk,,,PKR,monthly,,,Full Time Android App Developer Job in Pakistan
10996,other,junior,Islamabad,PK,chisel_pk,,,PKR,monthly,,,Full Time Jr. Android App Developer Job in Pakistan
10997,other,junior,Lahore,PK,chisel_pk,,,PKR,monthly,,,Full Time MERN Stack Developer Job in Pakistan
10998,other,mid,Lahore,PK,chisel_pk,,,PKR,monthly,,,Full Time Web Developer Job in Pakistan
10999,other,junior,Abbottabad,PK,chisel_pk,,,PKR,monthly,,,Full Time Receptionist Job in Pakistan
11000,other,junior,Abbottabad,PK,chisel_pk,,,PKR,monthly,,,Full Time Marketing Intern Jobs in Pakistan
11001,other,mid,Karachi,PK,chisel_pk,,,PKR,monthly,,,Full Time Social Media Executive Job in Pakistan
11002,other,mid,Karachi,PK,chisel_pk,,,PKR,monthly,,,Full Time HVAC Supervisor Jobs in Pakistan
11003,other,mid,Karachi,PK,chisel_pk,,,PKR,monthly,,,Full Time Graphic Designer Job in Pakistan
11004,other,junior,Faisalabad,PK,chisel_pk,,,PKR,monthly,,,Full Time Truck Drivers Job in Pakistan
11005,other,junior,Faisalabad,PK,chisel_pk,,,PKR,monthly,,,Full Time Loader Operators - Saudi Arabia Job in Pakistan
11006,other,junior,Faisalabad,PK,chisel_pk,,,PKR,monthly,,,Full Time Heavy Hydraulic Mechanics - Saudi Arabia Job in Pakistan
11007,other,junior,Faisalabad,PK,chisel_pk,,,PKR,monthly,,,Full Time Site Supervisors - Saudi Arabia Job in Pakistan
11008,other,junior,Faisalabad,PK,chisel_pk,,,PKR,monthly,,,Full Time Expert Graphic Designer Job in Pakistan
11009,other,mid,Lahore,PK,chisel_pk,,,PKR,monthly,,,Full Time Marketing And Sales Manager (Real Estate Housing Scheme Only) Job in Pakistan
11010,other,junior,Karachi,PK,chisel_pk,,,PKR,monthly,,,"Full Time CCTV, PABX, Intercom Technician Job in Pakistan"
11012,other,junior,Wah,PK,chisel_pk,,,PKR,monthly,,,Full Time English & Math Teacher Jobs in Pakistan
11013,other,unknown,Islamabad,PK,chisel_pk,,,PKR,monthly,,,Full Time Email Chat Support Specialist - Work At Home Jobs in Pakistan
11014,other,junior,Islamabad,PK,chisel_pk,,,PKR,monthly,,,Full Time MVC Developers Jobs in Pakistan
11015,other,junior,Gujrat,PK,chisel_pk,,,PKR,monthly,,,Full Time Sales Manager Job in Pakistan
11016,other,junior,Islamabad,PK,chisel_pk,,,PKR,monthly,,,Full Time ASP .NET Web Developer Job in Pakistan
11017,other,mid,Lahore,PK,chisel_pk,,,PKR,monthly,,,Full Time Wordpress Developer / Social Media Expert Job in Pakistan
11018,other,junior,Karachi,PK,chisel_pk,,,PKR,monthly,,,Full Time Junior Business Developer Job in Pakistan
11019,other,junior,Islamabad,PK,chisel_pk,,,PKR,monthly,,,Full Time Front Desk Officer Job in Pakistan
11020,other,junior,Lahore,PK,chisel_pk,,,PKR,monthly,,,Full Time Sales Engineer (Mechanical) Job in Pakistan
11021,other,junior,Islamabad,PK,chisel_pk,,,PKR,monthly,,,Online Full Time Sales Executive Job in Pakistan
11022,other,junior,Islamabad,PK,chisel_pk,,,PKR,monthly,,,Full Time IT Project Manager Job in Pakistan
11023,other,junior,Karachi,PK,chisel_pk,,,PKR,monthly,,,Full Time Digital Marketing Assistant Jobs in Pakistan
11024,other,mid,Karachi,PK,chisel_pk,,,PKR,monthly,,,Full Time Account Manager Job in Pakistan
11025,other,junior,Lahore,PK,chisel_pk,,,PKR,monthly,,,Full Time Sales Officer Jobs in Pakistan
11026,other,junior,Lahore,PK,chisel_pk,,,PKR,monthly,,,Full Time 2D / 3D Artist Jobs in Pakistan
11027,other,mid,Sialkot,PK,chisel_pk,,,PKR,monthly,,,Full Time QA Manager Job in Pakistan
11028,other,junior,Rawalpindi,PK,chisel_pk,,,PKR,monthly,,,Full Time Digital Marketing Manager Jobs in Pakistan
11029,other,junior,Lahore,PK,chisel_pk,,,PKR,monthly,,,Online Full Time Software Sales Officer Job in Pakistan
11030,other,junior,Islamabad,PK,chisel_pk,,,PKR,monthly,,,Full Time Senior Content Writer Jobs in Pakistan
11031,other,junior,Islamabad,PK,chisel_pk,,,PKR,monthly,,,Online Full Time System Engineer (Level 1) Job in Pakistan
11032,other,mid,Karachi,PK,chisel_pk,,,PKR,monthly,,,Full Time SEO Expert Job in Pakistan
11033,other,junior,Karachi,PK,chisel_pk,,,PKR,monthly,,,Full Time Content QA Job in Pakistan
11034,other,junior,Karachi,PK,chisel_pk,,,PKR,monthly,,,Full Time Content QA (Intern) Job in Pakistan
11035,other,junior,Karachi,PK,chisel_pk,,,PKR,monthly,,,Full Time Sales & Marketing Coordinator Job in Pakistan
11036,other,junior,Karachi,PK,chisel_pk,,,PKR,monthly,,,Full Time Sales Executive Job in Pakistan
11037,other,junior,Sialkot,PK,chisel_pk,,,PKR,monthly,,,Full Time Front-End Developer Jobs in Pakistan
11038,other,junior,Sialkot,PK,chisel_pk,,,PKR,monthly,,,Full Time Back-End Developer Jobs in Pakistan
11039,other,mid,Sialkot,PK,chisel_pk,,,PKR,monthly,,,Full Time Graphic Designer Job in Pakistan
11040,other,junior,Karachi,PK,chisel_pk,,,PKR,monthly,,,Full Time Creative Logo Designer Job in Pakistan
11041,other,junior,Lahore,PK,chisel_pk,,,PKR,monthly,,,Full Time Voip Engineer Jobs in Pakistan
11042,other,mid,Islamabad,PK,chisel_pk,,,PKR,monthly,,,Full Time Web Developer Job in Pakistan
11043,other,junior,Lahore,PK,chisel_pk,,,PKR,monthly,,,Full Time Tele Sales Representative (TSR) Jobs in Pakistan
11044,other,junior,Abbottabad,PK,chisel_pk,,,PKR,monthly,,,Online Full Time Associate Software QA Test Engineer Jobs in Pakistan
11046,other,mid,Karachi,PK,chisel_pk,,,PKR,monthly,,,Full Time Junior Planning Engineer Job in Pakistan
11047,other,mid,Lahore,PK,chisel_pk,,,PKR,monthly,,,Full Time Experienced PHP / Wordpress Developer Job in Pakistan
11048,other,mid,Lahore,PK,chisel_pk,,,PKR,monthly,,,Full Time Experienced SEO / Digital Marketing Expert Job in Pakistan
11049,other,junior,Islamabad,PK,chisel_pk,,,PKR,monthly,,,Full Time React Native Developers Jobs in Pakistan
11050,other,mid,Lahore,PK,chisel_pk,,,PKR,monthly,,,Full Time SEO Expert / Digital Marketing Expert Job in Pakistan
11051,other,junior,Lahore,PK,chisel_pk,,,PKR,monthly,,,Full Time Shift Manager Jobs in Pakistan
11052,other,junior,Faisalabad,PK,chisel_pk,,,PKR,monthly,,,Full Time Ios Native Swift Developer Job in Pakistan
11053,other,junior,Islamabad,PK,chisel_pk,,,PKR,monthly,,,Full Time Systems Engineer Job in Pakistan
11054,other,junior,Islamabad,PK,chisel_pk,,,PKR,monthly,,,Online Full Time Marketing Executive Job in Pakistan
11055,other,mid,Lahore,PK,chisel_pk,,,PKR,monthly,,,Full Time SOC Analyst - Tier 2 Job in Pakistan
11056,other,junior,Lahore,PK,chisel_pk,,,PKR,monthly,,,Full Time CISCO Firewall Engineer Job in Pakistan
11058,other,junior,Islamabad,PK,chisel_pk,,,PKR,monthly,,,Full Time Sales Manager Job in Pakistan
11059,other,junior,Islamabad,PK,chisel_pk,,,PKR,monthly,,,Full Time Junior IOS Developer Job in Pakistan
11060,other,junior,Islamabad,PK,chisel_pk,,,PKR,monthly,,,Full Time UI/UX Developer Job in Pakistan
11061,other,junior,Islamabad,PK,chisel_pk,,,PKR,monthly,,,Full Time Wordpress / PHP Developer Job in Pakistan
11062,other,junior,Islamabad,PK,chisel_pk,,,PKR,monthly,,,Full Time MERN Developer Job in Pakistan
11063,other,junior,Lahore,PK,chisel_pk,,,PKR,monthly,,,Full Time Website Graphic Designer Job in Pakistan
11064,other,mid,Islamabad,PK,chisel_pk,,,PKR,monthly,,,Online Full Time Software Developer Job in Pakistan
11065,other,junior,Lahore,PK,chisel_pk,,,PKR,monthly,,,Full Time Game Artists And Developers Jobs in Pakistan
11066,other,junior,Gujrat,PK,chisel_pk,,,PKR,monthly,,,Full Time Website SEO Jobs in Pakistan
11067,other,junior,Islamabad,PK,chisel_pk,,,PKR,monthly,,,Full Time PPC Specialist Jobs in Pakistan
11068,other,mid,Karachi,PK,chisel_pk,,,PKR,monthly,,,Full Time SQL Server Database Developer (SSIS/ETL) Job in Pakistan
11069,other,junior,Lahore,PK,chisel_pk,,,PKR,monthly,,,Full Time Operator Plus Social Media Management Jobs in Pakistan
11070,other,junior,Lahore,PK,chisel_pk,,,PKR,monthly,,,Full Time Customer Service Representative Job in Pakistan
11071,other,junior,Lahore,PK,chisel_pk,,,PKR,monthly,,,Full Time SEO Sales Agent Jobs in Pakistan
11072,other,junior,Karachi,PK,chisel_pk,,,PKR,monthly,,,Full Time Digital Marketing Executive Job in Pakistan
11073,other,junior,Lahore,PK,chisel_pk,,,PKR,monthly,,,Full Time English Language And Literature Experts Jobs in Pakistan
11074,other,junior,Islamabad,PK,chisel_pk,,,PKR,monthly,,,Full Time PHP Developer Jobs in Pakistan
11075,other,mid,Lahore,PK,chisel_pk,,,PKR,monthly,,,Full Time Senior Dot Net MVC Developer Jobs in Pakistan
11076,other,junior,Lahore,PK,chisel_pk,,,PKR,monthly,,,Full Time Marketing Executive Job in Pakistan
11077,other,unknown,Islamabad,PK,chisel_pk,,,PKR,monthly,,,Full Time Graphics Designer Job in Pakistan
11078,other,junior,Lahore,PK,chisel_pk,,,PKR,monthly,,,Full Time Marketing Executive Job in Pakistan
11079,other,junior,Lahore,PK,chisel_pk,,,PKR,monthly,,,Full Time Sales Executive Jobs in Pakistan
11080,other,junior,Layyah,PK,chisel_pk,,,PKR,monthly,,,Full Time Web Designer Jobs in Pakistan
11081,other,junior,Lahore,PK,chisel_pk,,,PKR,monthly,,,Full Time Recruitment Resourcer Jobs in Pakistan
11082,other,mid,Islamabad,PK,chisel_pk,,,PKR,monthly,,,Online Full Time Sales Manager Job in Pakistan
11083,other,junior,Karachi,PK,chisel_pk,,,PKR,monthly,,,Full Time Web Developer (Internship) Jobs in Pakistan
11084,other,junior,Karachi,PK,chisel_pk,,,PKR,monthly,,,Full Time International Sales Executive Job in Pakistan
11085,other,mid,Islamabad,PK,chisel_pk,,,PKR,monthly,,,Full Time PHP Laravel Developer Jobs in Pakistan
11086,other,junior,Karachi,PK,chisel_pk,,,PKR,monthly,,,Full Time News And Content Writer Jobs in Pakistan
11087,other,junior,Lahore,PK,chisel_pk,,,PKR,monthly,,,Full Time ASP.NET MVC Fresh Graduates Internee Job in Pakistan
11088,other,junior,Faisalabad,PK,chisel_pk,,,PKR,monthly,,,Full Time Web/Mobile Development Interns Jobs in Pakistan
11089,other,junior,Lahore,PK,chisel_pk,,,PKR,monthly,,,Full Time SEO Link Builder Jobs in Pakistan
11090,other,junior,Islamabad,PK,chisel_pk,,,PKR,monthly,,,Full Time Unity 3D Game Developer Jobs in Pakistan
11091,other,junior,Lahore,PK,chisel_pk,,,PKR,monthly,,,Full Time Design Engineer Jobs in Pakistan
11092,other,mid,Lahore,PK,chisel_pk,,,PKR,monthly,,,Full Time Accounts Officer Job in Pakistan
11093,other,junior,Karachi,PK,chisel_pk,,,PKR,monthly,,,Online Full Time Business Development Office Jobs in Pakistan
11094,other,junior,Islamabad,PK,chisel_pk,,,PKR,monthly,,,Full Time Python - Django Developers Jobs in Pakistan
11095,other,junior,Karachi,PK,chisel_pk,,,PKR,monthly,,,Full Time Accounts Officer Jobs in Pakistan
11096,other,junior,Lahore,PK,chisel_pk,,,PKR,monthly,,,Full Time Customer Relationship Officer Job in Pakistan
11097,other,senior,Karachi,PK,chisel_pk,,,PKR,monthly,,,Full Time SEO Manager Job in Pakistan
11098,other,junior,Lahore,PK,chisel_pk,,,PKR,monthly,,,Full Time Fresh Full Stack Javascript Internees Jobs in Pakistan
11099,other,junior,Islamabad,PK,chisel_pk,,,PKR,monthly,,,Full Time Front End Development - React.Js Developers Jobs in Pakistan
11100,other,junior,Islamabad,PK,chisel_pk,,,PKR,monthly,,,Full Time Blockchain Developers - Node.JS / Go Lang Jobs in Pakistan
11101,other,junior,Islamabad,PK,chisel_pk,,,PKR,monthly,,,Full Time Node.Js Developers Jobs in Pakistan
11102,other,junior,Gujrat,PK,chisel_pk,,,PKR,monthly,,,Full Time Cashier / Order Taker Jobs in Pakistan
11103,other,junior,Hyderabad,PK,chisel_pk,,,PKR,monthly,,,Online Full Time Junior .Net Developer Jobs in Pakistan
11104,other,mid,Lahore,PK,chisel_pk,,,PKR,monthly,,,Full Time Pharmacist Job in Pakistan
11105,other,mid,Gujranwala,PK,chisel_pk,,,PKR,monthly,,,Full Time Human Resource Executive / HR Consultant Jobs in Pakistan
11106,other,mid,Lahore,PK,chisel_pk,,,PKR,monthly,,,Full Time Senior PHP Web Developer Jobs in Pakistan
11107,other,mid,Lahore,PK,chisel_pk,,,PKR,monthly,,,Full Time Hybrid Mobile App Developer (Flutter Developer) Job in Pakistan
11108,other,junior,Lahore,PK,chisel_pk,,,PKR,monthly,,,Full Time Student Counselor / Customer Services Officer Job in Pakistan
11109,other,junior,Multan,PK,chisel_pk,,,PKR,monthly,,,Full Time Digital Marketing Executive Job in Pakistan
11110,other,junior,Islamabad,PK,chisel_pk,,,PKR,monthly,,,Full Time Sales Executive Jobs in Pakistan
11111,other,junior,Karachi,PK,chisel_pk,,,PKR,monthly,,,Full Time Operations Assistant - (Excellent English Speaking And Writing Skills) Jobs in Pakistan
11112,other,junior,Islamabad,PK,chisel_pk,,,PKR,monthly,,,Full Time Creative Designers / Graphics Designers / Social Media Manager Jobs in Pakistan
11113,other,mid,Rawalpindi,PK,chisel_pk,,,PKR,monthly,,,Full Time Senior PHP / Codeigniter Developers Jobs in Pakistan
11114,other,junior,Faisalabad,PK,chisel_pk,,,PKR,monthly,,,Full Time PHP Web Developer Job in Pakistan
11115,other,junior,Lahore,PK,chisel_pk,,,PKR,monthly,,,Full Time Video Edit / Graphic Design / Company / NTN Registration INTERNSHIP Jobs in Pakistan
11116,other,junior,Lahore,PK,chisel_pk,,,PKR,monthly,,,Full Time Laravel Developer Job in Pakistan
11117,other,junior,Lahore,PK,chisel_pk,,,PKR,monthly,,,Full Time Sales Executive Jobs in Pakistan
11118,other,mid,Lahore,PK,chisel_pk,,,PKR,monthly,,,Online Full Time Senior Front / End Developer Job in Pakistan
11119,other,mid,Lahore,PK,chisel_pk,,,PKR,monthly,,,Online Full Time Senior Laravel / PHP Developer Job in Pakistan
11121,other,junior,Lahore,PK,chisel_pk,,,PKR,monthly,,,Full Time SEO Content Writter Jobs in Pakistan
11122,other,junior,Islamabad,PK,chisel_pk,,,PKR,monthly,,,Full Time Accountant / Trainee Accountant Jobs in Pakistan
11123,other,junior,Islamabad,PK,chisel_pk,,,PKR,monthly,,,Full Time Telemarketing / Sales Jobs in Pakistan
11124,other,mid,Islamabad,PK,chisel_pk,,,PKR,monthly,,,Full Time Real Estate Sales Manager Job in Pakistan
11125,other,junior,Gujranwala,PK,chisel_pk,,,PKR,monthly,,,Full Time Accountant Job in Pakistan
11126,other,junior,Lahore,PK,chisel_pk,,,PKR,monthly,,,Full Time Customer Support Executive Job in Pakistan
11127,other,mid,Islamabad,PK,chisel_pk,,,PKR,monthly,,,Online Full Time React Native Developer Job in Pakistan
11128,other,junior,Lahore,PK,chisel_pk,,,PKR,monthly,,,Full Time Digital Marketing Expert Job in Pakistan
11129,other,mid,Lahore,PK,chisel_pk,,,PKR,monthly,,,Full Time SEO Expert Job in Pakistan
11130,other,junior,Lahore,PK,chisel_pk,,,PKR,monthly,,,Online Full Time Internship Jobs in Pakistan
11131,other,junior,Karachi,PK,chisel_pk,,,PKR,monthly,,,Full Time UI/UX Frontend Developer Jobs in Pakistan
11132,other,junior,Islamabad,PK,chisel_pk,,,PKR,monthly,,,Full Time Angular Developer / Front End Developer Jobs in Pakistan
11133,other,mid,Islamabad,PK,chisel_pk,,,PKR,monthly,,,Full Time Sr Ios Developer Job in Pakistan
11134,other,junior,Islamabad,PK,chisel_pk,,,PKR,monthly,,,Online Full Time Logistics Officer - Home Based Job in Pakistan
11135,other,mid,Lahore,PK,chisel_pk,,,PKR,monthly,,,Full Time Senior .NET Developer Jobs in Pakistan
11136,other,junior,Chiniot,PK,chisel_pk,,,PKR,monthly,,,Full Time Accounts Assistant Jobs in Pakistan
11137,other,junior,Abbottabad,PK,chisel_pk,,,PKR,monthly,,,Online Full Time Senior PHP Developer (Remote) Jobs in Pakistan
11138,other,mid,Rawalpindi,PK,chisel_pk,,,PKR,monthly,,,Full Time Manager Settlements Job in Pakistan
11139,other,mid,Sialkot,PK,chisel_pk,,,PKR,monthly,,,Full Time Graphic Designer Job in Pakistan
11140,other,junior,Islamabad,PK,chisel_pk,,,PKR,monthly,,,Full Time Front Desk Officer Job in Pakistan
11141,other,junior,Karachi,PK,chisel_pk,,,PKR,monthly,,,Full Time Sales Executive Job in Pakistan
11142,other,junior,Islamabad,PK,chisel_pk,,,PKR,monthly,,,Full Time Web Design Team / Graphics Design Team Job in Pakistan
11143,other,junior,Karachi,PK,chisel_pk,,,PKR,monthly,,,Online Full Time Call Center Position (Contract Basis) Job in Pakistan
11144,other,mid,Karachi,PK,chisel_pk,,,PKR,monthly,,,Full Time Software Developer PHP Jobs in Pakistan
11145,other,junior,Lahore,PK,chisel_pk,,,PKR,monthly,,,Full Time Salesman/ Men Shoes Outlet Job in Pakistan
11146,other,junior,Lahore,PK,chisel_pk,,,PKR,monthly,,,Full Time Account Officer Job in Pakistan
11147,other,junior,Lahore,PK,chisel_pk,,,PKR,monthly,,,Full Time ASO Jobs in Pakistan
11148,other,junior,Lahore,PK,chisel_pk,,,PKR,monthly,,,Full Time Unity 3D Developer Jobs in Pakistan
11149,other,junior,Lahore,PK,chisel_pk,,,PKR,monthly,,,Full Time CG Artist Jobs in Pakistan
11150,other,junior,Lahore,PK,chisel_pk,,,PKR,monthly,,,Full Time Account And Inventory Controller Jobs in Pakistan
11151,other,mid,Lahore,PK,chisel_pk,,,PKR,monthly,,,Full Time Senior Software Engineer - Java Spring Boot Job in Pakistan
11152,other,junior,Karachi,PK,chisel_pk,,,PKR,monthly,,,Full Time Sales Associates Jobs in Pakistan
11153,other,junior,Lahore,PK,chisel_pk,,,PKR,monthly,,,Full Time Management Trainee (HR & Administration) Job in Pakistan
11154,other,junior,Islamabad,PK,chisel_pk,,,PKR,monthly,,,Full Time Management Trainee Job in Pakistan
11155,other,junior,Karachi,PK,chisel_pk,,,PKR,monthly,,,Full Time Wordpress And React Developer Jobs in Pakistan
11156,other,mid,Islamabad,PK,chisel_pk,,,PKR,monthly,,,Full Time Web Scraping / Crawler / Scrapy Jobs in Pakistan
11157,other,mid,Lahore,PK,chisel_pk,,,PKR,monthly,,,Full Time Senior Front End / Wordpress Developer Jobs in Pakistan
11158,other,junior,Karachi,PK,chisel_pk,,,PKR,monthly,,,Full Time Content Writer Job in Pakistan
11159,other,junior,Islamabad,PK,chisel_pk,,,PKR,monthly,,,Full Time PHP / Laraval / Wordpress Developer Jobs in Pakistan
11160,other,junior,Karachi,PK,chisel_pk,,,PKR,monthly,,,Full Time Software Support Executive Job in Pakistan
11161,other,junior,Islamabad,PK,chisel_pk,,,PKR,monthly,,,Full Time CSR Jobs in Pakistan
11162,other,mid,Lahore,PK,chisel_pk,,,PKR,monthly,,,Full Time Full Stack PHP Developer Jobs in Pakistan
11163,other,junior,Karachi,PK,chisel_pk,,,PKR,monthly,,,Full Time SEO Intern Job in Pakistan
11164,other,junior,Lahore,PK,chisel_pk,,,PKR,monthly,,,Full Time Graphic Designer Jobs in Pakistan
11166,other,junior,Lahore,PK,chisel_pk,,,PKR,monthly,,,Full Time Recruitment Support Specialist Job in Pakistan
11167,other,junior,Karachi,PK,chisel_pk,,,PKR,monthly,,,Full Time BDE - Business Development Executive Job in Pakistan
11168,other,junior,Lahore,PK,chisel_pk,,,PKR,monthly,,,Full Time Accounts Assistant Manager Jobs in Pakistan
11169,other,junior,Lahore,PK,chisel_pk,,,PKR,monthly,,,Full Time PHP Developer (Experienced) Jobs in Pakistan
11170,other,junior,Karachi,PK,chisel_pk,,,PKR,monthly,,,Full Time Wordpress Developer Jobs in Pakistan
11171,other,junior,Lahore,PK,chisel_pk,,,PKR,monthly,,,Full Time Senior Accounts Executive Job in Pakistan
11172,other,mid,Islamabad,PK,chisel_pk,,,PKR,monthly,,,Full Time Senior PHP Developer Job in Pakistan
11173,other,junior,Karachi,PK,chisel_pk,,,PKR,monthly,,,Full Time IT Support Staff / International Sales (Call Center IT Experience) Job in Pakistan
11174,other,junior,Islamabad,PK,chisel_pk,,,PKR,monthly,,,Online Full Time CSR - Job Work From Home Jobs in Pakistan
11175,other,mid,Lahore,PK,chisel_pk,,,PKR,monthly,,,Full Time Design Engineer Job in Pakistan
11176,other,junior,Faisalabad,PK,chisel_pk,,,PKR,monthly,,,Full Time Digital Marketing Executive Jobs in Pakistan
11177,other,junior,Islamabad,PK,chisel_pk,,,PKR,monthly,,,Full Time Sale Executive Jobs in Pakistan
11178,other,junior,Islamabad,PK,chisel_pk,,,PKR,monthly,,,Full Time Welder And Helpers Jobs in Pakistan
11179,other,junior,Lahore,PK,chisel_pk,,,PKR,monthly,,,Online Full Time Home-Based Jobs Jobs in Pakistan
11180,other,mid,Karachi,PK,chisel_pk,,,PKR,monthly,,,Full Time Senior Software Engineer Jobs in Pakistan
11181,other,junior,Islamabad,PK,chisel_pk,,,PKR,monthly,,,Full Time Sales Executive Jobs in Pakistan
11182,other,junior,Islamabad,PK,chisel_pk,,,PKR,monthly,,,Online Full Time Sales Executives (Office Based & Freelance) Jobs in Pakistan
11183,other,junior,Lahore,PK,chisel_pk,,,PKR,monthly,,,Full Time Sr. Java Developer Job in Pakistan
11184,other,mid,Lahore,PK,chisel_pk,,,PKR,monthly,,,Full Time Java Developer Job in Pakistan
11185,other,junior,Karachi,PK,chisel_pk,,,PKR,monthly,,,Full Time Office Assistant Job in Pakistan
11187,other,junior,Karachi,PK,chisel_pk,,,PKR,monthly,,,Full Time Social Media Specialist Job in Pakistan
11188,other,junior,Faisalabad,PK,chisel_pk,,,PKR,monthly,,,Online Full Time Sales Executive Jobs in Pakistan
11189,other,junior,Lahore,PK,chisel_pk,,,PKR,monthly,,,Full Time Professional Cook Job in Pakistan
11190,other,junior,Lahore,PK,chisel_pk,,,PKR,monthly,,,Full Time Unity Developer Jobs in Pakistan
11191,other,mid,Lahore,PK,chisel_pk,,,PKR,monthly,,,"Full Time 3D Modeler , CG Artist Game Jobs in Pakistan"
11192,other,junior,Lahore,PK,chisel_pk,,,PKR,monthly,,,Full Time Games ASO / Games Marketing Jobs in Pakistan
11193,other,mid,Lahore,PK,chisel_pk,,,PKR,monthly,,,Full Time Senior Graphic Designer Job in Pakistan
11194,other,junior,Lahore,PK,chisel_pk,,,PKR,monthly,,,Full Time Internee Quality Assurance (QA) For Games Jobs in Pakistan
11195,other,junior,Lahore,PK,chisel_pk,,,PKR,monthly,,,Full Time International Inbound Sales Executives Jobs in Pakistan
11196,other,junior,Lahore,PK,chisel_pk,,,PKR,monthly,,,Full Time Creative Content Writer Jobs in Pakistan
11197,other,junior,Lahore,PK,chisel_pk,,,PKR,monthly,,,Full Time Experienced Telesales Executives For Outbound Sales Project. Jobs in Pakistan
11198,other,junior,Lahore,PK,chisel_pk,,,PKR,monthly,,,Full Time Sales And Customer Services Representative Jobs in Pakistan
11199,other,junior,Lahore,PK,chisel_pk,,,PKR,monthly,,,Full Time Graphic Designer Jobs in Pakistan
11200,other,junior,Lahore,PK,chisel_pk,,,PKR,monthly,,,Full Time Assistant Marketing In Fabric Jobs in Pakistan
11201,other,mid,Islamabad,PK,chisel_pk,,,PKR,monthly,,,Full Time Social Media Marketing Manager Job in Pakistan
11202,other,mid,Lahore,PK,chisel_pk,,,PKR,monthly,,,Full Time Graphic Designer Job in Pakistan
11204,other,junior,Faisalabad,PK,chisel_pk,,,PKR,monthly,,,Full Time SEO Executive Job in Pakistan
11203,other,junior,Faisalabad,PK,chisel_pk,,,PKR,monthly,,,Full Time Python Developer Job in Pakistan
11206,other,junior,Islamabad,PK,chisel_pk,,,PKR,monthly,,,"Full Time Customer Service Reps, Transcribers And Content Writers Jobs in Pakistan"
11207,other,mid,Karachi,PK,chisel_pk,,,PKR,monthly,,,Full Time Assistant Social Media Manager Jobs in Pakistan
11208,other,junior,Karachi,PK,chisel_pk,,,PKR,monthly,,,Full Time Office Coordinator Job in Pakistan
11209,other,junior,Karachi,PK,chisel_pk,,,PKR,monthly,,,Full Time Resident Medical Officer Jobs in Pakistan
11210,other,senior,Lahore,PK,chisel_pk,,,PKR,monthly,,,Full Time Business Development Engineer Job in Pakistan
11211,other,junior,Lahore,PK,chisel_pk,,,PKR,monthly,,,Full Time Customer Support Representative Job in Pakistan
11212,other,junior,Faisalabad,PK,chisel_pk,,,PKR,monthly,,,Online Full Time Project And Social Media Coordinator (Remote Work) Job in Pakistan
11213,other,mid,Karachi,PK,chisel_pk,,,PKR,monthly,,,Online Full Time SEO Expert Jobs in Pakistan
11214,other,mid,Islamabad,PK,chisel_pk,,,PKR,monthly,,,Full Time Senior Ios Developer Jobs in Pakistan
11215,other,junior,Karachi,PK,chisel_pk,,,PKR,monthly,,,Online Full Time Digital Marketing Expert Job in Pakistan
11216,other,mid,Karachi,PK,chisel_pk,,,PKR,monthly,,,Online Full Time UI / UX Designer Job in Pakistan
11217,other,mid,Karachi,PK,chisel_pk,,,PKR,monthly,,,Full Time SEO & Social Media Marketing Expert Job in Pakistan
11218,other,junior,Islamabad,PK,chisel_pk,,,PKR,monthly,,,Full Time Social Media Client Support Specialist / Content Writer Jobs in Pakistan
11219,other,mid,Lahore,PK,chisel_pk,,,PKR,monthly,,,Full Time Sales Man Job in Pakistan
11220,other,junior,Islamabad,PK,chisel_pk,,,PKR,monthly,,,Online Full Time Customer Service Representative Jobs in Pakistan
11221,other,junior,Islamabad,PK,chisel_pk,,,PKR,monthly,,,Full Time Accountant Job in Pakistan
11222,other,junior,Islamabad,PK,chisel_pk,,,PKR,monthly,,,Full Time English Speaking Career Advisor Jobs in Pakistan
11223,other,junior,Lahore,PK,chisel_pk,,,PKR,monthly,,,Full Time Graphic Designer Jobs in Pakistan
11224,other,junior,Islamabad,PK,chisel_pk,,,PKR,monthly,,,Full Time Computer Operator / Bidding Operator Jobs in Pakistan
11225,other,junior,Karachi,PK,chisel_pk,,,PKR,monthly,,,Online Full Time Order Booker / Sales Man Job in Pakistan
11226,other,junior,Lahore,PK,chisel_pk,,,PKR,monthly,,,Full Time IOS Developer Job in Pakistan
11227,other,mid,Islamabad,PK,chisel_pk,,,PKR,monthly,,,Full Time Qlik Consultant Job in Pakistan
11228,other,junior,Islamabad,PK,chisel_pk,,,PKR,monthly,,,Full Time Sales And Marketing Jobs in Pakistan
11229,other,junior,Islamabad,PK,chisel_pk,,,PKR,monthly,,,Full Time Still Graphic Designer Job in Pakistan
11230,other,mid,Islamabad,PK,chisel_pk,,,PKR,monthly,,,Full Time Digital Marketing Specialist Job in Pakistan
11231,other,unknown,Gujranwala,PK,chisel_pk,,,PKR,monthly,,,Full Time Graphics Designer Job in Pakistan
11232,other,junior,Faisalabad,PK,chisel_pk,,,PKR,monthly,,,Online Full Time Devops / Cloud Engineer Job in Pakistan
11233,other,junior,Islamabad,PK,chisel_pk,,,PKR,monthly,,,Full Time Admin Officer Job in Pakistan
11234,other,junior,Lahore,PK,chisel_pk,,,PKR,monthly,,,Full Time Sr. Sales Executives - Call Center Jobs in Pakistan
11235,other,junior,Lahore,PK,chisel_pk,,,PKR,monthly,,,Full Time Telesales Representatives / Tsrs Jobs in Pakistan
11236,other,junior,Karachi,PK,chisel_pk,,,PKR,monthly,,,Full Time 3D Graphics Designer Job in Pakistan
11237,other,junior,Karachi,PK,chisel_pk,,,PKR,monthly,,,Full Time Advertising Sales Manager Jobs in Pakistan
11238,other,junior,Karachi,PK,chisel_pk,,,PKR,monthly,,,Full Time Design Sales Executive (Night Shift) Job in Pakistan
11239,other,junior,Karachi,PK,chisel_pk,,,PKR,monthly,,,Full Time Jr. Storyboard Artist Job in Pakistan
11240,other,mid,Karachi,PK,chisel_pk,,,PKR,monthly,,,Full Time Graphic Designer Job in Pakistan
11241,other,mid,Lahore,PK,chisel_pk,,,PKR,monthly,,,Full Time React Native Developer Job in Pakistan
11242,other,junior,Lahore,PK,chisel_pk,,,PKR,monthly,,,Full Time Hybrid Mobile Application Developer Job in Pakistan
11243,other,junior,Faisalabad,PK,chisel_pk,,,PKR,monthly,,,Full Time Wordpress Developer Jobs in Pakistan
11244,other,junior,Karachi,PK,chisel_pk,,,PKR,monthly,,,Online Full Time Digital Media Marketing & Sales Executives Job in Pakistan
11245,other,junior,Chiniot,PK,chisel_pk,,,PKR,monthly,,,Full Time Google Adwards Rep Jobs in Pakistan
11246,other,junior,Chiniot,PK,chisel_pk,,,PKR,monthly,,,Full Time Social Media Marketer Jobs in Pakistan
11247,other,junior,Chiniot,PK,chisel_pk,,,PKR,monthly,,,Full Time Customer Support Representative Jobs in Pakistan
11248,other,junior,Karachi,PK,chisel_pk,,,PKR,monthly,,,Online Full Time Smart Contracts Security Auditor Job in Pakistan
11249,other,junior,Lahore,PK,chisel_pk,,,PKR,monthly,,,Full Time Fresh Mech. Elect. Civil Engineers Having Supervisory Licence From PEC Job in Pakistan
11250,other,senior,Lahore,PK,chisel_pk,,,PKR,monthly,,,Full Time Business Development Engineer Job in Pakistan
11251,other,senior,Lahore,PK,chisel_pk,,,PKR,monthly,,,Full Time Business Development MEP Engineer Job in Pakistan
11252,other,junior,Islamabad,PK,chisel_pk,,,PKR,monthly,,,Full Time Quran Tutor Jobs in Pakistan
11253,other,junior,Karachi,PK,chisel_pk,,,PKR,monthly,,,Full Time International Sales Representatives Jobs in Pakistan
11254,other,junior,Islamabad,PK,chisel_pk,,,PKR,monthly,,,Full Time Sr. Business Intelligence Engineer BI Job in Pakistan
11255,other,junior,Faisalabad,PK,chisel_pk,,,PKR,monthly,,,Online Full Time Wordpress Developer / Full Stack PHP Developer Job in Pakistan
11256,other,unknown,Karachi,PK,chisel_pk,,,PKR,monthly,,,Full Time Call Center Agent Jobs in Pakistan
11257,other,junior,Lahore,PK,chisel_pk,,,PKR,monthly,,,Full Time Lead Manager / Call Center Representative Jobs in Pakistan
11258,other,mid,Islamabad,PK,chisel_pk,,,PKR,monthly,,,Full Time Senior Android Developer Job in Pakistan
11259,other,unknown,Lahore,PK,chisel_pk,,,PKR,monthly,,,Full Time Call Center Representative Jobs in Pakistan
11260,other,junior,Islamabad,PK,chisel_pk,,,PKR,monthly,,,Full Time Telemarketing Executive Jobs in Pakistan
11261,other,mid,Lahore,PK,chisel_pk,,,PKR,monthly,,,Full Time Sr. HR Executive Job in Pakistan
11262,other,mid,Lahore,PK,chisel_pk,,,PKR,monthly,,,Full Time Imports Executive Job in Pakistan
11263,other,junior,Islamabad,PK,chisel_pk,,,PKR,monthly,,,Full Time Animator 2D Job in Pakistan
11264,other,junior,Islamabad,PK,chisel_pk,,,PKR,monthly,,,Full Time CSR - DME Jobs in Pakistan
11265,other,junior,Lahore,PK,chisel_pk,,,PKR,monthly,,,Full Time APP Developer Job in Pakistan
11266,other,mid,Abbottabad,PK,chisel_pk,,,PKR,monthly,,,Full Time PHP / Laravel/Code Initiator Developers Job in Pakistan
11267,other,junior,Islamabad,PK,chisel_pk,,,PKR,monthly,,,Full Time Lead Graphic & Creative Manager Job in Pakistan
11268,other,junior,Islamabad,PK,chisel_pk,,,PKR,monthly,,,Full Time PHP Developer Job in Pakistan
11269,other,junior,Islamabad,PK,chisel_pk,,,PKR,monthly,,,Full Time Senior Laravel Developer Job in Pakistan
11270,other,junior,Lahore,PK,chisel_pk,,,PKR,monthly,,,Full Time Sales Executive Jobs in Pakistan
11271,other,junior,Islamabad,PK,chisel_pk,,,PKR,monthly,,,Online Full Time Senior Customer Sale Representative Job in Pakistan
11272,other,mid,Karachi,PK,chisel_pk,,,PKR,monthly,,,Full Time Graphic Designer Job in Pakistan
11273,other,junior,Lahore,PK,chisel_pk,,,PKR,monthly,,,Full Time Sales Executive Jobs in Pakistan
11274,other,mid,Islamabad,PK,chisel_pk,,,PKR,monthly,,,Full Time Immigration Consultant Jobs in Pakistan
11275,other,junior,Mirpur Khas,PK,chisel_pk,,,PKR,monthly,,,Full Time Sales Officer Job in Pakistan
11276,other,junior,Lahore,PK,chisel_pk,,,PKR,monthly,,,Online Full Time Junior Android Developer Job in Pakistan
11278,other,junior,Karachi,PK,chisel_pk,,,PKR,monthly,,,Full Time Peon Job in Pakistan
11280,other,junior,Karachi,PK,chisel_pk,,,PKR,monthly,,,Full Time Computer Data Entry Person Jobs in Pakistan
11281,other,junior,Karachi,PK,chisel_pk,,,PKR,monthly,,,Full Time Electrical Engineer Job in Pakistan
11282,other,junior,Karachi,PK,chisel_pk,,,PKR,monthly,,,Full Time Site Supervisor Job in Pakistan
11283,other,junior,Faisalabad,PK,chisel_pk,,,PKR,monthly,,,Full Time Social Media Marketing Expert Jobs in Pakistan
11284,other,junior,Lahore,PK,chisel_pk,,,PKR,monthly,,,Full Time SEO / Link Builder Jobs in Pakistan
11285,other,junior,Islamabad,PK,chisel_pk,,,PKR,monthly,,,Full Time Customer Service Representatives Jobs in Pakistan
11286,other,junior,Lahore,PK,chisel_pk,,,PKR,monthly,,,Full Time Academic Coordinator Job in Pakistan
11287,other,junior,Islamabad,PK,chisel_pk,,,PKR,monthly,,,Full Time News Reporters Internship Jobs in Pakistan
11288,other,junior,Islamabad,PK,chisel_pk,,,PKR,monthly,,,Full Time Video Editor / Cameraman Jobs in Pakistan
11289,other,junior,Lahore,PK,chisel_pk,,,PKR,monthly,,,Online Full Time Opencart / PHP/ LARAVEL Developer Jobs in Pakistan
11290,other,junior,Karachi,PK,chisel_pk,,,PKR,monthly,,,Online Full Time Business Development Officer / Manager Sales Job in Pakistan
11291,other,senior,Karachi,PK,chisel_pk,,,PKR,monthly,,,Full Time Assistant Manager Quality Control Job in Pakistan
11292,other,junior,Karachi,PK,chisel_pk,,,PKR,monthly,,,Full Time Order Booker Jobs in Pakistan
11293,other,junior,Lahore,PK,chisel_pk,,,PKR,monthly,,,Full Time SEO Executive Jobs in Pakistan
11294,other,junior,Lahore,PK,chisel_pk,,,PKR,monthly,,,Full Time System Engineer Job in Pakistan
11295,other,junior,Jhang,PK,chisel_pk,,,PKR,monthly,,,Full Time Teaching Faculty Jobs in Pakistan
11296,other,junior,Lahore,PK,chisel_pk,,,PKR,monthly,,,Full Time Senior Core PHP & Wordpress Developers Jobs in Pakistan
11297,other,junior,Lahore,PK,chisel_pk,,,PKR,monthly,,,Full Time Patient Services Executive Jobs in Pakistan
11298,other,mid,Islamabad,PK,chisel_pk,,,PKR,monthly,,,Full Time Node JS Developer Job in Pakistan
11299,other,junior,Lahore,PK,chisel_pk,,,PKR,monthly,,,Full Time Telesales Representative Jobs in Pakistan
11300,other,junior,Lahore,PK,chisel_pk,,,PKR,monthly,,,Full Time React Native Developer Jobs in Pakistan
11301,other,junior,Lahore,PK,chisel_pk,,,PKR,monthly,,,Full Time Video Creator For Youtube Channels Job in Pakistan
11302,other,junior,Lahore,PK,chisel_pk,,,PKR,monthly,,,Full Time Business Development Manager - Mobile Apps / Web Development Jobs in Pakistan
11303,other,junior,Islamabad,PK,chisel_pk,,,PKR,monthly,,,Full Time Front Desk Officer / Executive Job in Pakistan
11304,other,junior,Lahore,PK,chisel_pk,,,PKR,monthly,,,Online Full Time Call Center Representative Jobs in Pakistan
11305,other,junior,Islamabad,PK,chisel_pk,,,PKR,monthly,,,Full Time Public Relation Officer Job in Pakistan
11306,other,mid,Lahore,PK,chisel_pk,,,PKR,monthly,,,Full Time Senior Front End React JS Developer Job in Pakistan
11307,other,junior,Karachi,PK,chisel_pk,,,PKR,monthly,,,Full Time SEO / SEM Expert Job in Pakistan
11308,other,junior,Lahore,PK,chisel_pk,,,PKR,monthly,,,Full Time Supervisor Jobs in Pakistan
11309,other,junior,Islamabad,PK,chisel_pk,,,PKR,monthly,,,Full Time Senior PHP Laravel Developer Jobs in Pakistan
11310,other,mid,Karachi,PK,chisel_pk,,,PKR,monthly,,,Full Time IT Systems Manager Job in Pakistan
11312,other,junior,Islamabad,PK,chisel_pk,,,PKR,monthly,,,Full Time Flutter Developer Jobs in Pakistan
11313,other,junior,Islamabad,PK,chisel_pk,,,PKR,monthly,,,Online Full Time Senior Laravel Developer Job in Pakistan
11314,other,junior,Islamabad,PK,chisel_pk,,,PKR,monthly,,,Full Time Inside Sales Agent (Night Shift) Jobs in Pakistan
11315,other,junior,Lahore,PK,chisel_pk,,,PKR,monthly,,,Online Full Time Full Stack Developer .Net / Angular Jobs in Pakistan
11316,other,mid,Islamabad,PK,chisel_pk,,,PKR,monthly,,,Full Time Sales And Marketing Manager Jobs in Pakistan
11317,other,junior,Islamabad,PK,chisel_pk,,,PKR,monthly,,,Full Time PHP / Wordpress Developer Jobs in Pakistan
11318,other,mid,Lahore,PK,chisel_pk,,,PKR,monthly,,,Full Time Graphic Designer Job in Pakistan
11319,other,junior,Karachi,PK,chisel_pk,,,PKR,monthly,,,Full Time Business Manager / International IT Sales Job in Pakistan
11320,other,junior,Islamabad,PK,chisel_pk,,,PKR,monthly,,,Full Time Expert UX/UI & PSD Mockup Designer Designer Job in Pakistan
11321,other,junior,Islamabad,PK,chisel_pk,,,PKR,monthly,,,Full Time Php / Laravel Wordpress Developer Jobs in Pakistan
11322,other,junior,Karachi,PK,chisel_pk,,,PKR,monthly,,,Full Time International Sales Associate Jobs in Pakistan
11323,other,junior,Karachi,PK,chisel_pk,,,PKR,monthly,,,Full Time Procurement Officer - Evening Shift Job in Pakistan
11324,other,junior,Lahore,PK,chisel_pk,,,PKR,monthly,,,Full Time Finance Officer Job in Pakistan
11325,other,mid,Karachi,PK,chisel_pk,,,PKR,monthly,,,Full Time Full Stack PHP Developer Jobs in Pakistan
11326,other,junior,Lahore,PK,chisel_pk,,,PKR,monthly,,,Full Time Customer Service Representative Jobs in Pakistan
11327,other,junior,Karachi,PK,chisel_pk,,,PKR,monthly,,,Full Time Front End Developer Job in Pakistan
11328,other,junior,Karachi,PK,chisel_pk,,,PKR,monthly,,,Full Time Digital Marketing Executive Job in Pakistan
11329,other,junior,Lahore,PK,chisel_pk,,,PKR,monthly,,,Full Time Faculty Member Jobs in Pakistan
11330,other,junior,Islamabad,PK,chisel_pk,,,PKR,monthly,,,Full Time Final Expense Closer (Night Shift) Jobs in Pakistan
11331,other,junior,Karachi,PK,chisel_pk,,,PKR,monthly,,,Online Full Time Business Development Officer - BDO Jobs in Pakistan
11332,other,junior,Karachi,PK,chisel_pk,,,PKR,monthly,,,Full Time Coordinator To Director Job in Pakistan
11333,other,junior,Islamabad,PK,chisel_pk,,,PKR,monthly,,,Full Time Shopify Developer Job in Pakistan
11334,other,junior,Lahore,PK,chisel_pk,,,PKR,monthly,,,Full Time Fresh Call Center Agents Jobs in Pakistan
11335,other,junior,Islamabad,PK,chisel_pk,,,PKR,monthly,,,Full Time Social Media Expert Job in Pakistan
11336,other,junior,Lahore,PK,chisel_pk,,,PKR,monthly,,,Full Time Call Center Agents Jobs in Pakistan
11337,other,mid,Islamabad,PK,chisel_pk,,,PKR,monthly,,,Full Time IT Support Jobs in Pakistan
11338,other,junior,Lahore,PK,chisel_pk,,,PKR,monthly,,,Full Time Ios Developer Jobs in Pakistan
11339,other,junior,Karachi,PK,chisel_pk,,,PKR,monthly,,,Full Time Outdoor Sales Executive For Wholesale Grocery Jobs in Pakistan
11340,other,mid,Lahore,PK,chisel_pk,,,PKR,monthly,,,Full Time Senior PHP Developers (SSE) Jobs in Pakistan
11342,other,junior,Lahore,PK,chisel_pk,,,PKR,monthly,,,Full Time Sales Executives Jobs in Pakistan
11343,other,junior,Karachi,PK,chisel_pk,,,PKR,monthly,,,Full Time Marketing Officer Job in Pakistan
11344,other,junior,Karachi,PK,chisel_pk,,,PKR,monthly,,,Full Time Content Editor Job in Pakistan
11345,other,junior,Karachi,PK,chisel_pk,,,PKR,monthly,,,Full Time Android Application Developer Job in Pakistan
11346,other,junior,Karachi,PK,chisel_pk,,,PKR,monthly,,,Online Full Time Freelancer Business Developer Senior Job in Pakistan
11347,other,mid,Islamabad,PK,chisel_pk,,,PKR,monthly,,,Full Time Senior React JS Developer Jobs in Pakistan
11348,other,senior,Islamabad,PK,chisel_pk,,,PKR,monthly,,,Full Time Senior .NET Full Stack Developer Job in Pakistan
11349,other,junior,Islamabad,PK,chisel_pk,,,PKR,monthly,,,Online Full Time Digital Marketing Executive Job in Pakistan
11350,other,junior,Lahore,PK,chisel_pk,,,PKR,monthly,,,Full Time Trainee Mechanical Engineer (Design & Estimation) Job in Pakistan
11351,other,junior,Lahore,PK,chisel_pk,,,PKR,monthly,,,Full Time Trainee Sales Engineer (Solar) Jobs in Pakistan
11352,other,junior,Lahore,PK,chisel_pk,,,PKR,monthly,,,Full Time Junior Wordpress Developer Job in Pakistan
11353,other,junior,Lahore,PK,chisel_pk,,,PKR,monthly,,,Full Time Software / Web Development Intern Jobs in Pakistan
11354,other,junior,Lahore,PK,chisel_pk,,,PKR,monthly,,,Full Time Sales & Marketing Intern Jobs in Pakistan
11355,other,junior,Islamabad,PK,chisel_pk,,,PKR,monthly,,,Full Time News Reporter For Free Internship Jobs in Pakistan
11356,other,junior,Lahore,PK,chisel_pk,,,PKR,monthly,,,Full Time Business Developer (Percentage Basis) Jobs in Pakistan
11357,other,junior,Islamabad,PK,chisel_pk,,,PKR,monthly,,,Full Time Game Developer (Unity 2D/3D) Jobs in Pakistan
11358,other,junior,Islamabad,PK,chisel_pk,,,PKR,monthly,,,Full Time Customer Service Representative (CSR) Jobs in Pakistan
11359,other,mid,Islamabad,PK,chisel_pk,,,PKR,monthly,,,Full Time SEO Expert Job in Pakistan
11360,other,junior,Karachi,PK,chisel_pk,,,PKR,monthly,,,Full Time Fashion Designer Internship Jobs in Pakistan
11361,other,mid,Lahore,PK,chisel_pk,,,PKR,monthly,,,"Full Time Content Writing, Digital Marketing & SEO Expert (Work From Home) Job in Pakistan"
11362,other,mid,Karachi,PK,chisel_pk,,,PKR,monthly,,,Full Time Experience Website Design And Developer Jobs in Pakistan
11363,other,mid,Karachi,PK,chisel_pk,,,PKR,monthly,,,Full Time Senior Web Developer Job in Pakistan
11364,other,junior,Lahore,PK,chisel_pk,,,PKR,monthly,,,Full Time Sales And Marketing Executive Job in Pakistan
11365,other,junior,Lahore,PK,chisel_pk,,,PKR,monthly,,,Full Time Assistant Manager Real Estate Jobs in Pakistan
11366,other,junior,Karachi,PK,chisel_pk,,,PKR,monthly,,,Full Time Sales Executive Jobs in Pakistan
11367,other,mid,Gojra,PK,chisel_pk,,,PKR,monthly,,,Online Full Time Cattle Farming Expert / DVM Veterinary Job in Pakistan
11368,other,mid,Lahore,PK,chisel_pk,,,PKR,monthly,,,Full Time Network Security Engineer Job in Pakistan
11369,other,junior,Lahore,PK,chisel_pk,,,PKR,monthly,,,Full Time Internee Job in Pakistan
11370,other,junior,Lahore,PK,chisel_pk,,,PKR,monthly,,,Full Time Word Press Developer Job in Pakistan
11371,other,unknown,Lahore,PK,chisel_pk,,,PKR,monthly,,,Full Time Call Center Agent Jobs in Pakistan
11372,other,junior,Islamabad,PK,chisel_pk,,,PKR,monthly,,,Full Time Store Manager Job in Pakistan
11373,other,junior,Khanewal,PK,chisel_pk,,,PKR,monthly,,,Full Time Website & Android Developers Jobs in Pakistan
11374,other,junior,Islamabad,PK,chisel_pk,,,PKR,monthly,,,Online Full Time Senior Ios Developer Jobs in Pakistan
11375,other,junior,Karachi,PK,chisel_pk,,,PKR,monthly,,,Full Time Real Estate Executive Jobs in Pakistan
11376,other,junior,Lahore,PK,chisel_pk,,,PKR,monthly,,,Full Time Customer Service Representative Jobs in Pakistan
11377,other,junior,Peshawar,PK,chisel_pk,,,PKR,monthly,,,Full Time Wordpress Developer Jobs in Pakistan
11378,other,junior,Karachi,PK,chisel_pk,,,PKR,monthly,,,Full Time Business Developer Intern Job in Pakistan
11379,other,junior,Karachi,PK,chisel_pk,,,PKR,monthly,,,Full Time Call Center (LI Campaign) Job in Pakistan
11380,other,junior,Islamabad,PK,chisel_pk,,,PKR,monthly,,,Full Time Laravel / PHP Developer Jobs in Pakistan
11381,other,junior,Karachi,PK,chisel_pk,,,PKR,monthly,,,Full Time Business Developer Job in Pakistan
11382,other,junior,Islamabad,PK,chisel_pk,,,PKR,monthly,,,Full Time Angular Developer Jobs in Pakistan
11383,other,junior,Islamabad,PK,chisel_pk,,,PKR,monthly,,,Full Time Unity Game Developer Jobs in Pakistan
11384,other,junior,Islamabad,PK,chisel_pk,,,PKR,monthly,,,Full Time Environment Friendly Car Washing Trolley Attendants Jobs in Pakistan
11385,other,junior,Islamabad,PK,chisel_pk,,,PKR,monthly,,,Online Full Time Content Writer Jobs in Pakistan
11386,other,junior,Islamabad,PK,chisel_pk,,,PKR,monthly,,,Online Full Time CSR (Customer Sales Representative) Jobs in Pakistan
11387,other,junior,Multan,PK,chisel_pk,,,PKR,monthly,,,Full Time Finance Assistant / Accountant Job in Pakistan
11388,other,junior,Multan,PK,chisel_pk,,,PKR,monthly,,,Full Time Operations Intern Job in Pakistan
11389,other,unknown,Lahore,PK,chisel_pk,,,PKR,monthly,,,Full Time Call Center Representative Jobs in Pakistan
11390,other,junior,Islamabad,PK,chisel_pk,,,PKR,monthly,,,Full Time CSR Jobs in Pakistan
11391,other,junior,Islamabad,PK,chisel_pk,,,PKR,monthly,,,Online Full Time SEO Executive Jobs in Pakistan
11392,other,junior,Islamabad,PK,chisel_pk,,,PKR,monthly,,,Full Time Technical Sales Engineer Job in Pakistan
11393,other,junior,Lahore,PK,chisel_pk,,,PKR,monthly,,,Full Time Customer Service Representative Job in Pakistan
11394,other,junior,Karachi,PK,chisel_pk,,,PKR,monthly,,,Full Time PHP Developer Job in Pakistan
11395,other,junior,Islamabad,PK,chisel_pk,,,PKR,monthly,,,Full Time PHP/Wordpress Developer Jobs in Pakistan
11396,other,mid,Islamabad,PK,chisel_pk,,,PKR,monthly,,,Full Time PHP Laravel Developer Jobs in Pakistan
11397,other,junior,Islamabad,PK,chisel_pk,,,PKR,monthly,,,Full Time Office Manager Job in Pakistan
11398,other,junior,Islamabad,PK,chisel_pk,,,PKR,monthly,,,Full Time Web Designer - Front End Developer Job in Pakistan
11399,other,junior,Islamabad,PK,chisel_pk,,,PKR,monthly,,,Full Time Tea Boy Or Tea Girl Job in Pakistan
11400,other,mid,Lahore,PK,chisel_pk,,,PKR,monthly,,,Full Time Sr. PHP Full Stack Developer Job in Pakistan
11401,other,junior,Lahore,PK,chisel_pk,,,PKR,monthly,,,"Full Time Frontened UI Developer (HTML,Css,Jquery,Javascript) Job in Pakistan"
11402,other,junior,Faisalabad,PK,chisel_pk,,,PKR,monthly,,,Full Time Office Assistant Jobs in Pakistan
11403,other,junior,Faisalabad,PK,chisel_pk,,,PKR,monthly,,,Online Full Time Customer Support Representative - Home Base Job Job in Pakistan
11404,other,mid,Karachi,PK,chisel_pk,,,PKR,monthly,,,Full Time Business Development Manager / Online Bidder Job in Pakistan
11405,other,mid,Lahore,PK,chisel_pk,,,PKR,monthly,,,Full Time Zonal Managers Jobs in Pakistan
11406,other,junior,Islamabad,PK,chisel_pk,,,PKR,monthly,,,Full Time Graphic Designer Jobs in Pakistan
11407,other,junior,Karachi,PK,chisel_pk,,,PKR,monthly,,,Full Time Hair Stylist And Hair Treatment Specialist Job in Pakistan
11408,other,junior,Faisalabad,PK,chisel_pk,,,PKR,monthly,,,Full Time Video Editing Expert Jobs in Pakistan
11409,other,junior,Islamabad,PK,chisel_pk,,,PKR,monthly,,,Full Time Call Center Agents For Night Shift Job in Pakistan
11410,other,junior,Lahore,PK,chisel_pk,,,PKR,monthly,,,Full Time Graphic Designer And Social Media Content Writer Jobs in Pakistan
11411,other,junior,Lahore,PK,chisel_pk,,,PKR,monthly,,,Full Time Business Development Executive- Software Sales (US/EU Markets) Job in Pakistan
11412,other,junior,Islamabad,PK,chisel_pk,,,PKR,monthly,,,Full Time Wordpress Php Developer Jobs in Pakistan
11413,other,junior,Lahore,PK,chisel_pk,,,PKR,monthly,,,Full Time Technical Sales Engineers Job in Pakistan
11414,other,junior,Lahore,PK,chisel_pk,,,PKR,monthly,,,Full Time Accounts Executive Job in Pakistan
11415,other,junior,Faisalabad,PK,chisel_pk,,,PKR,monthly,,,Online Full Time Fullstack Engineer Jobs in Pakistan
11416,other,junior,Faisalabad,PK,chisel_pk,,,PKR,monthly,,,Online Full Time Unity Game Engineer Job in Pakistan
11417,other,junior,Karachi,PK,chisel_pk,,,PKR,monthly,,,Full Time International Business Development Executive Jobs in Pakistan
11419,other,mid,Karachi,PK,chisel_pk,,,PKR,monthly,,,Online Full Time Web & Marketing Graphic Designer Job in Pakistan
11420,other,mid,Rawalpindi,PK,chisel_pk,,,PKR,monthly,,,Full Time Web Developer Job in Pakistan
11421,other,mid,Abbottabad,PK,chisel_pk,,,PKR,monthly,,,Full Time Sales Promotion Officers Jobs in Pakistan
11423,other,mid,Lahore,PK,chisel_pk,,,PKR,monthly,,,Full Time Graphic Designer (2D Game Artist) Jobs in Pakistan
11424,other,mid,Islamabad,PK,chisel_pk,,,PKR,monthly,,,Online Full Time BDE - Business Development Executive Jobs in Pakistan
11425,other,junior,Lahore,PK,chisel_pk,,,PKR,monthly,,,"Full Time Graphics Designer, Social Media, Customer Support, Sales Man, Import Export Job in Pakistan"
11426,other,junior,Islamabad,PK,chisel_pk,,,PKR,monthly,,,Online Full Time React Native Software Engineer Jobs in Pakistan
11427,other,junior,Islamabad,PK,chisel_pk,,,PKR,monthly,,,Full Time Sales Executives / Marketing Executives For IT Based Products Jobs in Pakistan
11428,other,junior,Faisalabad,PK,chisel_pk,,,PKR,monthly,,,Online Full Time Relationship Manager - Corporate Sales (Multiple Positions) LHR/FSD/MUX/ISB/RWP/GJW/SLK Jobs in Pakistan
11429,other,junior,Faisalabad,PK,chisel_pk,,,PKR,monthly,,,Full Time Sales Agent Jobs in Pakistan
11430,other,junior,Multan,PK,chisel_pk,,,PKR,monthly,,,Full Time Financial Assistant And Consultant Jobs in Pakistan
11431,other,mid,Lahore,PK,chisel_pk,,,PKR,monthly,,,Full Time Electronic Medical Engineer Jobs in Pakistan
11432,other,junior,Lahore,PK,chisel_pk,,,PKR,monthly,,,Full Time Fresh Commerce Graduate Job in Pakistan
11433,other,junior,Islamabad,PK,chisel_pk,,,PKR,monthly,,,Full Time Sales And Marketing Executive Job in Pakistan
11434,other,junior,Lahore,PK,chisel_pk,,,PKR,monthly,,,Full Time Graphic Designer Job In International Company Job in Pakistan
11435,other,junior,Islamabad,PK,chisel_pk,,,PKR,monthly,,,Full Time Sales Executive Job in Pakistan
11436,other,junior,Rawalpindi,PK,chisel_pk,,,PKR,monthly,,,Full Time Wordpress Developer Job in Pakistan
11437,other,junior,Lahore,PK,chisel_pk,,,PKR,monthly,,,Full Time Fork Lifter Operator / Store Officer Job in Pakistan
11438,other,junior,Karachi,PK,chisel_pk,,,PKR,monthly,,,Full Time Junior Software Developer Jobs in Pakistan
11439,other,mid,Lahore,PK,chisel_pk,,,PKR,monthly,,,Full Time Manager ERP Implementation Job in Pakistan
11440,other,junior,Karachi,PK,chisel_pk,,,PKR,monthly,,,Full Time CG Artist / Graphic Designer Jobs in Pakistan
11441,other,junior,Islamabad,PK,chisel_pk,,,PKR,monthly,,,Full Time FDDW - Front Desk Document Writer Job in Pakistan
11442,other,junior,Islamabad,PK,chisel_pk,,,PKR,monthly,,,Full Time Laravel Developer Jobs in Pakistan
11443,other,junior,Lahore,PK,chisel_pk,,,PKR,monthly,,,Full Time Internship Leading To Job Jobs in Pakistan
11444,other,junior,Lahore,PK,chisel_pk,,,PKR,monthly,,,Full Time PHP Developer Jobs in Pakistan
11445,other,junior,Lahore,PK,chisel_pk,,,PKR,monthly,,,Full Time Internship Leading To Job - D.A.E (Electrical And Mechanical) Jobs in Pakistan
11446,other,mid,Karachi,PK,chisel_pk,,,PKR,monthly,,,Full Time SR. Merchandiser Jobs in Pakistan
11447,other,junior,Lahore,PK,chisel_pk,,,PKR,monthly,,,Full Time Fresh Anchor Job in Pakistan
11448,other,junior,Kasur,PK,chisel_pk,,,PKR,monthly,,,Full Time Accounts Executive Jobs in Pakistan
11449,other,mid,Lahore,PK,chisel_pk,,,PKR,monthly,,,Full Time Senior Frontend Developer Jobs in Pakistan
11450,other,mid,Islamabad,PK,chisel_pk,,,PKR,monthly,,,Full Time Android Native Developer Job in Pakistan
11451,other,junior,Lahore,PK,chisel_pk,,,PKR,monthly,,,Full Time TSR / Sale Closer Job in Pakistan
11452,other,mid,Islamabad,PK,chisel_pk,,,PKR,monthly,,,Full Time Accounts Executive / Data Entry Officer Job in Pakistan
11453,other,junior,Faisalabad,PK,chisel_pk,,,PKR,monthly,,,Full Time Manager Corporate Sales Job in Pakistan
11454,other,junior,Lahore,PK,chisel_pk,,,PKR,monthly,,,Full Time PHP Codeigniter / Laravel Developer Job in Pakistan
11455,other,mid,Karachi,PK,chisel_pk,,,PKR,monthly,,,Full Time Project Manager - Software Job in Pakistan
11456,other,junior,Lahore,PK,chisel_pk,,,PKR,monthly,,,Full Time Data Entry Assistant Jobs in Pakistan
11457,other,junior,Dera Murad Jamali,PK,chisel_pk,,,PKR,monthly,,,"Online Full Time Sales Positions For Takaful (Quetta, Dera Murad Jamali, Dera Allah Yar) Job in Pakistan"
11458,other,mid,Karachi,PK,chisel_pk,,,PKR,monthly,,,Full Time SQA Engineer Jobs in Pakistan
11459,other,mid,Islamabad,PK,chisel_pk,,,PKR,monthly,,,Full Time Experienced PHP Developer Jobs in Pakistan
11460,other,junior,Lahore,PK,chisel_pk,,,PKR,monthly,,,Full Time Marketing Manager With Excellent English Communication Job in Pakistan
11461,other,junior,Lahore,PK,chisel_pk,,,PKR,monthly,,,Full Time Customer Support Representative Job in Pakistan
11462,other,junior,Karachi,PK,chisel_pk,,,PKR,monthly,,,Full Time Front End Developer / Wordpress Developer Job in Pakistan
11463,other,junior,Karachi,PK,chisel_pk,,,PKR,monthly,,,Online Full Time Client Support Specialist Jobs in Pakistan
11464,other,junior,Lahore,PK,chisel_pk,,,PKR,monthly,,,Online Full Time Customer Support Representative Jobs in Pakistan
11465,other,junior,Lahore,PK,chisel_pk,,,PKR,monthly,,,Full Time Assistant Chef Job in Pakistan
11466,other,junior,Lahore,PK,chisel_pk,,,PKR,monthly,,,Full Time Technician Gas Appliances Job in Pakistan
11467,other,mid,Lahore,PK,chisel_pk,,,PKR,monthly,,,Full Time Electrician Job in Pakistan
11468,other,junior,Islamabad,PK,chisel_pk,,,PKR,monthly,,,Full Time Receptionist / Front Desk Officer Job in Pakistan
11469,other,mid,Islamabad,PK,chisel_pk,,,PKR,monthly,,,Full Time Frontend Developer Jobs in Pakistan
11470,other,junior,Lahore,PK,chisel_pk,,,PKR,monthly,,,Full Time Content Writer Job in Pakistan
11471,other,junior,Lahore,PK,chisel_pk,,,PKR,monthly,,,Full Time Codeigniter Developer Job in Pakistan
11472,other,junior,Lahore,PK,chisel_pk,,,PKR,monthly,,,Full Time Telesales Executive Job in Pakistan
11473,other,mid,Islamabad,PK,chisel_pk,,,PKR,monthly,,,Full Time Graphic Designer Job in Pakistan
11474,other,mid,Lahore,PK,chisel_pk,,,PKR,monthly,,,Full Time Admin / Accounts Executive Job in Pakistan
11475,other,mid,Lahore,PK,chisel_pk,,,PKR,monthly,,,Full Time Executive Secretary Job in Pakistan
11476,other,mid,Lahore,PK,chisel_pk,,,PKR,monthly,,,Full Time Office Receptionist Job in Pakistan
11478,other,mid,Bahawalpur,PK,chisel_pk,,,PKR,monthly,,,Full Time Team Manager Jobs in Pakistan
11479,other,junior,Bahawalpur,PK,chisel_pk,,,PKR,monthly,,,Full Time Takaful Consultant Jobs in Pakistan
11481,other,junior,Lahore,PK,chisel_pk,,,PKR,monthly,,,Full Time Labour Job in Pakistan
11482,other,junior,Islamabad,PK,chisel_pk,,,PKR,monthly,,,Full Time Web Application Developer Jobs in Pakistan
11483,other,junior,Lahore,PK,chisel_pk,,,PKR,monthly,,,Online Full Time Project Coordinator / Computer Operator Job in Pakistan
11484,other,junior,Lahore,PK,chisel_pk,,,PKR,monthly,,,Online Full Time Web Developer Expert In E-Commerce Job in Pakistan
11477,other,junior,Islamabad,PK,chisel_pk,,,PKR,monthly,,,Full Time Junior Web Developer Job in Pakistan
11485,other,junior,Islamabad,PK,chisel_pk,,,PKR,monthly,,,Full Time Unity 3D Game Developer Jobs in Pakistan
11486,other,junior,Islamabad,PK,chisel_pk,,,PKR,monthly,,,Full Time Sales Executive Job in Pakistan
11487,other,junior,Lahore,PK,chisel_pk,,,PKR,monthly,,,Full Time Graphic Designer-Print Media Jobs in Pakistan
11488,other,junior,Karachi,PK,chisel_pk,,,PKR,monthly,,,Full Time Front End Developer Job in Pakistan
11489,other,junior,Lahore,PK,chisel_pk,,,PKR,monthly,,,Full Time Food Technologist/ Marketing/ Business Development Job in Pakistan
11490,other,junior,Karachi,PK,chisel_pk,,,PKR,monthly,,,Full Time TSRS Required For A US Based Call Center Jobs in Pakistan
11491,other,junior,Lahore,PK,chisel_pk,,,PKR,monthly,,,Full Time Social Media Manager Job in Pakistan
11492,other,junior,Lahore,PK,chisel_pk,,,PKR,monthly,,,Full Time Sales Executive Job in Pakistan
11493,other,mid,Lahore,PK,chisel_pk,,,PKR,monthly,,,Full Time Graphic Designer Job in Pakistan
11494,other,unknown,Islamabad,PK,chisel_pk,,,PKR,monthly,,,Full Time Executive Partner Program Job in Pakistan
11495,other,junior,Karachi,PK,chisel_pk,,,PKR,monthly,,,Full Time Call Center Representatives Job in Pakistan
11496,other,junior,Lahore,PK,chisel_pk,,,PKR,monthly,,,Full Time 3D Unity Game Developer Jobs in Pakistan
11497,other,junior,Lahore,PK,chisel_pk,,,PKR,monthly,,,Full Time 3D Modeler / 3D Artist Jobs in Pakistan
11498,other,junior,Lahore,PK,chisel_pk,,,PKR,monthly,,,Full Time Senior 3D Game CG Artist / Graphic Designer Job in Pakistan
11499,other,mid,Karachi,PK,chisel_pk,,,PKR,monthly,,,Online Full Time Development Manager Job in Pakistan
11500,other,mid,Karachi,PK,chisel_pk,,,PKR,monthly,,,Online Full Time Financial Advisor Job in Pakistan
11501,other,mid,Karachi,PK,chisel_pk,,,PKR,monthly,,,Online Full Time Sales Consultant Jobs in Pakistan
11502,other,junior,Karachi,PK,chisel_pk,,,PKR,monthly,,,Online Full Time Sales Consultant / Financial Advisor / Development Manager Jobs in Pakistan
11503,other,mid,Lahore,PK,chisel_pk,,,PKR,monthly,,,Full Time HR Manager Job in Pakistan
11504,other,junior,Lahore,PK,chisel_pk,,,PKR,monthly,,,Full Time Administrative Head (Admin) For School & Academy Job in Pakistan
11505,other,junior,Lahore,PK,chisel_pk,,,PKR,monthly,,,Full Time Accountant Job in Pakistan
11506,other,junior,Islamabad,PK,chisel_pk,,,PKR,monthly,,,Online Full Time Adobe And Wordpress Expert Job in Pakistan
11507,other,junior,Lahore,PK,chisel_pk,,,PKR,monthly,,,Full Time Python/Django Developer Jobs in Pakistan
11508,other,mid,Islamabad,PK,chisel_pk,,,PKR,monthly,,,Full Time Sales Manager Jobs in Pakistan
11509,other,junior,Lahore,PK,chisel_pk,,,PKR,monthly,,,Full Time Embroidery Machine Technician Job in Pakistan
11510,other,junior,Lahore,PK,chisel_pk,,,PKR,monthly,,,Full Time Embroidery Electrician Job in Pakistan
11511,other,junior,Lahore,PK,chisel_pk,,,PKR,monthly,,,Full Time Office Boy/Helper Job in Pakistan
11512,other,junior,Islamabad,PK,chisel_pk,,,PKR,monthly,,,Full Time Computer Operator Jobs in Pakistan
11513,other,junior,Karachi,PK,chisel_pk,,,PKR,monthly,,,Full Time Finish Goods Incharge Job in Pakistan
11514,other,junior,Lahore,PK,chisel_pk,,,PKR,monthly,,,Full Time Content/Article Writers Jobs in Pakistan
11515,other,junior,Lahore,PK,chisel_pk,,,PKR,monthly,,,Full Time CSR/TSR Jobs in Pakistan
11516,other,junior,Lahore,PK,chisel_pk,,,PKR,monthly,,,Full Time Telesales Representative Jobs in Pakistan
11517,other,junior,Lahore,PK,chisel_pk,,,PKR,monthly,,,Full Time Office Boy / Helper / Worker Job in Pakistan
11518,other,mid,Lahore,PK,chisel_pk,,,PKR,monthly,,,Full Time Web Developer / Wordpress Developer Jobs in Pakistan
11519,other,junior,Lahore,PK,chisel_pk,,,PKR,monthly,,,Full Time Android Developer / Mobile App Developer Jobs in Pakistan
11520,other,junior,Karachi,PK,chisel_pk,,,PKR,monthly,,,Full Time Digital Marketer Job in Pakistan
11521,other,junior,Islamabad,PK,chisel_pk,,,PKR,monthly,,,Online Full Time Freelance Business Development Executive Jobs in Pakistan
11522,other,mid,Islamabad,PK,chisel_pk,,,PKR,monthly,,,Full Time Software Developer Job in Pakistan
11524,other,junior,Mardan,PK,chisel_pk,,,PKR,monthly,,,Online Full Time Android Mobile APP Developer Jobs in Pakistan
11525,other,junior,Karachi,PK,chisel_pk,,,PKR,monthly,,,Full Time Human Resource Executive Job in Pakistan
11526,other,junior,Multan,PK,chisel_pk,,,PKR,monthly,,,Full Time Fashion Designer Job in Pakistan
11527,other,junior,Islamabad,PK,chisel_pk,,,PKR,monthly,,,Full Time Sales Executive Jobs in Pakistan
11528,other,junior,Mardan,PK,chisel_pk,,,PKR,monthly,,,Online Full Time Sales Consultant / Relationship Officer / Management Executive Jobs in Pakistan
11529,other,junior,Islamabad,PK,chisel_pk,,,PKR,monthly,,,Full Time Tele Sales Representative Jobs in Pakistan
11530,other,junior,Islamabad,PK,chisel_pk,,,PKR,monthly,,,Online Full Time Customer Service Representative Jobs in Pakistan
11523,other,junior,Faisalabad,PK,chisel_pk,,,PKR,monthly,,,Online Full Time Final Expense Lead Verifier Jobs in Pakistan
11531,other,junior,Islamabad,PK,chisel_pk,,,PKR,monthly,,,Full Time Data Entry Operator Jobs in Pakistan
11532,other,junior,Lahore,PK,chisel_pk,,,PKR,monthly,,,Full Time Customer Service Representative Jobs in Pakistan
11533,other,junior,Lahore,PK,chisel_pk,,,PKR,monthly,,,Full Time Content Writer Jobs in Pakistan
11534,other,junior,Lahore,PK,chisel_pk,,,PKR,monthly,,,Full Time PHP Developer Jobs in Pakistan
11535,other,junior,Karachi,PK,chisel_pk,,,PKR,monthly,,,Full Time Production Supervisor Jobs in Pakistan
11536,other,junior,Karachi,PK,chisel_pk,,,PKR,monthly,,,Full Time Finish Goods Incharge Job in Pakistan
11537,other,junior,Faisalabad,PK,chisel_pk,,,PKR,monthly,,,Full Time Business Executive Jobs in Pakistan
11538,other,junior,Islamabad,PK,chisel_pk,,,PKR,monthly,,,Full Time Assistant Coordinator Jobs in Pakistan
11539,other,mid,Lahore,PK,chisel_pk,,,PKR,monthly,,,Online Full Time Graphic Designer Job in Pakistan
11540,other,junior,Karachi,PK,chisel_pk,,,PKR,monthly,,,Full Time Junior Digital Marketing Executive Jobs in Pakistan
11541,other,mid,Karachi,PK,chisel_pk,,,PKR,monthly,,,Full Time Accounts Officer Job in Pakistan
11542,other,junior,Karachi,PK,chisel_pk,,,PKR,monthly,,,Full Time Assistant Manager HR (People And Culture) Job in Pakistan
11543,other,junior,Islamabad,PK,chisel_pk,,,PKR,monthly,,,Full Time Real Estate Sales Manager Jobs in Pakistan
11544,other,junior,Islamabad,PK,chisel_pk,,,PKR,monthly,,,Full Time Graphic Designer Jobs in Pakistan
11545,other,mid,Gujranwala,PK,chisel_pk,,,PKR,monthly,,,Full Time Senior Accountant Job in Pakistan
11546,other,junior,Gujranwala,PK,chisel_pk,,,PKR,monthly,,,Full Time IT Expert + Graphics Designer Job in Pakistan
11547,other,junior,Gujranwala,PK,chisel_pk,,,PKR,monthly,,,Full Time Senior Administrator Job in Pakistan
11548,other,junior,Gujranwala,PK,chisel_pk,,,PKR,monthly,,,Full Time Manager Or Team Leader Job in Pakistan
11549,other,junior,Gujranwala,PK,chisel_pk,,,PKR,monthly,,,Full Time Email Communication Expert Job in Pakistan
11550,other,junior,Gujranwala,PK,chisel_pk,,,PKR,monthly,,,Full Time Cook Or Bavarchi Job in Pakistan
11551,other,junior,Gujranwala,PK,chisel_pk,,,PKR,monthly,,,Full Time Tea Boy Job in Pakistan
11552,other,mid,Gujranwala,PK,chisel_pk,,,PKR,monthly,,,Full Time Senior Accountant Job in Pakistan
11553,other,mid,Gujranwala,PK,chisel_pk,,,PKR,monthly,,,Full Time Auto Cad 3D Max Draft Man Job in Pakistan
11554,other,mid,Gujranwala,PK,chisel_pk,,,PKR,monthly,,,Full Time Senior Sales Representative Job in Pakistan
11555,other,junior,Karachi,PK,chisel_pk,,,PKR,monthly,,,Online Full Time Call Centre Agent Jobs in Pakistan
11556,other,junior,Abbottabad,PK,chisel_pk,,,PKR,monthly,,,Full Time Assistant Branch Manager Jobs in Pakistan
11557,other,mid,Abbottabad,PK,chisel_pk,,,PKR,monthly,,,Full Time Team Manager Jobs in Pakistan
11558,other,junior,Lahore,PK,chisel_pk,,,PKR,monthly,,,Full Time MTO Graphic Designer Job in Pakistan
11559,other,junior,Faisalabad,PK,chisel_pk,,,PKR,monthly,,,Online Full Time Digital Content Creator Job in Pakistan
11560,other,junior,Faisalabad,PK,chisel_pk,,,PKR,monthly,,,Online Full Time Digital Marketing Expert Job in Pakistan
11561,other,junior,Faisalabad,PK,chisel_pk,,,PKR,monthly,,,Full Time Senior /Junior Web-Developer For E-Commerce Portals .NET / PHP Jobs in Pakistan
11562,other,mid,Karachi,PK,chisel_pk,,,PKR,monthly,,,Full Time Production Planning Manager Who Have Experience In Wooden Furniture Industry. Job in Pakistan
11563,other,junior,Islamabad,PK,chisel_pk,,,PKR,monthly,,,Full Time Staff Required For Project Marketing Jobs in Pakistan
11564,other,junior,Karachi,PK,chisel_pk,,,PKR,monthly,,,Full Time Immigration Sales Consultants Jobs in Pakistan
11565,other,junior,Faisalabad,PK,chisel_pk,,,PKR,monthly,,,Full Time Reseller Jobs in Pakistan
11566,other,junior,Lahore,PK,chisel_pk,,,PKR,monthly,,,Full Time Physician / Medical Officer Job in Pakistan
11567,other,junior,Lahore,PK,chisel_pk,,,PKR,monthly,,,Full Time Store Clerk Job in Pakistan
11568,other,junior,Karachi,PK,chisel_pk,,,PKR,monthly,,,Online Full Time Online Customer Support Representative (Home Based) Jobs in Pakistan
11569,other,junior,Lahore,PK,chisel_pk,,,PKR,monthly,,,Full Time Business Development Executive Jobs in Pakistan
11570,other,junior,Islamabad,PK,chisel_pk,,,PKR,monthly,,,Full Time PHP Web Developer Jobs in Pakistan
11571,other,junior,Lahore,PK,chisel_pk,,,PKR,monthly,,,Full Time Network Engineer Job in Pakistan
11572,other,junior,Islamabad,PK,chisel_pk,,,PKR,monthly,,,Full Time SEO Expert Jobs in Pakistan
11573,other,mid,Islamabad,PK,chisel_pk,,,PKR,monthly,,,Full Time Head Investment Advisory Job in Pakistan
11574,other,junior,Karachi,PK,chisel_pk,,,PKR,monthly,,,Online Full Time International Sales Executive Jobs in Pakistan
11575,other,junior,Lahore,PK,chisel_pk,,,PKR,monthly,,,Full Time Ruby On Rails / ROR Engineer Jobs in Pakistan
11576,other,junior,Karachi,PK,chisel_pk,,,PKR,monthly,,,Full Time Graphic Designer Trainee Job in Pakistan
11577,other,senior,Badin,PK,chisel_pk,,,PKR,monthly,,,Full Time Regional Sales Manager Job in Pakistan
11578,other,junior,Sialkot,PK,chisel_pk,,,PKR,monthly,,,Full Time Graphic Designer Jobs in Pakistan
11579,other,junior,Karachi,PK,chisel_pk,,,PKR,monthly,,,Full Time Data Entry Operator Jobs in Pakistan
11580,other,junior,Karachi,PK,chisel_pk,,,PKR,monthly,,,Full Time Wordpress Developer Job in Pakistan
11581,other,mid,Islamabad,PK,chisel_pk,,,PKR,monthly,,,Full Time Stenographer Job in Pakistan
11582,other,junior,Faisalabad,PK,chisel_pk,,,PKR,monthly,,,Full Time PHP/Wordpress Developer Jobs in Pakistan
11583,other,junior,Islamabad,PK,chisel_pk,,,PKR,monthly,,,Full Time Digital Marketeer Job in Pakistan
11584,other,junior,Karachi,PK,chisel_pk,,,PKR,monthly,,,Full Time Amazon & Ebay Accounts Experts / Virtual Assistant Jobs in Pakistan
11585,other,junior,Karachi,PK,chisel_pk,,,PKR,monthly,,,Full Time Senior Web Developer With Graphic Designer And Marketing Skills Job in Pakistan
11586,other,junior,Lahore,PK,chisel_pk,,,PKR,monthly,,,Full Time 2D Game Developer Job in Pakistan
11587,other,junior,Lahore,PK,chisel_pk,,,PKR,monthly,,,Full Time 2D Game Designer Job in Pakistan
11588,other,mid,Multan,PK,chisel_pk,,,PKR,monthly,,,Full Time Sales Team Leader Job in Pakistan
11589,other,junior,Islamabad,PK,chisel_pk,,,PKR,monthly,,,Full Time Business Development Officer Job in Pakistan
11590,other,mid,Faisalabad,PK,chisel_pk,,,PKR,monthly,,,Full Time Sales Promotion Officers Job in Pakistan
11591,other,mid,Lahore,PK,chisel_pk,,,PKR,monthly,,,Full Time Flutter Developer Job in Pakistan
11592,other,mid,Islamabad,PK,chisel_pk,,,PKR,monthly,,,Full Time Institutional Sales Manager Job in Pakistan
11593,other,junior,Islamabad,PK,chisel_pk,,,PKR,monthly,,,Full Time Electron Developer Job in Pakistan
11594,other,junior,Lahore,PK,chisel_pk,,,PKR,monthly,,,Full Time Front Desk Officer / Receptionist Jobs in Pakistan
11595,other,mid,Islamabad,PK,chisel_pk,,,PKR,monthly,,,Full Time Assistant Accountant Job in Pakistan
11596,other,junior,Lahore,PK,chisel_pk,,,PKR,monthly,,,Full Time Outdoor Marketing Executive Job in Pakistan
11597,other,junior,Islamabad,PK,chisel_pk,,,PKR,monthly,,,Online Full Time Mid Level Software Developer Job in Pakistan
11598,other,junior,Karachi,PK,chisel_pk,,,PKR,monthly,,,Full Time PHP Developer Job in Pakistan
11599,other,junior,Sialkot,PK,chisel_pk,,,PKR,monthly,,,Full Time Email Marketing Expert Jobs in Pakistan
11600,other,mid,Lahore,PK,chisel_pk,,,PKR,monthly,,,Full Time UI Designer + UX Analyst Jobs in Pakistan
11601,other,junior,Islamabad,PK,chisel_pk,,,PKR,monthly,,,Full Time Unity 3D Developer / Modeler 3D Jobs in Pakistan
11602,other,junior,Islamabad,PK,chisel_pk,,,PKR,monthly,,,Full Time Ebay & Amazon Listing & Customer Dealing Jobs in Pakistan
11603,other,junior,Islamabad,PK,chisel_pk,,,PKR,monthly,,,Full Time Web Developer / Wordpress Developer Job in Pakistan
11604,other,mid,Karachi,PK,chisel_pk,,,PKR,monthly,,,Full Time Web Developer Job in Pakistan
11605,other,junior,Lahore,PK,chisel_pk,,,PKR,monthly,,,Full Time Call Center Executive Job in Pakistan
11606,other,junior,Karachi,PK,chisel_pk,,,PKR,monthly,,,Full Time Call Center Reps Jobs in Pakistan
11607,other,junior,Islamabad,PK,chisel_pk,,,PKR,monthly,,,Full Time Marketing Executive & Sr. Marketing Executive Job in Pakistan
11608,other,junior,Lahore,PK,chisel_pk,,,PKR,monthly,,,Full Time Computer Vision Programmer Job in Pakistan
11609,other,junior,Islamabad,PK,chisel_pk,,,PKR,monthly,,,Full Time Social Media Marketing Executive Job in Pakistan
11610,other,junior,Islamabad,PK,chisel_pk,,,PKR,monthly,,,Full Time Business Development Executive (Sales Department) Jobs in Pakistan
11611,other,junior,Islamabad,PK,chisel_pk,,,PKR,monthly,,,Online Full Time Admissions Officer / Office Coordinator Jobs in Pakistan
11612,other,junior,Islamabad,PK,chisel_pk,,,PKR,monthly,,,Online Full Time Microsoft Office Expert - Work From Home Job in Pakistan
11613,other,mid,Lahore,PK,chisel_pk,,,PKR,monthly,,,Full Time Senior Laravel Developer Jobs in Pakistan
11614,other,mid,Rawalpindi,PK,chisel_pk,,,PKR,monthly,,,Full Time HR And Admin Job in Pakistan
11616,other,senior,Islamabad,PK,chisel_pk,,,PKR,monthly,,,Full Time Senior Full Stack .NET Developer Job in Pakistan
11617,other,junior,Karachi,PK,chisel_pk,,,PKR,monthly,,,Full Time UI/UX Designer Job in Pakistan
11618,other,junior,Islamabad,PK,chisel_pk,,,PKR,monthly,,,Full Time Intern Jobs in Pakistan
11619,other,junior,Islamabad,PK,chisel_pk,,,PKR,monthly,,,Full Time Content Writer Job in Pakistan
11620,other,mid,Lahore,PK,chisel_pk,,,PKR,monthly,,,Full Time Senior PHP Developer Job in Pakistan
11621,other,mid,Lahore,PK,chisel_pk,,,PKR,monthly,,,Full Time Manager Sales Jobs in Pakistan
11622,other,junior,Lahore,PK,chisel_pk,,,PKR,monthly,,,Full Time Senior Manager Sales Jobs in Pakistan
11623,other,mid,Lahore,PK,chisel_pk,,,PKR,monthly,,,Full Time Manager Marketing Job in Pakistan
11624,other,junior,Karachi,PK,chisel_pk,,,PKR,monthly,,,Online Full Time Office Manager - Remote Job in Pakistan
11625,other,junior,Karachi,PK,chisel_pk,,,PKR,monthly,,,Online Full Time Telemarketing Agent Jobs in Pakistan
11626,other,mid,Lahore,PK,chisel_pk,,,PKR,monthly,,,Full Time Laravel Developer For UK Software House In Pakistan Job in Pakistan
11627,other,junior,Lahore,PK,chisel_pk,,,PKR,monthly,,,Full Time Junior Laravel Developer Job in Pakistan
11628,other,junior,Bahawalpur,PK,chisel_pk,,,PKR,monthly,,,Full Time Graphic Designer Jobs in Pakistan
11629,other,mid,Karachi,PK,chisel_pk,,,PKR,monthly,,,Full Time Fullstack Developer Job in Pakistan
11630,other,mid,Lahore,PK,chisel_pk,,,PKR,monthly,,,Full Time Dispatch Officer Job in Pakistan
11631,other,mid,Lahore,PK,chisel_pk,,,PKR,monthly,,,Full Time Mechanical Engineers Job in Pakistan
11632,other,mid,Lahore,PK,chisel_pk,,,PKR,monthly,,,Full Time HR Manager Job in Pakistan
11633,other,junior,Karachi,PK,chisel_pk,,,PKR,monthly,,,Full Time Editor & Proofreader Job in Pakistan
11635,other,mid,Karachi,PK,chisel_pk,,,PKR,monthly,,,Full Time Manager - Corporate And Institutional Sales Jobs in Pakistan
11636,other,unknown,Islamabad,PK,chisel_pk,,,PKR,monthly,,,Full Time Need Fresh Candidates For Receptionist Job in Pakistan
11637,other,junior,Lahore,PK,chisel_pk,,,PKR,monthly,,,Full Time Call Center Executive Jobs in Pakistan
11638,other,junior,Islamabad,PK,chisel_pk,,,PKR,monthly,,,Full Time Senior Academic Research Writer Jobs in Pakistan
11639,other,junior,Islamabad,PK,chisel_pk,,,PKR,monthly,,,Full Time Wordpress/PHP Intern Job in Pakistan
11640,other,junior,Lahore,PK,chisel_pk,,,PKR,monthly,,,Full Time Wordpress Developer Job in Pakistan
11641,other,junior,Lahore,PK,chisel_pk,,,PKR,monthly,,,Full Time Freelance Developer- ASP.NET MVC (Remote Job) Job in Pakistan
11642,other,mid,Lahore,PK,chisel_pk,,,PKR,monthly,,,Full Time Manager Accounts Job in Pakistan
11643,other,junior,Islamabad,PK,chisel_pk,,,PKR,monthly,,,Full Time Social Media Marketing & SEO Job in Pakistan
11644,other,mid,Lahore,PK,chisel_pk,,,PKR,monthly,,,Full Time Legal Associate Job in Pakistan
11645,other,junior,Lahore,PK,chisel_pk,,,PKR,monthly,,,Full Time Assistant / Typist Job in Pakistan
11646,other,junior,Karachi,PK,chisel_pk,,,PKR,monthly,,,Full Time Customer Sales Representative Job in Pakistan
11647,other,junior,Lahore,PK,chisel_pk,,,PKR,monthly,,,Online Full Time Graphic Designer And Machine Operator Jobs in Pakistan
11648,other,junior,Islamabad,PK,chisel_pk,,,PKR,monthly,,,Full Time Network Engineer Job in Pakistan
11650,other,junior,Islamabad,PK,chisel_pk,,,PKR,monthly,,,Full Time Travel & Umrah Consultant Job in Pakistan
11651,other,junior,Lahore,PK,chisel_pk,,,PKR,monthly,,,Full Time Supply And Operations Field Officer Jobs in Pakistan
11652,other,junior,Jhelum,PK,chisel_pk,,,PKR,monthly,,,Full Time Online Travel Consultant Jobs in Pakistan
11653,other,junior,Lahore,PK,chisel_pk,,,PKR,monthly,,,Full Time Field (Outdoor) Sales Officer Jobs in Pakistan
11654,other,junior,Lahore,PK,chisel_pk,,,PKR,monthly,,,Full Time Customer Services And Telesales Executive Job in Pakistan
11649,other,junior,Karachi,PK,chisel_pk,,,PKR,monthly,,,"Full Time Office Boy, Clerk, Support Staff Jobs in Pakistan"
11655,other,unknown,Islamabad,PK,chisel_pk,,,PKR,monthly,,,Full Time Call Center Representative Jobs in Pakistan
11657,other,junior,Islamabad,PK,chisel_pk,,,PKR,monthly,,,Full Time Content Writer Job in Pakistan
11658,other,junior,Islamabad,PK,chisel_pk,,,PKR,monthly,,,Full Time Wordpress Developer Job in Pakistan
11659,other,mid,Islamabad,PK,chisel_pk,,,PKR,monthly,,,Full Time Software Developer Jobs in Pakistan
11660,other,mid,Lahore,PK,chisel_pk,,,PKR,monthly,,,Full Time Sr. IOS Developer Job in Pakistan
11661,other,junior,Lahore,PK,chisel_pk,,,PKR,monthly,,,Full Time Social Media Marketer Jobs in Pakistan
11663,other,mid,Lahore,PK,chisel_pk,,,PKR,monthly,,,Full Time Sr. Magento Backend Developer Job in Pakistan
11664,other,junior,Lahore,PK,chisel_pk,,,PKR,monthly,,,Full Time Marketing Executive / Officer Jobs in Pakistan
11665,other,junior,Lahore,PK,chisel_pk,,,PKR,monthly,,,Online Full Time Full Stack Javascript Developer Job in Pakistan
11666,other,unknown,Karachi,PK,chisel_pk,,,PKR,monthly,,,Full Time Graphics Designer Job in Pakistan
11667,other,mid,Karachi,PK,chisel_pk,,,PKR,monthly,,,Full Time Web Front & Back End Developer Jobs in Pakistan
11668,other,junior,Islamabad,PK,chisel_pk,,,PKR,monthly,,,Full Time IT Helpdesk Executive Job in Pakistan
11669,other,junior,Hasan Abdal,PK,chisel_pk,,,PKR,monthly,,,Full Time Experienced Front End Developer Jobs in Pakistan
11670,other,junior,Karachi,PK,chisel_pk,,,PKR,monthly,,,Full Time Frontend Designer & Developer Jobs in Pakistan
11671,other,junior,Islamabad,PK,chisel_pk,,,PKR,monthly,,,Full Time Php / Laravel Developer Job in Pakistan
11672,other,junior,Islamabad,PK,chisel_pk,,,PKR,monthly,,,Full Time Business Development Executive Jobs in Pakistan
11674,other,junior,Lahore,PK,chisel_pk,,,PKR,monthly,,,Full Time Sales Manager Job in Pakistan
11675,other,junior,Islamabad,PK,chisel_pk,,,PKR,monthly,,,Full Time Business Development Manager Job in Pakistan
11676,other,mid,Islamabad,PK,chisel_pk,,,PKR,monthly,,,Full Time Senior Software Developer Job in Pakistan
11677,other,junior,Lahore,PK,chisel_pk,,,PKR,monthly,,,Full Time CG Artist Jobs in Pakistan
11678,other,junior,Lahore,PK,chisel_pk,,,PKR,monthly,,,Full Time Senior Game Developer Jobs in Pakistan
11679,other,mid,Lahore,PK,chisel_pk,,,PKR,monthly,,,Full Time Sales IT Manager Jobs in Pakistan
11680,other,junior,Islamabad,PK,chisel_pk,,,PKR,monthly,,,Full Time Customer Sales Job in Pakistan
11681,other,mid,Multan,PK,chisel_pk,,,PKR,monthly,,,Full Time Sales And Marketing Engineer Jobs in Pakistan
11682,other,junior,Karachi,PK,chisel_pk,,,PKR,monthly,,,Full Time SEO Executive Job in Pakistan
11683,other,junior,Karachi,PK,chisel_pk,,,PKR,monthly,,,Full Time Content Writer Job in Pakistan
11684,other,junior,Lahore,PK,chisel_pk,,,PKR,monthly,,,Full Time Unity 3D Game Developer Jobs in Pakistan
11685,other,junior,Karachi,PK,chisel_pk,,,PKR,monthly,,,Full Time HR Executive Job in Pakistan
11686,other,mid,Karachi,PK,chisel_pk,,,PKR,monthly,,,Full Time Project Manager Job in Pakistan
11687,other,junior,Lahore,PK,chisel_pk,,,PKR,monthly,,,Full Time TSR Job in Pakistan
11688,other,junior,Rawalpindi,PK,chisel_pk,,,PKR,monthly,,,Full Time IT Officer Job in Pakistan
11689,other,junior,Lahore,PK,chisel_pk,,,PKR,monthly,,,Full Time Sales And Service Engineer Job in Pakistan
11690,other,junior,Multan,PK,chisel_pk,,,PKR,monthly,,,Full Time Junior Android Developer Job in Pakistan
11691,other,junior,Faisalabad,PK,chisel_pk,,,PKR,monthly,,,Full Time Ecommerce Specialist / Ebay Amazon Inventory & Sales Manager Jobs in Pakistan
11692,other,junior,Islamabad,PK,chisel_pk,,,PKR,monthly,,,Full Time Web/Graphic Designer Job in Pakistan
11693,other,junior,Lahore,PK,chisel_pk,,,PKR,monthly,,,Full Time System Technical Expert Job in Pakistan
11694,other,mid,Islamabad,PK,chisel_pk,,,PKR,monthly,,,Full Time Graphic Designer Job in Pakistan
11696,other,junior,Lahore,PK,chisel_pk,,,PKR,monthly,,,Full Time Real Estate Agent Jobs in Pakistan
11697,other,junior,Islamabad,PK,chisel_pk,,,PKR,monthly,,,Full Time Sr. Android Developer Jobs in Pakistan
11698,other,junior,Lahore,PK,chisel_pk,,,PKR,monthly,,,Full Time Customer Service Representative Job in Pakistan
11699,other,junior,Islamabad,PK,chisel_pk,,,PKR,monthly,,,Full Time Quality Assurance Engineer Jobs in Pakistan
11700,other,junior,Karachi,PK,chisel_pk,,,PKR,monthly,,,Full Time Brand Ambassador Jobs in Pakistan
11701,other,junior,Islamabad,PK,chisel_pk,,,PKR,monthly,,,Full Time Business Development Executives Jobs in Pakistan
11702,other,mid,Lahore,PK,chisel_pk,,,PKR,monthly,,,Full Time Manager Finance & Accounts Job in Pakistan
11703,other,mid,Karachi,PK,chisel_pk,,,PKR,monthly,,,Full Time Procurement Executive Jobs in Pakistan
11704,other,junior,Islamabad,PK,chisel_pk,,,PKR,monthly,,,Full Time Social Media Executive Jobs in Pakistan
11705,other,mid,Abbottabad,PK,chisel_pk,,,PKR,monthly,,,Online Full Time Senior Software Engineer Job in Pakistan
11706,other,junior,Islamabad,PK,chisel_pk,,,PKR,monthly,,,Full Time Business Development Executive Jobs in Pakistan
11707,other,junior,Gujrat,PK,chisel_pk,,,PKR,monthly,,,Full Time Sales / Marketing Executive Jobs in Pakistan
11709,other,junior,Lahore,PK,chisel_pk,,,PKR,monthly,,,Full Time Laravel Developer Jobs in Pakistan
11710,other,junior,Lahore,PK,chisel_pk,,,PKR,monthly,,,Full Time Property Sales Agent Job in Pakistan
11711,other,junior,Islamabad,PK,chisel_pk,,,PKR,monthly,,,Online Full Time Field Sales Agent For Multiple Cities Jobs in Pakistan
11712,other,junior,Islamabad,PK,chisel_pk,,,PKR,monthly,,,Full Time Lead Generation Specialist - Solar / Clean Energy Jobs in Pakistan
11713,other,mid,Multan,PK,chisel_pk,,,PKR,monthly,,,Full Time SEO Expert Job in Pakistan
11715,other,junior,Karachi,PK,chisel_pk,,,PKR,monthly,,,Full Time Electrical Electronics Engineer Job in Pakistan
11716,other,junior,Karachi,PK,chisel_pk,,,PKR,monthly,,,Full Time Mechanical CAD Engineer Job in Pakistan
11717,other,mid,Karachi,PK,chisel_pk,,,PKR,monthly,,,Full Time SEO SMM PPC Expert Jobs in Pakistan
11718,other,junior,Islamabad,PK,chisel_pk,,,PKR,monthly,,,Full Time Graphic Designer Jobs in Pakistan
11719,other,unknown,Lahore,PK,chisel_pk,,,PKR,monthly,,,Full Time Graphics Designer Job in Pakistan
11720,other,mid,Lahore,PK,chisel_pk,,,PKR,monthly,,,Full Time HVAC Technician Job in Pakistan
11721,other,mid,Lahore,PK,chisel_pk,,,PKR,monthly,,,Full Time Store Officer Job in Pakistan
11722,other,mid,Lahore,PK,chisel_pk,,,PKR,monthly,,,Full Time Senior Store Officer Job in Pakistan
11723,other,junior,Karachi,PK,chisel_pk,,,PKR,monthly,,,Full Time Magento Developer Job in Pakistan
11724,other,mid,Lahore,PK,chisel_pk,,,PKR,monthly,,,Full Time Maintenance Engineer Job in Pakistan
11725,other,mid,Lahore,PK,chisel_pk,,,PKR,monthly,,,Full Time Rider Job in Pakistan
11726,other,mid,Lahore,PK,chisel_pk,,,PKR,monthly,,,Full Time IT Executive / IT Assistant Manager Job in Pakistan
11727,other,junior,Karachi,PK,chisel_pk,,,PKR,monthly,,,Full Time Academic Writer Jobs in Pakistan
11728,other,junior,Karachi,PK,chisel_pk,,,PKR,monthly,,,Full Time Assistant Project Manager Job in Pakistan
11730,other,senior,Lahore,PK,chisel_pk,,,PKR,monthly,,,Full Time Assistant Manager Production Job in Pakistan
11731,other,mid,Karachi,PK,chisel_pk,,,PKR,monthly,,,Full Time Supervisor Vehicle Service & Repairs Job in Pakistan
11732,other,junior,Lahore,PK,chisel_pk,,,PKR,monthly,,,Full Time Fullstack Developer Jobs in Pakistan
11733,other,mid,Islamabad,PK,chisel_pk,,,PKR,monthly,,,Full Time Assistant Manager - Corporate Sales Jobs in Pakistan
11734,other,junior,Sialkot,PK,chisel_pk,,,PKR,monthly,,,Full Time Alibaba Listing Expert Job in Pakistan
11735,other,mid,Lahore,PK,chisel_pk,,,PKR,monthly,,,Online Full Time React Native Developer Job in Pakistan
11729,other,mid,Lahore,PK,chisel_pk,,,PKR,monthly,,,Full Time Procurement Assistant Manager/ Executive Job in Pakistan
11736,other,mid,Lahore,PK,chisel_pk,,,PKR,monthly,,,Full Time Technical Writer / SQA Job in Pakistan
11737,other,junior,Islamabad,PK,chisel_pk,,,PKR,monthly,,,Full Time Graphic Designer Jobs in Pakistan
11738,other,junior,Islamabad,PK,chisel_pk,,,PKR,monthly,,,Full Time Data Entry Operator Jobs in Pakistan
11739,other,junior,Multan,PK,chisel_pk,,,PKR,monthly,,,Full Time Internee Jobs in Pakistan
11740,other,junior,Lahore,PK,chisel_pk,,,PKR,monthly,,,Full Time Spoken English Tutor Jobs in Pakistan
11741,other,mid,Islamabad,PK,chisel_pk,,,PKR,monthly,,,Online Full Time Manager Sales Job in Pakistan
11742,other,mid,Karachi,PK,chisel_pk,,,PKR,monthly,,,Online Full Time Customer Care Executive Job in Pakistan
11743,other,junior,Karachi,PK,chisel_pk,,,PKR,monthly,,,Full Time Management Trainee (HR & Administration) Job in Pakistan
11744,other,junior,Karachi,PK,chisel_pk,,,PKR,monthly,,,Full Time Pharmacist Jobs in Pakistan
11745,other,mid,Karachi,PK,chisel_pk,,,PKR,monthly,,,Full Time Inventory Manager - Pharma Job in Pakistan
11746,other,mid,Karachi,PK,chisel_pk,,,PKR,monthly,,,Full Time Senior Pharmacy Technician Jobs in Pakistan
11747,other,junior,Islamabad,PK,chisel_pk,,,PKR,monthly,,,Full Time Game Developer Construct 2/3 Job in Pakistan
11748,other,junior,Lahore,PK,chisel_pk,,,PKR,monthly,,,Full Time Research Analyst / Virtual Assistant Jobs in Pakistan
11749,other,junior,Karachi,PK,chisel_pk,,,PKR,monthly,,,Full Time Graphic Designer Jobs in Pakistan
11750,other,junior,Faisalabad,PK,chisel_pk,,,PKR,monthly,,,Full Time Sales Executive Jobs in Pakistan
11751,other,junior,Lahore,PK,chisel_pk,,,PKR,monthly,,,Full Time Ios Developer Job in Pakistan
11753,other,junior,Islamabad,PK,chisel_pk,,,PKR,monthly,,,Full Time React Native Developer Jobs in Pakistan
11754,other,junior,Islamabad,PK,chisel_pk,,,PKR,monthly,,,Full Time MERN Stack Developer Job in Pakistan
11755,other,junior,Lahore,PK,chisel_pk,,,PKR,monthly,,,Full Time Unity 3D Developer Job in Pakistan
11756,other,junior,Karachi,PK,chisel_pk,,,PKR,monthly,,,Full Time Front End Developer Job in Pakistan
11757,other,junior,Islamabad,PK,chisel_pk,,,PKR,monthly,,,Full Time Customer Support Executive Jobs in Pakistan
11758,other,mid,Islamabad,PK,chisel_pk,,,PKR,monthly,,,Full Time Marketing Executive Jobs in Pakistan
11759,other,junior,Islamabad,PK,chisel_pk,,,PKR,monthly,,,Full Time .Net / Wordpress Developer Jobs in Pakistan
11760,other,mid,Karachi,PK,chisel_pk,,,PKR,monthly,,,Full Time Executive Marketing & Sales Job in Pakistan
11761,other,mid,Abbottabad,PK,chisel_pk,,,PKR,monthly,,,"Full Time Senior Software Engineer (Toronto, Canada) Job in Pakistan"
11763,other,junior,Karachi,PK,chisel_pk,,,PKR,monthly,,,Full Time Business Development Executive Job in Pakistan
11764,other,mid,Lahore,PK,chisel_pk,,,PKR,monthly,,,Full Time Accounts Officer Job in Pakistan
11765,other,junior,Islamabad,PK,chisel_pk,,,PKR,monthly,,,Online Full Time Data Entry Operator Job in Pakistan
11766,other,junior,Islamabad,PK,chisel_pk,,,PKR,monthly,,,Full Time Fresh React Native Developer Jobs in Pakistan
11767,other,junior,Islamabad,PK,chisel_pk,,,PKR,monthly,,,Full Time Business Development Officer Jobs in Pakistan
11768,other,junior,Islamabad,PK,chisel_pk,,,PKR,monthly,,,Full Time Magento Developer Job in Pakistan
11769,other,junior,Islamabad,PK,chisel_pk,,,PKR,monthly,,,Full Time PHP / Laravel Developer Job in Pakistan
11770,other,junior,Islamabad,PK,chisel_pk,,,PKR,monthly,,,Full Time Office Boy / Rider Jobs in Pakistan
11771,other,junior,Karachi,PK,chisel_pk,,,PKR,monthly,,,Full Time Takaful Consultant & Unit Manager Jobs in Pakistan
11772,other,junior,Lahore,PK,chisel_pk,,,PKR,monthly,,,Full Time Sales Representative Jobs in Pakistan
11773,other,junior,Lahore,PK,chisel_pk,,,PKR,monthly,,,Online Full Time Call Center Executive Job in Pakistan
11774,other,mid,Lahore,PK,chisel_pk,,,PKR,monthly,,,Full Time React Native Developer Job in Pakistan
11775,other,mid,Karachi,PK,chisel_pk,,,PKR,monthly,,,Full Time General Manager Sales Job in Pakistan
11776,other,junior,Karachi,PK,chisel_pk,,,PKR,monthly,,,Full Time Procurement Officer (Night Shift) Jobs in Pakistan
11777,other,mid,Kamoke,PK,chisel_pk,,,PKR,monthly,,,Online Full Time Sr. Export Executive Job in Pakistan
11778,other,junior,Karachi,PK,chisel_pk,,,PKR,monthly,,,Full Time Graphic Designer (Night Shift) Job in Pakistan
11779,other,junior,Karachi,PK,chisel_pk,,,PKR,monthly,,,Full Time Logo Design Sales Executive (Night Shift) Jobs in Pakistan
11780,other,junior,Karachi,PK,chisel_pk,,,PKR,monthly,,,Full Time Logo Designer (Night Shift) Job in Pakistan
11781,other,junior,Islamabad,PK,chisel_pk,,,PKR,monthly,,,Full Time PHP Wordpress Developer Job in Pakistan
11782,other,junior,Islamabad,PK,chisel_pk,,,PKR,monthly,,,Full Time SEO Internship Leading To Job Job In Islamabad Job in Pakistan
11783,other,junior,Bahawalnagar,PK,chisel_pk,,,PKR,monthly,,,Online Full Time Sales Position (All Cities In Punjab And KPK) Jobs in Pakistan
11784,other,junior,Karachi,PK,chisel_pk,,,PKR,monthly,,,Full Time Wordpress Developer Jobs in Pakistan
11785,other,junior,Islamabad,PK,chisel_pk,,,PKR,monthly,,,Full Time Graduate Trainee - Tech Support Job in Pakistan
11786,other,mid,Lahore,PK,chisel_pk,,,PKR,monthly,,,Full Time SEO Expert Job in Pakistan
11787,other,junior,Islamabad,PK,chisel_pk,,,PKR,monthly,,,Full Time Sales Associate Job in Pakistan
11788,other,junior,Lahore,PK,chisel_pk,,,PKR,monthly,,,Full Time Customer Support Executive Jobs in Pakistan
11789,other,mid,Lahore,PK,chisel_pk,,,PKR,monthly,,,Full Time SEO/ Social Media Specialist Jobs in Pakistan
11790,other,junior,Lahore,PK,chisel_pk,,,PKR,monthly,,,Full Time Food Technologist Job in Pakistan
11791,other,junior,Lahore,PK,chisel_pk,,,PKR,monthly,,,Full Time Graphics Designer / Web Designer Job in Pakistan
11792,other,junior,Karachi,PK,chisel_pk,,,PKR,monthly,,,Full Time .Net Developer Job in Pakistan
11793,other,junior,Islamabad,PK,chisel_pk,,,PKR,monthly,,,Online Full Time Online Bidder (Remote) Job in Pakistan
11794,other,junior,Multan,PK,chisel_pk,,,PKR,monthly,,,Full Time Financial Advisor Jobs in Pakistan
11795,other,senior,Faisalabad,PK,chisel_pk,,,PKR,monthly,,,Online Full Time Lead Code Engineer Job in Pakistan
11796,other,mid,Islamabad,PK,chisel_pk,,,PKR,monthly,,,Full Time PHP- Laravel Developer Jobs in Pakistan
11797,other,mid,Lahore,PK,chisel_pk,,,PKR,monthly,,,Full Time Android Developer / Android Application Developer Job in Pakistan
11798,other,junior,Lahore,PK,chisel_pk,,,PKR,monthly,,,Full Time Wordpress Developer Jobs in Pakistan
11799,other,junior,Lahore,PK,chisel_pk,,,PKR,monthly,,,Full Time TSR / Call Center Agents (Spectrum/Directv/Cabletv) Jobs in Pakistan
11800,other,junior,Lahore,PK,chisel_pk,,,PKR,monthly,,,Online Full Time Virtual Assistants Jobs in Pakistan
11802,other,junior,Lahore,PK,chisel_pk,,,PKR,monthly,,,Full Time Maintenance And Service Engineer Job in Pakistan
11803,other,junior,Lahore,PK,chisel_pk,,,PKR,monthly,,,Online Full Time Accounts Officer Job in Pakistan
11804,other,mid,Karachi,PK,chisel_pk,,,PKR,monthly,,,Full Time Assistant Sales Manager Job in Pakistan
11805,other,mid,Faisalabad,PK,chisel_pk,,,PKR,monthly,,,Online Full Time Sales Assistant Job in Pakistan
11806,other,junior,Lahore,PK,chisel_pk,,,PKR,monthly,,,Full Time Digital Marketing Executive Job in Pakistan
11807,other,junior,Multan,PK,chisel_pk,,,PKR,monthly,,,Online Full Time Dress Designer Job in Pakistan
11808,other,junior,Lahore,PK,chisel_pk,,,PKR,monthly,,,Full Time Senior Property Consultant / Agent Jobs in Pakistan
11809,other,junior,Lahore,PK,chisel_pk,,,PKR,monthly,,,Full Time Unity Game Developer / Unity 3D Game Developer Jobs in Pakistan
11810,other,junior,Rawalpindi,PK,chisel_pk,,,PKR,monthly,,,Full Time Assistant Store Keeper Job in Pakistan
11812,other,junior,Lahore,PK,chisel_pk,,,PKR,monthly,,,Full Time Php Developer Job in Pakistan
11813,other,mid,Islamabad,PK,chisel_pk,,,PKR,monthly,,,Full Time Sr. Voip Engineer Job in Pakistan
11814,other,junior,Karachi,PK,chisel_pk,,,PKR,monthly,,,Full Time Content Writer Job in Pakistan
11815,other,junior,Islamabad,PK,chisel_pk,,,PKR,monthly,,,Full Time CSR Jobs in Pakistan
11816,other,junior,Lahore,PK,chisel_pk,,,PKR,monthly,,,Full Time Customer Service Executive Jobs in Pakistan
11817,other,junior,Karachi,PK,chisel_pk,,,PKR,monthly,,,Full Time Solar Sales Engineer Job in Pakistan
11818,other,junior,Islamabad,PK,chisel_pk,,,PKR,monthly,,,Full Time Sr Structural Engineer Job in Pakistan
11819,other,junior,Islamabad,PK,chisel_pk,,,PKR,monthly,,,Online Full Time Fullstack Ios Developer Job in Pakistan
11820,other,junior,Lahore,PK,chisel_pk,,,PKR,monthly,,,Online Full Time Lead Generation Executives Jobs in Pakistan
11821,other,junior,Lahore,PK,chisel_pk,,,PKR,monthly,,,Full Time IT Helpdesk Associate Job in Pakistan
11822,other,junior,Lahore,PK,chisel_pk,,,PKR,monthly,,,Online Full Time Customer Support Representative - Work From Home Job in Pakistan
11823,other,mid,Lahore,PK,chisel_pk,,,PKR,monthly,,,Full Time Full Stack Developer/PHP Developer Job in Pakistan
11824,other,mid,Lahore,PK,chisel_pk,,,PKR,monthly,,,Full Time Python Backend Developer Jobs in Pakistan
11825,other,junior,Lahore,PK,chisel_pk,,,PKR,monthly,,,Full Time Sales Executive Job in Pakistan
11826,other,junior,Lahore,PK,chisel_pk,,,PKR,monthly,,,Full Time Front End Developer Jobs in Pakistan
11827,other,mid,Lahore,PK,chisel_pk,,,PKR,monthly,,,Full Time Accounts Officer Job in Pakistan
11829,other,junior,Lahore,PK,chisel_pk,,,PKR,monthly,,,Full Time Angularjs Developer Job in Pakistan
11830,other,junior,Karachi,PK,chisel_pk,,,PKR,monthly,,,Full Time Magento Developer Job in Pakistan
11828,other,junior,Lahore,PK,chisel_pk,,,PKR,monthly,,,Full Time Assistant Import Officer Job in Pakistan
11831,other,unknown,Lahore,PK,chisel_pk,,,PKR,monthly,,,Full Time Call Center Agent Jobs in Pakistan
11832,other,mid,Multan,PK,chisel_pk,,,PKR,monthly,,,Full Time Senior Unity Developer Jobs in Pakistan
11833,other,junior,Malakwal,PK,chisel_pk,,,PKR,monthly,,,Full Time Restaurant Staff Jobs in Pakistan
11834,other,mid,Islamabad,PK,chisel_pk,,,PKR,monthly,,,Full Time Sales Manager Jobs in Pakistan
11835,other,senior,Islamabad,PK,chisel_pk,,,PKR,monthly,,,Full Time Quality Assurance Executive (International Client Support) Jobs in Pakistan
11836,other,junior,Islamabad,PK,chisel_pk,,,PKR,monthly,,,Full Time International Client Support Specialist Jobs in Pakistan
11837,other,junior,Lahore,PK,chisel_pk,,,PKR,monthly,,,Full Time Creative Visualiser And Designer Job in Pakistan
11838,other,junior,Lahore,PK,chisel_pk,,,PKR,monthly,,,Online Full Time Junior Wordpress Back-End Developer Job in Pakistan
11839,other,unknown,Karachi,PK,chisel_pk,,,PKR,monthly,,,Full Time Call Center Representative Jobs in Pakistan
11840,other,senior,Bahawalnagar,PK,chisel_pk,,,PKR,monthly,,,Online Full Time Full Stack PHP/Wordpress/Laravel Developer Jobs in Pakistan
11841,other,junior,Karachi,PK,chisel_pk,,,PKR,monthly,,,Full Time Junior Firmware Developer Job in Pakistan
11842,other,junior,Rahim Yar Khan,PK,chisel_pk,,,PKR,monthly,,,Full Time Python Software Developer Jobs in Pakistan
11843,other,junior,Lahore,PK,chisel_pk,,,PKR,monthly,,,Full Time UI/UX Designer Jobs in Pakistan
11844,data_analyst,junior,Lahore,PK,chisel_pk,,,PKR,monthly,,,Full Time Data Entry Role Leads To Data Analyst Jobs in Pakistan
11845,other,mid,Karachi,PK,chisel_pk,,,PKR,monthly,,,Full Time Salesman Jobs in Pakistan
11846,other,mid,Islamabad,PK,chisel_pk,,,PKR,monthly,,,Full Time Flutter Developer Job in Pakistan
11847,other,mid,Islamabad,PK,chisel_pk,,,PKR,monthly,,,Full Time React Native Developer Job in Pakistan
11848,other,unknown,Karachi,PK,chisel_pk,,,PKR,monthly,,,Full Time Graphics Designer Job in Pakistan
11849,other,junior,Lahore,PK,chisel_pk,,,PKR,monthly,,,Full Time Unity 3D Game Developer Job in Pakistan
11850,other,junior,Lahore,PK,chisel_pk,,,PKR,monthly,,,Full Time Unity 2D Game Developer Job in Pakistan
11851,other,junior,Karachi,PK,chisel_pk,,,PKR,monthly,,,Full Time Online Bidder (Freelance Websites Business Development) Job in Pakistan
11852,other,junior,Sargodha,PK,chisel_pk,,,PKR,monthly,,,Full Time Sales Person Job in Pakistan
11853,other,junior,Islamabad,PK,chisel_pk,,,PKR,monthly,,,Full Time Magento Developer (In-House) Full Time Job in Pakistan
11854,other,junior,Lahore,PK,chisel_pk,,,PKR,monthly,,,Full Time Import & Logistics Officer Job in Pakistan
11855,other,junior,Islamabad,PK,chisel_pk,,,PKR,monthly,,,Full Time Digital Distribution Coordinator Job in Pakistan
11856,other,mid,Karachi,PK,chisel_pk,,,PKR,monthly,,,Full Time Senior Sales Executive Jobs in Pakistan
11857,other,mid,Attock,PK,chisel_pk,,,PKR,monthly,,,Full Time React Native Developer Job in Pakistan
11858,other,junior,Islamabad,PK,chisel_pk,,,PKR,monthly,,,Full Time Diesel Generator Technicians Jobs in Pakistan
11859,other,junior,Lahore,PK,chisel_pk,,,PKR,monthly,,,Full Time Tele Sales Executives Jobs in Pakistan
11860,other,junior,Lahore,PK,chisel_pk,,,PKR,monthly,,,Full Time Full Stack Developer Intern Jobs in Pakistan
11861,other,senior,Karachi,PK,chisel_pk,,,PKR,monthly,,,Full Time Oracle DBA Job in Pakistan
11862,other,junior,Lahore,PK,chisel_pk,,,PKR,monthly,,,Full Time Software Engineer Jobs in Pakistan
11863,other,junior,Islamabad,PK,chisel_pk,,,PKR,monthly,,,Full Time Html CSS Developer Jobs in Pakistan
11864,other,junior,Islamabad,PK,chisel_pk,,,PKR,monthly,,,Full Time Flutter Mobile Application Developer Jobs in Pakistan
11866,other,junior,Lahore,PK,chisel_pk,,,PKR,monthly,,,Full Time Labour Supervisor Jobs in Pakistan
11867,other,junior,Lahore,PK,chisel_pk,,,PKR,monthly,,,Full Time Business Research Analyst Job in Pakistan
11868,other,junior,Karachi,PK,chisel_pk,,,PKR,monthly,,,Online Full Time Managers For Sales And Marketing Jobs in Pakistan
11869,other,junior,Gujranwala,PK,chisel_pk,,,PKR,monthly,,,Online Full Time Telesales Representative Jobs in Pakistan
11870,other,mid,Karachi,PK,chisel_pk,,,PKR,monthly,,,Full Time Sonologist Jobs in Pakistan
11871,other,junior,Karachi,PK,chisel_pk,,,PKR,monthly,,,Full Time Senior Research Assistant Jobs in Pakistan
11872,other,junior,Lahore,PK,chisel_pk,,,PKR,monthly,,,Full Time Recruitment Researcher Job in Pakistan
11873,other,junior,Islamabad,PK,chisel_pk,,,PKR,monthly,,,Full Time Ios Developer And PHP Developer Job in Pakistan
11874,other,junior,Islamabad,PK,chisel_pk,,,PKR,monthly,,,Full Time Wordpress & Ecommerce Developers Jobs in Pakistan
11875,other,mid,Islamabad,PK,chisel_pk,,,PKR,monthly,,,Full Time Sr. PHP Developer Job in Pakistan
11876,other,mid,Lahore,PK,chisel_pk,,,PKR,monthly,,,Full Time PHP & Woo Commerce Developer Job in Pakistan
11877,other,unknown,Karachi,PK,chisel_pk,,,PKR,monthly,,,Full Time Graphics Designer Job in Pakistan
11878,other,junior,Islamabad,PK,chisel_pk,,,PKR,monthly,,,Full Time Sale And Marketing Executive Jobs in Pakistan
11879,other,junior,Lahore,PK,chisel_pk,,,PKR,monthly,,,Full Time Sales Executive Job in Pakistan
11880,other,mid,Karachi,PK,chisel_pk,,,PKR,monthly,,,Full Time Senior SEO Expert Job in Pakistan
11881,other,mid,Lahore,PK,chisel_pk,,,PKR,monthly,,,Full Time Social Media Marketing Manager Job in Pakistan
11882,other,mid,Islamabad,PK,chisel_pk,,,PKR,monthly,,,Full Time Civil Engineer Job in Pakistan
11883,other,junior,Islamabad,PK,chisel_pk,,,PKR,monthly,,,Full Time Magento Developer Job in Pakistan
11885,other,mid,Lahore,PK,chisel_pk,,,PKR,monthly,,,Full Time Graphic Designer Job in Pakistan
11886,other,mid,Karachi,PK,chisel_pk,,,PKR,monthly,,,Full Time Senior Software Engineer Job in Pakistan
11887,other,senior,Lahore,PK,chisel_pk,,,PKR,monthly,,,Full Time Manager Sales Job in Pakistan
11888,other,junior,Lahore,PK,chisel_pk,,,PKR,monthly,,,Full Time Fashion Designer Jobs in Pakistan
11889,other,junior,Karachi,PK,chisel_pk,,,PKR,monthly,,,Full Time Customer Service Representative Job in Pakistan
11890,other,junior,Karachi,PK,chisel_pk,,,PKR,monthly,,,Full Time Outdoor Sales Executive Jobs in Pakistan
11891,other,unknown,Islamabad,PK,chisel_pk,,,PKR,monthly,,,Full Time Graphics Designer Job in Pakistan
11884,other,mid,Multan,PK,chisel_pk,,,PKR,monthly,,,Full Time SEO Expert Job in Pakistan
11892,other,junior,Islamabad,PK,chisel_pk,,,PKR,monthly,,,Full Time Unity 3D Developer Jobs in Pakistan
11893,other,junior,Lahore,PK,chisel_pk,,,PKR,monthly,,,Full Time Call Center Agent CSR Jobs in Pakistan
11894,other,mid,Karachi,PK,chisel_pk,,,PKR,monthly,,,Full Time Web Developer Job in Pakistan
11895,other,junior,Rawalpindi,PK,chisel_pk,,,PKR,monthly,,,Full Time PHP Developer (Remote & Full Time) Jobs in Pakistan
11896,other,junior,Islamabad,PK,chisel_pk,,,PKR,monthly,,,Full Time Academic/Floor Coordinator Night Shift Job in Pakistan
11897,other,junior,Islamabad,PK,chisel_pk,,,PKR,monthly,,,Full Time Quran Teacher Online (Night Shift) Jobs in Pakistan
11898,other,junior,Islamabad,PK,chisel_pk,,,PKR,monthly,,,Full Time HR Manager( Evening Shift) Job in Pakistan
11899,other,mid,Islamabad,PK,chisel_pk,,,PKR,monthly,,,Full Time Software Development Engineer Test Jobs in Pakistan
11900,other,junior,Lahore,PK,chisel_pk,,,PKR,monthly,,,Full Time Mechanical DAE Engineer Job in Pakistan
11901,other,unknown,Islamabad,PK,chisel_pk,,,PKR,monthly,,,Full Time Call Center Agent Jobs in Pakistan
11902,other,mid,Lahore,PK,chisel_pk,,,PKR,monthly,,,Full Time Maintenance Engineer Job in Pakistan
11903,other,junior,Karachi,PK,chisel_pk,,,PKR,monthly,,,Full Time Storyboard Artist Job in Pakistan
11904,other,junior,Karachi,PK,chisel_pk,,,PKR,monthly,,,Full Time Front End Developer Job in Pakistan
11905,other,junior,Lahore,PK,chisel_pk,,,PKR,monthly,,,Full Time HR Internship Leading To Job Job in Pakistan
11906,other,mid,Lahore,PK,chisel_pk,,,PKR,monthly,,,Full Time Admin Manager Job in Pakistan
11907,other,junior,Islamabad,PK,chisel_pk,,,PKR,monthly,,,Online Full Time Customer Sales Executive Jobs in Pakistan
11910,other,junior,Lahore,PK,chisel_pk,,,PKR,monthly,,,Full Time Fresh & Experienced Call Center Agents Jobs in Pakistan
11911,other,junior,Islamabad,PK,chisel_pk,,,PKR,monthly,,,Full Time Nodejs Developer Job in Pakistan
11912,other,junior,Abbottabad,PK,chisel_pk,,,PKR,monthly,,,Full Time Android Developer Jobs in Pakistan
11913,other,junior,Karachi,PK,chisel_pk,,,PKR,monthly,,,Full Time PHP Developer Jobs in Pakistan
11914,other,junior,Karachi,PK,chisel_pk,,,PKR,monthly,,,Full Time Front End Developer Job in Pakistan
11916,other,junior,Lahore,PK,chisel_pk,,,PKR,monthly,,,Full Time Senior ERP Sales Executive Jobs in Pakistan
11917,other,mid,Karachi,PK,chisel_pk,,,PKR,monthly,,,Full Time Media Buyer / Strategist Job in Pakistan
11918,other,mid,Lahore,PK,chisel_pk,,,PKR,monthly,,,Full Time System Architect (Information Technology) Job in Pakistan
11919,other,junior,Abbottabad,PK,chisel_pk,,,PKR,monthly,,,Full Time Sales Manager For Software Products Job in Pakistan
11920,other,junior,Lahore,PK,chisel_pk,,,PKR,monthly,,,Full Time Junior Manager (Production) Job in Pakistan
11921,other,mid,Lahore,PK,chisel_pk,,,PKR,monthly,,,Full Time Full Stack React Web Software Engineer Job in Pakistan
11922,other,junior,Lahore,PK,chisel_pk,,,PKR,monthly,,,Full Time Senior Full Stack PHP Developer / Laravel Developer Jobs in Pakistan
11923,other,junior,Islamabad,PK,chisel_pk,,,PKR,monthly,,,Full Time IT Internship Job in Pakistan
11915,other,mid,Karachi,PK,chisel_pk,,,PKR,monthly,,,Full Time MERN STACK Developer Jobs in Pakistan
11924,other,junior,Islamabad,PK,chisel_pk,,,PKR,monthly,,,Full Time Business Development Officer Jobs in Pakistan
11925,other,junior,Islamabad,PK,chisel_pk,,,PKR,monthly,,,Full Time Marketing Manager Job in Pakistan
11926,other,junior,Lahore,PK,chisel_pk,,,PKR,monthly,,,Full Time E.Commerce Specialist Jobs in Pakistan
11927,other,senior,Islamabad,PK,chisel_pk,,,PKR,monthly,,,Full Time Personal Assistant To CEO Job in Pakistan
11928,other,junior,Lahore,PK,chisel_pk,,,PKR,monthly,,,Full Time CSR Jobs in Pakistan
11929,other,junior,Lahore,PK,chisel_pk,,,PKR,monthly,,,Full Time Social Media Marketing Job in Pakistan
11930,other,junior,Faisalabad,PK,chisel_pk,,,PKR,monthly,,,Full Time Codeignitor Expert To Maintain Existing CRM Job in Pakistan
11931,other,junior,Islamabad,PK,chisel_pk,,,PKR,monthly,,,Full Time Android Developer Jobs in Pakistan
11932,other,junior,Lahore,PK,chisel_pk,,,PKR,monthly,,,Full Time Receptionist With Good Communication Skills Job in Pakistan
11933,other,junior,Lahore,PK,chisel_pk,,,PKR,monthly,,,Full Time Web Development Internships Job in Pakistan
11934,other,junior,Lahore,PK,chisel_pk,,,PKR,monthly,,,Full Time Digital Marketing Internships Job in Pakistan
11935,other,junior,Lahore,PK,chisel_pk,,,PKR,monthly,,,Full Time Experienced Content Writer Job in Pakistan
11936,other,junior,Rawalpindi,PK,chisel_pk,,,PKR,monthly,,,Full Time PHP Web Developer Jobs in Pakistan
11937,other,junior,Lahore,PK,chisel_pk,,,PKR,monthly,,,Full Time Software Quality Assurance Engineer / Quality Assurance Engineer / QA ENGINEER Job in Pakistan
11938,other,junior,Islamabad,PK,chisel_pk,,,PKR,monthly,,,Full Time Customer Service Representative Jobs in Pakistan
11939,other,junior,Karachi,PK,chisel_pk,,,PKR,monthly,,,Full Time Senior Mechanical Design Engineer (1 Year Contract) Job in Pakistan
11940,other,junior,Islamabad,PK,chisel_pk,,,PKR,monthly,,,Full Time PHP Wordpress Developer Job in Pakistan
11941,other,mid,Abbottabad,PK,chisel_pk,,,PKR,monthly,,,Online Full Time MERN Stack Developer Jobs in Pakistan
11942,other,junior,Lahore,PK,chisel_pk,,,PKR,monthly,,,Full Time 3D Unity Developer Jobs in Pakistan
11943,other,junior,Lahore,PK,chisel_pk,,,PKR,monthly,,,Online Full Time Call Centre Executives Jobs in Pakistan
11944,other,junior,Islamabad,PK,chisel_pk,,,PKR,monthly,,,Full Time Customer Sales Executive Jobs in Pakistan
11945,other,junior,Islamabad,PK,chisel_pk,,,PKR,monthly,,,Full Time Accounts Executive Job in Pakistan
11946,other,junior,Karachi,PK,chisel_pk,,,PKR,monthly,,,Full Time Education Consultants Jobs in Pakistan
11947,other,junior,Islamabad,PK,chisel_pk,,,PKR,monthly,,,Full Time Wordpress Developer Job in Pakistan
11948,other,junior,Lahore,PK,chisel_pk,,,PKR,monthly,,,Full Time Network Support Engineer Job in Pakistan
11949,other,mid,Lahore,PK,chisel_pk,,,PKR,monthly,,,Full Time CFO / Finance Manager Job in Pakistan
11950,other,junior,Lahore,PK,chisel_pk,,,PKR,monthly,,,Full Time E-Commerce Assistant Job in Pakistan
11951,other,mid,Lahore,PK,chisel_pk,,,PKR,monthly,,,Full Time Assistant Merchandiser (Sports Category) Job in Pakistan
11952,other,junior,Lahore,PK,chisel_pk,,,PKR,monthly,,,Full Time Software Engineer Job in Pakistan
11953,other,mid,Lahore,PK,chisel_pk,,,PKR,monthly,,,Full Time SEO Expert 4 To 6 Years Experience Job in Pakistan
11954,other,mid,Islamabad,PK,chisel_pk,,,PKR,monthly,,,Full Time Graphic Designer Job in Pakistan
11955,other,junior,Islamabad,PK,chisel_pk,,,PKR,monthly,,,Full Time IT Support Job in Pakistan
11956,other,junior,Lahore,PK,chisel_pk,,,PKR,monthly,,,Full Time Audit Officer Job in Pakistan
11958,other,junior,Karachi,PK,chisel_pk,,,PKR,monthly,,,Full Time Senior Wordpress Developer Jobs in Pakistan
11959,other,junior,Islamabad,PK,chisel_pk,,,PKR,monthly,,,Full Time Graphic Designer Jobs in Pakistan
11960,other,mid,Islamabad,PK,chisel_pk,,,PKR,monthly,,,Full Time ASO Expert Job in Pakistan
11961,other,junior,Karachi,PK,chisel_pk,,,PKR,monthly,,,Full Time Data Entry Intern Job in Pakistan
11962,other,junior,Islamabad,PK,chisel_pk,,,PKR,monthly,,,Online Full Time Jr. Android Developer Job in Pakistan
11963,other,junior,Islamabad,PK,chisel_pk,,,PKR,monthly,,,Full Time Sr. Software Developer Job in Pakistan
11964,other,junior,Gujar Khan,PK,chisel_pk,,,PKR,monthly,,,"Full Time Area Manager, SPO, PS Jobs in Pakistan"
11965,other,junior,Islamabad,PK,chisel_pk,,,PKR,monthly,,,Full Time Sales And Marketing Officers Jobs in Pakistan
11966,other,mid,Islamabad,PK,chisel_pk,,,PKR,monthly,,,Full Time Staff Nurse Jobs in Pakistan
11967,other,junior,Lahore,PK,chisel_pk,,,PKR,monthly,,,Full Time Graphic Designer (Logo) Jobs in Pakistan
11968,other,junior,Islamabad,PK,chisel_pk,,,PKR,monthly,,,Full Time AWS Architect And Developer Job in Pakistan
11970,other,junior,Karachi,PK,chisel_pk,,,PKR,monthly,,,Full Time Service Manager (After Sales) Job in Pakistan
11971,other,junior,Karachi,PK,chisel_pk,,,PKR,monthly,,,Full Time Digital Media Manager Job in Pakistan
11972,other,mid,Islamabad,PK,chisel_pk,,,PKR,monthly,,,Full Time Finance & Admin Coordinator Job in Pakistan
11973,other,junior,Islamabad,PK,chisel_pk,,,PKR,monthly,,,Full Time Intern - Human Resources Job in Pakistan
11974,other,junior,Islamabad,PK,chisel_pk,,,PKR,monthly,,,Full Time Intern - Accounting Officer Jobs in Pakistan
11975,other,mid,Multan,PK,chisel_pk,,,PKR,monthly,,,Full Time React Native Developer Job in Pakistan
11976,other,unknown,Multan,PK,chisel_pk,,,PKR,monthly,,,Full Time Graphics Designer Job in Pakistan
11977,other,junior,Karachi,PK,chisel_pk,,,PKR,monthly,,,Full Time DAE Electronics Job in Pakistan
11978,other,mid,Karachi,PK,chisel_pk,,,PKR,monthly,,,Online Full Time Front End Developer Jobs in Pakistan
11979,other,junior,Islamabad,PK,chisel_pk,,,PKR,monthly,,,Full Time Content Writer Internee Required Job in Pakistan
11980,other,junior,Karachi,PK,chisel_pk,,,PKR,monthly,,,Full Time Business Process Associates - Intern Jobs in Pakistan
11981,other,junior,Islamabad,PK,chisel_pk,,,PKR,monthly,,,Full Time Customer Sales & Support Officer Jobs in Pakistan
11982,other,junior,Lahore,PK,chisel_pk,,,PKR,monthly,,,Full Time Sales Assistant / Dispatcher Job in Pakistan
11983,other,junior,Lahore,PK,chisel_pk,,,PKR,monthly,,,Full Time Technical Customer Support Job in Pakistan
11984,other,junior,Islamabad,PK,chisel_pk,,,PKR,monthly,,,Full Time Pharmacist For License Job in Pakistan
11985,other,junior,Islamabad,PK,chisel_pk,,,PKR,monthly,,,Full Time Sr. Android Apps Developers Jobs in Pakistan
11986,other,junior,Islamabad,PK,chisel_pk,,,PKR,monthly,,,Full Time Android Developer Jobs in Pakistan
11987,other,mid,Islamabad,PK,chisel_pk,,,PKR,monthly,,,Full Time Digital Marketing Project Manager Job in Pakistan
11988,other,junior,Islamabad,PK,chisel_pk,,,PKR,monthly,,,Full Time Laravel Developer Job in Pakistan
11989,other,junior,Lahore,PK,chisel_pk,,,PKR,monthly,,,Full Time UI/UX Designer Job in Pakistan
11990,other,junior,Islamabad,PK,chisel_pk,,,PKR,monthly,,,Full Time Business Development Executive (Software House) Job in Pakistan
11991,other,junior,Islamabad,PK,chisel_pk,,,PKR,monthly,,,Full Time Php Backend Developer Job in Pakistan
11992,other,junior,Karachi,PK,chisel_pk,,,PKR,monthly,,,Full Time Business Development Executive ( For Environmental Analytical Lab) Job in Pakistan
11993,other,junior,Islamabad,PK,chisel_pk,,,PKR,monthly,,,Full Time Janitorial Staff Job in Pakistan
11994,other,junior,Islamabad,PK,chisel_pk,,,PKR,monthly,,,Full Time Psychometric Testing Coordinator Job in Pakistan
11995,other,junior,Karachi,PK,chisel_pk,,,PKR,monthly,,,Online Full Time Digital Marketing Executive Job in Pakistan
11996,other,junior,Karachi,PK,chisel_pk,,,PKR,monthly,,,Full Time Order Booker - Retail Outlets - Whole Sale - Modern Trade Jobs in Pakistan
11997,other,junior,Faisalabad,PK,chisel_pk,,,PKR,monthly,,,Full Time Laravel / Wordpress Developer Jobs in Pakistan
11998,other,junior,Karachi,PK,chisel_pk,,,PKR,monthly,,,Full Time Receptionist Job in Pakistan
11999,other,junior,Karachi,PK,chisel_pk,,,PKR,monthly,,,Full Time Sales Manager / Business Development Manager Job in Pakistan
12000,other,junior,Karachi,PK,chisel_pk,,,PKR,monthly,,,Full Time Telesales Representative Job in Pakistan
12001,other,junior,Karachi,PK,chisel_pk,,,PKR,monthly,,,Full Time Business Development Executive Job in Pakistan
12002,other,mid,Lahore,PK,chisel_pk,,,PKR,monthly,,,Online Full Time Magento - Full Stack Developer Job in Pakistan
12003,other,junior,Islamabad,PK,chisel_pk,,,PKR,monthly,,,Full Time Wordpress Developer Jobs in Pakistan
12004,other,junior,Islamabad,PK,chisel_pk,,,PKR,monthly,,,Full Time Compliance Officer Job in Pakistan
12005,other,mid,Islamabad,PK,chisel_pk,,,PKR,monthly,,,Full Time Recruitment Consultant Job in Pakistan
12006,other,junior,Lahore,PK,chisel_pk,,,PKR,monthly,,,Full Time PHP Developer Job in Pakistan
12007,other,junior,Karachi,PK,chisel_pk,,,PKR,monthly,,,Full Time HSE Officer (For Consultancy) Job in Pakistan
12008,other,mid,Lahore,PK,chisel_pk,,,PKR,monthly,,,Full Time Graphic Designer Job in Pakistan
12009,other,junior,Lahore,PK,chisel_pk,,,PKR,monthly,,,Full Time Accounts Executive Job in Pakistan
12010,other,junior,Karachi,PK,chisel_pk,,,PKR,monthly,,,Full Time Logistic Officer Job in Pakistan
12011,other,junior,Lahore,PK,chisel_pk,,,PKR,monthly,,,Full Time Receivable Manager Job in Pakistan
12012,other,junior,Karachi,PK,chisel_pk,,,PKR,monthly,,,Full Time Academic Writers Jobs in Pakistan
12013,other,junior,Lahore,PK,chisel_pk,,,PKR,monthly,,,Full Time Security Supervisor Job in Pakistan
12014,other,junior,Lahore,PK,chisel_pk,,,PKR,monthly,,,Full Time Chef Job in Pakistan
12015,other,junior,Lahore,PK,chisel_pk,,,PKR,monthly,,,Full Time Video Editor / Animation Maker / Youtube Manager Jobs in Pakistan
12016,other,junior,Islamabad,PK,chisel_pk,,,PKR,monthly,,,Full Time Graphic Designer Jobs in Pakistan
12017,other,mid,Islamabad,PK,chisel_pk,,,PKR,monthly,,,Full Time Reactnative Developer Job in Pakistan
12018,other,mid,Islamabad,PK,chisel_pk,,,PKR,monthly,,,Full Time Full Stack (Javascript) Developer Job in Pakistan
12019,other,junior,Islamabad,PK,chisel_pk,,,PKR,monthly,,,Full Time Ruby-On-Rails Developer Job in Pakistan
12020,other,junior,Islamabad,PK,chisel_pk,,,PKR,monthly,,,Full Time Business Development Manager Job in Pakistan
12021,other,mid,Islamabad,PK,chisel_pk,,,PKR,monthly,,,Full Time PHP / Laravel Developers Jobs in Pakistan
12022,other,junior,Karachi,PK,chisel_pk,,,PKR,monthly,,,Full Time Accountant Job in Pakistan
12023,other,junior,Faisalabad,PK,chisel_pk,,,PKR,monthly,,,"Full Time PHP, Laravel, Wordpress Developer Jobs in Pakistan"
12024,other,junior,Islamabad,PK,chisel_pk,,,PKR,monthly,,,Full Time Dot Net Developer Job in Pakistan
12025,other,mid,Islamabad,PK,chisel_pk,,,PKR,monthly,,,Full Time Sr Drupal Developer Job in Pakistan
12026,other,junior,Islamabad,PK,chisel_pk,,,PKR,monthly,,,Full Time PHP Internee Job in Pakistan
12027,other,junior,Peshawar,PK,chisel_pk,,,PKR,monthly,,,Full Time Sales Executive Jobs in Pakistan
12028,other,junior,Islamabad,PK,chisel_pk,,,PKR,monthly,,,Full Time HR Executive Job in Pakistan
12029,other,junior,Lahore,PK,chisel_pk,,,PKR,monthly,,,Full Time Products Ad Developer Job in Pakistan
12030,other,junior,Lahore,PK,chisel_pk,,,PKR,monthly,,,Full Time Django Developer Job in Pakistan
12031,other,junior,Islamabad,PK,chisel_pk,,,PKR,monthly,,,Full Time Magento Developer Job in Pakistan
12032,other,junior,Islamabad,PK,chisel_pk,,,PKR,monthly,,,Full Time Software Engineer Job in Pakistan
12033,other,mid,Rawalpindi,PK,chisel_pk,,,PKR,monthly,,,Full Time Manager Digital Marketing Job in Pakistan
12034,other,junior,Lahore,PK,chisel_pk,,,PKR,monthly,,,Full Time Magento Developer Job in Pakistan
12035,other,junior,Karachi,PK,chisel_pk,,,PKR,monthly,,,Full Time Export Sales & Marketing Jobs in Pakistan
12036,other,mid,Shikarpur,PK,chisel_pk,,,PKR,monthly,,,Full Time Project Manager Job in Pakistan
12037,other,junior,Peshawar,PK,chisel_pk,,,PKR,monthly,,,"Full Time Hybrid App Developer, React Native Or Flutter Jobs in Pakistan"
12038,other,junior,Lahore,PK,chisel_pk,,,PKR,monthly,,,Full Time PHP Developers Jobs in Pakistan
12039,other,senior,Lahore,PK,chisel_pk,,,PKR,monthly,,,Full Time SEO Manager Job in Pakistan
12040,other,junior,Islamabad,PK,chisel_pk,,,PKR,monthly,,,Full Time Call Center Agents Jobs in Pakistan
12041,other,junior,Islamabad,PK,chisel_pk,,,PKR,monthly,,,Online Full Time SEO Executive Job in Pakistan
12042,other,mid,Karachi,PK,chisel_pk,,,PKR,monthly,,,Full Time React Native Developer Job in Pakistan
12043,other,junior,Rawalpindi,PK,chisel_pk,,,PKR,monthly,,,Full Time Laravel Developer Job in Pakistan
12044,other,junior,Lahore,PK,chisel_pk,,,PKR,monthly,,,Full Time E-Commerce Product Listing Expert Jobs in Pakistan
12045,other,junior,Lahore,PK,chisel_pk,,,PKR,monthly,,,Full Time SEO Expert / Link Builder Jobs in Pakistan
12046,other,junior,Karachi,PK,chisel_pk,,,PKR,monthly,,,Full Time Frontend Vuejs Developer Job in Pakistan
12047,other,junior,Karachi,PK,chisel_pk,,,PKR,monthly,,,Full Time SEO Specialist And Content Writer Job in Pakistan
12048,other,junior,Islamabad,PK,chisel_pk,,,PKR,monthly,,,Full Time Laravel Developer Job in Pakistan
12049,other,junior,Islamabad,PK,chisel_pk,,,PKR,monthly,,,Full Time Web Developer Jobs in Pakistan
12050,other,junior,Karachi,PK,chisel_pk,,,PKR,monthly,,,Full Time Finance Officer Job in Pakistan
12051,other,mid,Islamabad,PK,chisel_pk,,,PKR,monthly,,,Full Time Senior Dotnet Developer Jobs in Pakistan
12052,other,mid,Islamabad,PK,chisel_pk,,,PKR,monthly,,,Full Time Full Stack Developer Job in Pakistan
12053,other,mid,Karachi,PK,chisel_pk,,,PKR,monthly,,,Full Time JAVA Full Stack Developer Job in Pakistan
12054,other,junior,Islamabad,PK,chisel_pk,,,PKR,monthly,,,Full Time Imports Officer Jobs in Pakistan
12055,other,junior,Lahore,PK,chisel_pk,,,PKR,monthly,,,Full Time Front End Developer Job in Pakistan
12056,other,junior,Lahore,PK,chisel_pk,,,PKR,monthly,,,Full Time Human Resource Officer Jobs in Pakistan
12057,other,junior,Lahore,PK,chisel_pk,,,PKR,monthly,,,Full Time Sales Executive US Based Campaign Jobs in Pakistan
12058,other,junior,Islamabad,PK,chisel_pk,,,PKR,monthly,,,Full Time Sales And Marketing Job in Pakistan
12059,other,junior,Islamabad,PK,chisel_pk,,,PKR,monthly,,,Full Time CSR (Customer Sales Representative) Jobs in Pakistan
12060,other,junior,Islamabad,PK,chisel_pk,,,PKR,monthly,,,Full Time 2D Animator Job in Pakistan
12061,other,junior,Islamabad,PK,chisel_pk,,,PKR,monthly,,,Full Time Accountant Jobs in Pakistan
12062,other,junior,Islamabad,PK,chisel_pk,,,PKR,monthly,,,Full Time Fund Raising Manager Jobs in Pakistan
12063,other,junior,Islamabad,PK,chisel_pk,,,PKR,monthly,,,Full Time Graphic Designer / Social Media Expert Job in Pakistan
12064,other,junior,Islamabad,PK,chisel_pk,,,PKR,monthly,,,Full Time Marketing Officer Job in Pakistan
12065,other,junior,Gujranwala,PK,chisel_pk,,,PKR,monthly,,,Full Time Java Programmer Job in Pakistan
12066,other,mid,Lahore,PK,chisel_pk,,,PKR,monthly,,,Full Time Receptionist / Office Secretary Job in Pakistan
12067,other,junior,Islamabad,PK,chisel_pk,,,PKR,monthly,,,Full Time System Support Engineer Jobs in Pakistan
12068,other,mid,Lahore,PK,chisel_pk,,,PKR,monthly,,,Full Time Quality Assurance And Quality Control Compliance Head Job in Pakistan
12069,other,junior,Lahore,PK,chisel_pk,,,PKR,monthly,,,Full Time Audit Officer Job in Pakistan
12070,other,junior,Karachi,PK,chisel_pk,,,PKR,monthly,,,Full Time SQA / Project Coordinator Job in Pakistan
12071,other,junior,Sukkur,PK,chisel_pk,,,PKR,monthly,,,Full Time Consultants & Unit Managers Jobs in Pakistan
12072,other,junior,Lahore,PK,chisel_pk,,,PKR,monthly,,,Full Time React Native Developer Jobs in Pakistan
12073,other,junior,Lahore,PK,chisel_pk,,,PKR,monthly,,,"Full Time CG Artist, Game Designer Job in Pakistan"
12074,other,junior,Lahore,PK,chisel_pk,,,PKR,monthly,,,Full Time Unity Developers Jobs in Pakistan
12075,other,junior,Lahore,PK,chisel_pk,,,PKR,monthly,,,Full Time Unity Game Developer / 3D Game Developer Job in Pakistan
12076,other,junior,Islamabad,PK,chisel_pk,,,PKR,monthly,,,Full Time Assistant Project Manager Job in Pakistan
12077,other,junior,Lahore,PK,chisel_pk,,,PKR,monthly,,,Full Time Unity 3D Game Developer Job in Pakistan
12078,other,junior,Multan,PK,chisel_pk,,,PKR,monthly,,,Full Time Unity 3D Game Developers Jobs in Pakistan
12079,other,junior,Lahore,PK,chisel_pk,,,PKR,monthly,,,Full Time Junior SEO Assistant Job in Pakistan
12081,other,junior,Lahore,PK,chisel_pk,,,PKR,monthly,,,Full Time Content Writer Needed Job in Pakistan
12082,other,junior,Karachi,PK,chisel_pk,,,PKR,monthly,,,Online Full Time Jnr Wordpress Developer Job in Pakistan
12083,other,mid,Lahore,PK,chisel_pk,,,PKR,monthly,,,Full Time Need React Native & Node.Js Developer Jobs in Pakistan
12084,other,mid,Islamabad,PK,chisel_pk,,,PKR,monthly,,,Full Time Recruitment & On-Boarding Specialist Job in Pakistan
12085,other,mid,Islamabad,PK,chisel_pk,,,PKR,monthly,,,Full Time Production Manager (Neutraceutical) Job in Pakistan
12086,other,junior,Lahore,PK,chisel_pk,,,PKR,monthly,,,Online Full Time PHP Developer Job in Pakistan
12087,other,junior,Islamabad,PK,chisel_pk,,,PKR,monthly,,,Full Time PHP Developer / Framework Codiegniter Job in Pakistan
12088,other,junior,Islamabad,PK,chisel_pk,,,PKR,monthly,,,Full Time IOS Developer Job in Pakistan
12089,other,junior,Islamabad,PK,chisel_pk,,,PKR,monthly,,,Full Time Mean Stack Developer Job in Pakistan
12090,other,mid,Gujranwala,PK,chisel_pk,,,PKR,monthly,,,Full Time App Developer (Ios+Android) Job in Pakistan
12091,other,junior,Gujranwala,PK,chisel_pk,,,PKR,monthly,,,Full Time Front-End Developer Jobs in Pakistan
12092,other,junior,Karachi,PK,chisel_pk,,,PKR,monthly,,,Full Time Magento Developer Job in Pakistan
12093,other,mid,Islamabad,PK,chisel_pk,,,PKR,monthly,,,Full Time Java Developer Job in Pakistan
12094,other,junior,Lahore,PK,chisel_pk,,,PKR,monthly,,,Full Time CG Artist 3D / 3D Artist Job in Pakistan
12095,other,junior,Karachi,PK,chisel_pk,,,PKR,monthly,,,Full Time Wordpress Web Designer Jobs in Pakistan
12096,other,junior,Lahore,PK,chisel_pk,,,PKR,monthly,,,Full Time Sales Executive Job in Pakistan
12097,other,junior,Lahore,PK,chisel_pk,,,PKR,monthly,,,Full Time Tele Sales Representative Jobs in Pakistan
12098,other,junior,Islamabad,PK,chisel_pk,,,PKR,monthly,,,Full Time Sales Executive Jobs in Pakistan
12099,other,unknown,Islamabad,PK,chisel_pk,,,PKR,monthly,,,Full Time Sales Freelancer Jobs in Pakistan
12100,other,junior,Islamabad,PK,chisel_pk,,,PKR,monthly,,,Full Time Android Developer Jobs in Pakistan
12101,other,mid,Lahore,PK,chisel_pk,,,PKR,monthly,,,Full Time Pharmacy Assistant Job in Pakistan
12102,other,junior,Karachi,PK,chisel_pk,,,PKR,monthly,,,Full Time Delivery Boy Job in Pakistan
12104,other,junior,Karachi,PK,chisel_pk,,,PKR,monthly,,,Full Time Marketing Assistant Job in Pakistan
12105,other,junior,Karachi,PK,chisel_pk,,,PKR,monthly,,,Full Time Sales Assistant Job in Pakistan
12106,other,junior,Karachi,PK,chisel_pk,,,PKR,monthly,,,Full Time Sales Executive Job in Pakistan
12107,other,junior,Karachi,PK,chisel_pk,,,PKR,monthly,,,Full Time Marketing Executive Job in Pakistan
12108,other,junior,Lahore,PK,chisel_pk,,,PKR,monthly,,,Full Time Call Center Executives / Agents - Night Shift Jobs in Pakistan
12109,other,junior,Karachi,PK,chisel_pk,,,PKR,monthly,,,Full Time Marketing Manager Job in Pakistan
12110,other,junior,Karachi,PK,chisel_pk,,,PKR,monthly,,,Full Time Marketing Officer Job in Pakistan
12111,other,junior,Karachi,PK,chisel_pk,,,PKR,monthly,,,Full Time Sales Manager Job in Pakistan
12112,other,junior,Karachi,PK,chisel_pk,,,PKR,monthly,,,Full Time Sales Officer Job in Pakistan
12103,other,junior,Karachi,PK,chisel_pk,,,PKR,monthly,,,Full Time Order Taker Job in Pakistan
12113,other,junior,Lahore,PK,chisel_pk,,,PKR,monthly,,,Full Time Wordpress Developer Jobs in Pakistan
12114,other,mid,Lahore,PK,chisel_pk,,,PKR,monthly,,,Full Time Graphic Designer Job in Pakistan
12115,other,mid,Karachi,PK,chisel_pk,,,PKR,monthly,,,Full Time Mushroom Farm Manager Job in Pakistan
12116,other,junior,Islamabad,PK,chisel_pk,,,PKR,monthly,,,Full Time Business Coordinator Job in Pakistan
12117,other,junior,Karachi,PK,chisel_pk,,,PKR,monthly,,,Full Time Junior Footwear Quality Assurance Officer-Female Only Job in Pakistan
12118,other,junior,Karachi,PK,chisel_pk,,,PKR,monthly,,,Full Time Office Administrator Job in Pakistan
12119,other,junior,Lahore,PK,chisel_pk,,,PKR,monthly,,,Full Time Tele Marketing Jobs in Pakistan
12120,other,junior,Islamabad,PK,chisel_pk,,,PKR,monthly,,,Full Time Customer Support Representative Jobs in Pakistan
12121,other,junior,Lahore,PK,chisel_pk,,,PKR,monthly,,,Full Time Junior Architect Job in Pakistan
12122,other,mid,Karachi,PK,chisel_pk,,,PKR,monthly,,,Full Time Salesman Jobs in Pakistan
12123,other,mid,Karachi,PK,chisel_pk,,,PKR,monthly,,,Full Time SQA Engineer Job in Pakistan
12124,other,junior,Kamra,PK,chisel_pk,,,PKR,monthly,,,Full Time Chemistry Lecturer Job in Pakistan
12125,other,mid,Kamra,PK,chisel_pk,,,PKR,monthly,,,Full Time English Teacher Job in Pakistan
12126,other,mid,Lahore,PK,chisel_pk,,,PKR,monthly,,,Online Full Time Sr Web Developer Jobs in Pakistan
12127,other,junior,Karachi,PK,chisel_pk,,,PKR,monthly,,,Full Time Customer Relationship Officer Job in Pakistan
12128,other,junior,Karachi,PK,chisel_pk,,,PKR,monthly,,,Full Time Senior Auditor Jobs in Pakistan
12129,other,junior,Karachi,PK,chisel_pk,,,PKR,monthly,,,Full Time Data Entry Operator Jobs in Pakistan
12130,other,junior,Karachi,PK,chisel_pk,,,PKR,monthly,,,Full Time Social Media Officer Job in Pakistan
12131,other,senior,Karachi,PK,chisel_pk,,,PKR,monthly,,,Full Time Finance Manager Job in Pakistan
12132,other,junior,Karachi,PK,chisel_pk,,,PKR,monthly,,,Full Time Asp.NET MVC Developer Job in Pakistan
12133,other,junior,Lahore,PK,chisel_pk,,,PKR,monthly,,,Full Time Mobile Developer Flutter Developer Job in Pakistan
12134,other,mid,Karachi,PK,chisel_pk,,,PKR,monthly,,,Full Time Wordpress Designer Jobs in Pakistan
12135,other,mid,Karachi,PK,chisel_pk,,,PKR,monthly,,,Full Time Web Graphics Designer Jobs in Pakistan
12136,other,junior,Karachi,PK,chisel_pk,,,PKR,monthly,,,Full Time Sales Executive Jobs in Pakistan
12137,other,mid,Lahore,PK,chisel_pk,,,PKR,monthly,,,Full Time Electronic / Mechatronic Engineer Job in Pakistan
12138,other,junior,Karachi,PK,chisel_pk,,,PKR,monthly,,,Online Full Time Content Writers Jobs in Pakistan
12139,other,mid,Quetta,PK,chisel_pk,,,PKR,monthly,,,Full Time Manager Sales & Marketing - Quetta Job in Pakistan
12140,other,junior,Quetta,PK,chisel_pk,,,PKR,monthly,,,Full Time Sales & Marketing Executive Job in Pakistan
12141,other,junior,Lahore,PK,chisel_pk,,,PKR,monthly,,,Full Time Business Development Executive Job in Pakistan
12142,other,junior,Lahore,PK,chisel_pk,,,PKR,monthly,,,Full Time Sales Executive / Real Estate Executive Jobs in Pakistan
12143,other,junior,Peshawar,PK,chisel_pk,,,PKR,monthly,,,Full Time Wordpress Developer Job in Pakistan
12144,other,junior,Karachi,PK,chisel_pk,,,PKR,monthly,,,Full Time Highly Qualified Engineers Or Students In Engineering Jobs in Pakistan
12145,other,junior,Rawalpindi,PK,chisel_pk,,,PKR,monthly,,,Online Full Time WPF Developer Or Windows Winform Developer Job in Pakistan
12146,other,junior,Lahore,PK,chisel_pk,,,PKR,monthly,,,Full Time Town Planner Job in Pakistan
12147,other,junior,Islamabad,PK,chisel_pk,,,PKR,monthly,,,Full Time 3D Modeler And Designer Jobs in Pakistan
12148,other,junior,Karachi,PK,chisel_pk,,,PKR,monthly,,,Full Time Business Development Manager (Sales & Support) For An IT Solution Jobs in Pakistan
12149,other,mid,Lahore,PK,chisel_pk,,,PKR,monthly,,,Full Time Senior PHP / Laravel Web Developer Job in Pakistan
12150,other,junior,Islamabad,PK,chisel_pk,,,PKR,monthly,,,Full Time PHP Wordpress Developer Job in Pakistan
12151,other,junior,Islamabad,PK,chisel_pk,,,PKR,monthly,,,Full Time Magento 2 Developer Jobs in Pakistan
12152,other,mid,Hyderabad,PK,chisel_pk,,,PKR,monthly,,,Full Time Senior .Net Engineer Job in Pakistan
12153,other,junior,Karachi,PK,chisel_pk,,,PKR,monthly,,,Full Time Manager Marketing Jobs in Pakistan
12155,other,junior,Islamabad,PK,chisel_pk,,,PKR,monthly,,,Full Time Solar Installation Personnel Jobs in Pakistan
12156,other,mid,Lahore,PK,chisel_pk,,,PKR,monthly,,,Full Time Web Developer Job in Pakistan
12157,other,junior,Faisalabad,PK,chisel_pk,,,PKR,monthly,,,Full Time Tele Sales Representative Jobs in Pakistan
12158,other,junior,Lahore,PK,chisel_pk,,,PKR,monthly,,,Full Time Fiber Cable Technicians Jobs in Pakistan
12159,other,mid,Islamabad,PK,chisel_pk,,,PKR,monthly,,,Full Time Security Operation Center Analyst Job in Pakistan
12154,other,mid,Karachi,PK,chisel_pk,,,PKR,monthly,,,Full Time AC Technician Job in Pakistan
12160,other,junior,Lahore,PK,chisel_pk,,,PKR,monthly,,,Full Time Driver (HTV Licence) Jobs in Pakistan
12161,other,junior,Lahore,PK,chisel_pk,,,PKR,monthly,,,Full Time SEO Expert Jobs in Pakistan
12162,other,unknown,Lahore,PK,chisel_pk,,,PKR,monthly,,,Full Time Article Writer Jobs in Pakistan
12163,other,junior,Lahore,PK,chisel_pk,,,PKR,monthly,,,Full Time Graphic Designer Jobs in Pakistan
12164,other,senior,Karachi,PK,chisel_pk,,,PKR,monthly,,,Full Time Team Lead Android Developer Jobs in Pakistan
12165,other,junior,Lahore,PK,chisel_pk,,,PKR,monthly,,,Full Time Sales & Marketing Executive Job in Pakistan
12166,other,junior,Karachi,PK,chisel_pk,,,PKR,monthly,,,Full Time Packing Dispatch Officer Jobs in Pakistan
12167,other,junior,Lahore,PK,chisel_pk,,,PKR,monthly,,,Full Time Recruitment Researchers (Trainee & Experienced) Jobs in Pakistan
12168,other,mid,Karachi,PK,chisel_pk,,,PKR,monthly,,,Full Time Content Strategist Job in Pakistan
12170,other,junior,Islamabad,PK,chisel_pk,,,PKR,monthly,,,Full Time Intern - Human Resources Jobs in Pakistan
12171,other,junior,Islamabad,PK,chisel_pk,,,PKR,monthly,,,Full Time Intern - Accounting Jobs in Pakistan
12172,other,junior,Islamabad,PK,chisel_pk,,,PKR,monthly,,,Full Time UI/ UX Desogner Job in Pakistan
12173,other,mid,Islamabad,PK,chisel_pk,,,PKR,monthly,,,Full Time React Native Developer Job in Pakistan
12174,other,junior,Islamabad,PK,chisel_pk,,,PKR,monthly,,,Full Time Front End Developer Job in Pakistan
12175,other,junior,Islamabad,PK,chisel_pk,,,PKR,monthly,,,Full Time PHP Developer Job in Pakistan
12176,other,mid,Islamabad,PK,chisel_pk,,,PKR,monthly,,,Full Time Sr. Game Developer Jobs in Pakistan
12177,other,junior,Lahore,PK,chisel_pk,,,PKR,monthly,,,Online Full Time Social Media Management Job in Pakistan
12178,other,junior,Lahore,PK,chisel_pk,,,PKR,monthly,,,"Full Time School Teachers (Science, Montessori, English, Primary, Computer) Jobs in Pakistan"
12179,other,junior,Lahore,PK,chisel_pk,,,PKR,monthly,,,Full Time Content Writer (Internee) Job in Pakistan
12180,other,junior,Lahore,PK,chisel_pk,,,PKR,monthly,,,Full Time JD For React.Js Developer Job in Pakistan
12181,other,junior,Karachi,PK,chisel_pk,,,PKR,monthly,,,Online Full Time Wordpress Developer Jobs in Pakistan
12182,other,junior,Karachi,PK,chisel_pk,,,PKR,monthly,,,Full Time Consultant Dietitian / Nutritionist Job in Pakistan
12183,other,junior,Lahore,PK,chisel_pk,,,PKR,monthly,,,Full Time Laravel Developer Job in Pakistan
12184,other,junior,Sialkot,PK,chisel_pk,,,PKR,monthly,,,Full Time Designer UI / UX Expert Jobs in Pakistan
12185,other,junior,Bahawalpur,PK,chisel_pk,,,PKR,monthly,,,Full Time Graphic Designer Jobs in Pakistan
12186,other,junior,Lahore,PK,chisel_pk,,,PKR,monthly,,,Full Time Wordpress Developer Job in Pakistan
12187,other,mid,Gujranwala,PK,chisel_pk,,,PKR,monthly,,,Full Time Area Sales Manager Jobs in Pakistan
12188,other,junior,Islamabad,PK,chisel_pk,,,PKR,monthly,,,Full Time C#/ASP.NET Developer Job in Pakistan
12189,other,junior,Dadu,PK,chisel_pk,,,PKR,monthly,,,Online Full Time Content Writer Job in Pakistan
12190,other,junior,Faisalabad,PK,chisel_pk,,,PKR,monthly,,,Full Time Marketing Expert Job in Pakistan
12191,other,junior,Karachi,PK,chisel_pk,,,PKR,monthly,,,Full Time Web Designer Job in Pakistan
12192,other,junior,Karachi,PK,chisel_pk,,,PKR,monthly,,,Full Time Director Plant ( Factory Head) Job in Pakistan
12193,other,junior,Karachi,PK,chisel_pk,,,PKR,monthly,,,Full Time Marketing Head - All Business Units Jobs in Pakistan
12194,other,senior,Karachi,PK,chisel_pk,,,PKR,monthly,,,Full Time General Manager Finance & Head Of Operations Job in Pakistan
12195,other,junior,Lahore,PK,chisel_pk,,,PKR,monthly,,,Full Time IOS Developer Job in Pakistan
12196,other,junior,Islamabad,PK,chisel_pk,,,PKR,monthly,,,Full Time Receptionist / Front Desk Officer Job in Pakistan
12197,other,junior,Islamabad,PK,chisel_pk,,,PKR,monthly,,,Full Time Accounts Assistant Job in Pakistan
12198,other,junior,Lahore,PK,chisel_pk,,,PKR,monthly,,,Full Time Software Quality Assurance Engineer Jobs in Pakistan
12199,other,junior,Karachi,PK,chisel_pk,,,PKR,monthly,,,Online Full Time Mobile App & Web Developer Job in Pakistan
12200,other,mid,Karachi,PK,chisel_pk,,,PKR,monthly,,,Full Time SEO Expert Job in Pakistan
12202,other,junior,Karachi,PK,chisel_pk,,,PKR,monthly,,,Full Time Technical Director / Head Of Operation Jobs in Pakistan
12203,other,mid,Islamabad,PK,chisel_pk,,,PKR,monthly,,,Full Time Senior PHP Developer Job in Pakistan
12204,other,mid,Islamabad,PK,chisel_pk,,,PKR,monthly,,,Full Time Social Media Manager / Marketing Manager Job in Pakistan
12205,other,junior,Islamabad,PK,chisel_pk,,,PKR,monthly,,,Full Time Info Graphics & Doodle Designer Job in Pakistan
12206,other,junior,Karachi,PK,chisel_pk,,,PKR,monthly,,,Online Full Time International Sales Executive Jobs in Pakistan
12207,other,junior,Lahore,PK,chisel_pk,,,PKR,monthly,,,Online Full Time Technical Content Writer Job in Pakistan
12208,other,junior,Faisalabad,PK,chisel_pk,,,PKR,monthly,,,Online Full Time Senior PHP / Laravel Developer (Remote) Jobs in Pakistan
12209,other,mid,Karachi,PK,chisel_pk,,,PKR,monthly,,,Full Time Web Developer Job in Pakistan
12210,other,junior,Karachi,PK,chisel_pk,,,PKR,monthly,,,Full Time Digital Marketing Sales Associates Jobs in Pakistan
12211,other,mid,Karachi,PK,chisel_pk,,,PKR,monthly,,,Full Time Graphic Designer Job in Pakistan
12212,other,mid,Karachi,PK,chisel_pk,,,PKR,monthly,,,Full Time SEO Specialist Job in Pakistan
12213,other,junior,Lahore,PK,chisel_pk,,,PKR,monthly,,,Full Time Dot Net Full Stack Developer Job in Pakistan
12214,other,junior,Lahore,PK,chisel_pk,,,PKR,monthly,,,Online Full Time SEO & Social Media Marketing Job in Pakistan
12215,other,junior,Lahore,PK,chisel_pk,,,PKR,monthly,,,Full Time SEO Executive / Graphic Designer Job in Pakistan
12216,other,junior,Islamabad,PK,chisel_pk,,,PKR,monthly,,,Full Time React Native Developer Jobs in Pakistan
12217,other,junior,Islamabad,PK,chisel_pk,,,PKR,monthly,,,Full Time Real Estate Sales Coordinator Job in Pakistan
12218,other,junior,Lahore,PK,chisel_pk,,,PKR,monthly,,,Full Time Customer Services Representative Jobs in Pakistan
12219,other,mid,Sialkot,PK,chisel_pk,,,PKR,monthly,,,Full Time Head Of Digital Marketing Job in Pakistan
12220,other,mid,Lahore,PK,chisel_pk,,,PKR,monthly,,,Full Time UK Accountants Senior / Junior Jobs in Pakistan
12221,other,junior,Lahore,PK,chisel_pk,,,PKR,monthly,,,Online Full Time Marketing Officer Jobs in Pakistan
12222,other,junior,Islamabad,PK,chisel_pk,,,PKR,monthly,,,Online Full Time Jr. Customer Support Engineer (Islamabad) Job in Pakistan
12223,other,mid,Islamabad,PK,chisel_pk,,,PKR,monthly,,,Online Full Time Call Center Representative With Sales And Marketing Experience Job in Pakistan
12224,other,mid,Islamabad,PK,chisel_pk,,,PKR,monthly,,,Online Full Time Web Developer With Search Engine Optimization Expertise Job in Pakistan
12225,other,junior,Lahore,PK,chisel_pk,,,PKR,monthly,,,Full Time SEO/ Content Writter Job in Pakistan
12226,other,mid,Lahore,PK,chisel_pk,,,PKR,monthly,,,Full Time Asp .Net Developer Job in Pakistan
12227,other,junior,Lahore,PK,chisel_pk,,,PKR,monthly,,,Full Time Business Development Executive Jobs in Pakistan
12228,other,junior,Lahore,PK,chisel_pk,,,PKR,monthly,,,Full Time Graphic Designer Internee Job in Pakistan
12229,other,junior,Lahore,PK,chisel_pk,,,PKR,monthly,,,Full Time Business Development Officer - Intern Jobs in Pakistan
12230,other,junior,Lahore,PK,chisel_pk,,,PKR,monthly,,,Full Time Game Developer Jobs in Pakistan
12231,other,junior,Islamabad,PK,chisel_pk,,,PKR,monthly,,,Full Time Assistant Branch Manager Jobs in Pakistan
12233,other,junior,Islamabad,PK,chisel_pk,,,PKR,monthly,,,Full Time Content Writer Interns Jobs in Pakistan
12234,other,junior,Lahore,PK,chisel_pk,,,PKR,monthly,,,Full Time Creative Designer For Brand Building Job in Pakistan
12235,other,mid,Karachi,PK,chisel_pk,,,PKR,monthly,,,Full Time Marketing And Sales Executive For Powder Coating Paint Plant Job in Pakistan
12232,other,junior,Islamabad,PK,chisel_pk,,,PKR,monthly,,,Full Time Sales Executive Jobs in Pakistan
12236,other,mid,Islamabad,PK,chisel_pk,,,PKR,monthly,,,Full Time 3D Graphic Designer / Post Production Job in Pakistan
12237,other,senior,Karachi,PK,chisel_pk,,,PKR,monthly,,,Full Time Manager Call Center Job in Pakistan
12238,other,junior,Karachi,PK,chisel_pk,,,PKR,monthly,,,Full Time FMCG Salesperson For Modern Trade Job in Pakistan
12239,other,mid,Faisalabad,PK,chisel_pk,,,PKR,monthly,,,Full Time Textile Designer Job in Pakistan
12240,other,junior,Karachi,PK,chisel_pk,,,PKR,monthly,,,Full Time Marketing Agent Job in Pakistan
12241,other,junior,Karachi,PK,chisel_pk,,,PKR,monthly,,,Full Time Sales & Support Executive / Manager Jobs in Pakistan
12242,other,junior,Faisalabad,PK,chisel_pk,,,PKR,monthly,,,Online Full Time Wordpress Developer Job in Pakistan
12243,other,mid,Faisalabad,PK,chisel_pk,,,PKR,monthly,,,Full Time Manager Marketing & Merchandiser For Textile Factory Jobs in Pakistan
12245,other,junior,Islamabad,PK,chisel_pk,,,PKR,monthly,,,Online Full Time Content Writer Jobs in Pakistan
12246,other,junior,Islamabad,PK,chisel_pk,,,PKR,monthly,,,Full Time Experienced Telecom Engineer / Technician Jobs in Pakistan
12247,other,junior,Lahore,PK,chisel_pk,,,PKR,monthly,,,Online Full Time Jr. PHP Laravel Vuejs Developer Jobs in Pakistan
12248,other,junior,Lahore,PK,chisel_pk,,,PKR,monthly,,,"Full Time Network Administrator Experience In Linux Servers (Asterisk, Samba, Sippy, Softswitch DNS, Etc) Job in Pakistan"
12249,other,junior,Chitral,PK,chisel_pk,,,PKR,monthly,,,Full Time Fiber Technician Job in Pakistan
12250,other,junior,Multan,PK,chisel_pk,,,PKR,monthly,,,Online Full Time PHP Developers Jobs in Pakistan
12251,other,mid,Islamabad,PK,chisel_pk,,,PKR,monthly,,,Full Time Angular JS Developer Job in Pakistan
12252,data_architect,unknown,Islamabad,PK,chisel_pk,,,PKR,monthly,,,Full Time Solution Architect Job in Pakistan
12253,other,junior,Faisalabad,PK,chisel_pk,,,PKR,monthly,,,Online Full Time C Sharp With .Net Developer Job in Pakistan
12254,other,junior,Islamabad,PK,chisel_pk,,,PKR,monthly,,,Full Time BDM Business Development Manager Job in Pakistan
12255,other,junior,Islamabad,PK,chisel_pk,,,PKR,monthly,,,Full Time Information Security Trainee Job in Pakistan
12256,other,junior,Karachi,PK,chisel_pk,,,PKR,monthly,,,Full Time DG Mechanic Jobs in Pakistan
12257,other,junior,Islamabad,PK,chisel_pk,,,PKR,monthly,,,Full Time Mid Level PHP Developers Jobs in Pakistan
12258,other,mid,Karachi,PK,chisel_pk,,,PKR,monthly,,,Full Time UX Designer Jobs in Pakistan
12259,other,mid,Lahore,PK,chisel_pk,,,PKR,monthly,,,Full Time SR. PHP Developer Jobs in Pakistan
12260,other,junior,Karachi,PK,chisel_pk,,,PKR,monthly,,,Full Time Data Entry Operator To Perform Daily Tasks. Job in Pakistan
12261,other,junior,Karachi,PK,chisel_pk,,,PKR,monthly,,,Online Full Time Digital Marketing / SEO Specialist Job in Pakistan
12262,other,junior,Karachi,PK,chisel_pk,,,PKR,monthly,,,Full Time Sales Manager Job in Pakistan
12263,other,junior,Islamabad,PK,chisel_pk,,,PKR,monthly,,,Full Time PHP Developer Job in Pakistan
12264,other,junior,Karachi,PK,chisel_pk,,,PKR,monthly,,,"Full Time Wordpress, Opencart, Woocommerce Development Internship Jobs in Pakistan"
12265,other,junior,Karachi,PK,chisel_pk,,,PKR,monthly,,,Full Time Business Development Manager Job in Pakistan
12266,other,junior,Karachi,PK,chisel_pk,,,PKR,monthly,,,Full Time Opencart & Wordpress Developer Job in Pakistan
12267,other,junior,Karachi,PK,chisel_pk,,,PKR,monthly,,,Full Time Manager Admin Job in Pakistan
12268,other,junior,Karachi,PK,chisel_pk,,,PKR,monthly,,,Full Time Technician (Electrical / Electronics) Job in Pakistan
12269,other,junior,Multan,PK,chisel_pk,,,PKR,monthly,,,Full Time Asp.Net Developer Job in Pakistan
12270,other,junior,Karachi,PK,chisel_pk,,,PKR,monthly,,,Full Time Accountant Job in Pakistan
12271,other,junior,Karachi,PK,chisel_pk,,,PKR,monthly,,,Full Time Digital Marketing Manager / Executive / SEO Expert Job in Pakistan
12272,other,junior,Lahore,PK,chisel_pk,,,PKR,monthly,,,Full Time Social Media Manager Job in Pakistan
12273,other,junior,Bahawalpur,PK,chisel_pk,,,PKR,monthly,,,Full Time GM National Business Jobs in Pakistan
12274,other,junior,Karachi,PK,chisel_pk,,,PKR,monthly,,,Full Time Call Centre Manager Job in Pakistan
12275,other,junior,Karachi,PK,chisel_pk,,,PKR,monthly,,,Online Full Time Trainee Content Writer Job in Pakistan
12276,other,mid,Lahore,PK,chisel_pk,,,PKR,monthly,,,Full Time Opencart Developer Job in Pakistan
12277,other,junior,Karachi,PK,chisel_pk,,,PKR,monthly,,,Full Time Digital Media Executive Job in Pakistan
12278,other,junior,Karachi,PK,chisel_pk,,,PKR,monthly,,,Full Time Rigger Jobs in Pakistan
12279,other,unknown,Lahore,PK,chisel_pk,,,PKR,monthly,,,Full Time Call Center Agent Jobs in Pakistan
12280,other,junior,Lahore,PK,chisel_pk,,,PKR,monthly,,,Full Time Android Developer Job in Pakistan
12281,other,junior,Wah,PK,chisel_pk,,,PKR,monthly,,,Online Full Time Call Center Agents Jobs in Pakistan
12282,other,mid,Mardan,PK,chisel_pk,,,PKR,monthly,,,Full Time Web Developer Job in Pakistan
12283,other,junior,Karachi,PK,chisel_pk,,,PKR,monthly,,,Full Time SQL Programmer Job in Pakistan
12284,other,junior,Lahore,PK,chisel_pk,,,PKR,monthly,,,Full Time Shopify Theme Developer Jobs in Pakistan
12285,other,junior,Lahore,PK,chisel_pk,,,PKR,monthly,,,Full Time Bar B Q Expert Job in Pakistan
12286,other,junior,Lahore,PK,chisel_pk,,,PKR,monthly,,,Online Full Time Business Development Executive / Sales Executive Job in Pakistan
12287,other,junior,Lahore,PK,chisel_pk,,,PKR,monthly,,,Full Time Senior Wordpress Developer Jobs in Pakistan
12288,other,mid,Lahore,PK,chisel_pk,,,PKR,monthly,,,Full Time Java/Angular Full Stack Developer Job in Pakistan
12289,other,mid,Lahore,PK,chisel_pk,,,PKR,monthly,,,Full Time PHP Full Stack Developer Job in Pakistan
12290,other,junior,Karachi,PK,chisel_pk,,,PKR,monthly,,,Full Time Call Center Executive Jobs in Pakistan
12291,other,junior,Islamabad,PK,chisel_pk,,,PKR,monthly,,,Full Time 2D Unity Developer Job in Pakistan
12292,other,junior,Islamabad,PK,chisel_pk,,,PKR,monthly,,,Full Time Receptionist Job in Pakistan
12293,other,junior,Karachi,PK,chisel_pk,,,PKR,monthly,,,Full Time ATS Technician Jobs in Pakistan
12295,other,unknown,Islamabad,PK,chisel_pk,,,PKR,monthly,,,Full Time Graphics Designer Job in Pakistan
12296,other,junior,Faisalabad,PK,chisel_pk,,,PKR,monthly,,,Online Full Time T-Shirt Designer Job in Pakistan
12297,other,junior,Islamabad,PK,chisel_pk,,,PKR,monthly,,,Online Full Time Marketing Executive Job in Pakistan
12294,other,junior,Islamabad,PK,chisel_pk,,,PKR,monthly,,,Full Time English Quran Teacher For Morning Shift Jobs in Pakistan
12298,other,junior,Karachi,PK,chisel_pk,,,PKR,monthly,,,Full Time Wordpress Developer Jobs in Pakistan
12299,other,junior,Islamabad,PK,chisel_pk,,,PKR,monthly,,,Full Time Customer Support Representative Job in Pakistan
12300,other,junior,Wah,PK,chisel_pk,,,PKR,monthly,,,Online Full Time Webrtc Developer Job in Pakistan
12301,other,junior,Islamabad,PK,chisel_pk,,,PKR,monthly,,,Full Time Fresh / Junior React Native Developer Jobs in Pakistan
12302,other,junior,Islamabad,PK,chisel_pk,,,PKR,monthly,,,Full Time Wordpress Expert Job in Pakistan
12303,other,junior,Islamabad,PK,chisel_pk,,,PKR,monthly,,,Full Time Digital Marketer Job in Pakistan
12304,other,junior,Islamabad,PK,chisel_pk,,,PKR,monthly,,,Full Time Junior Wordpress Developer Job in Pakistan
12305,other,junior,Rawalpindi,PK,chisel_pk,,,PKR,monthly,,,Full Time Junior Frontend Developer (Javascript/PHP) Jobs in Pakistan
12306,other,mid,Islamabad,PK,chisel_pk,,,PKR,monthly,,,Online Full Time Node.Js Developer Job in Pakistan
12307,other,junior,Lahore,PK,chisel_pk,,,PKR,monthly,,,Full Time Business Development Officer - Intern Jobs in Pakistan
12308,other,junior,Lahore,PK,chisel_pk,,,PKR,monthly,,,Full Time Graphic Designer Internee Job in Pakistan
12309,other,junior,Islamabad,PK,chisel_pk,,,PKR,monthly,,,Online Full Time Customer Sales Representative Job in Pakistan
12310,other,mid,Islamabad,PK,chisel_pk,,,PKR,monthly,,,Full Time Marketing Executive (FMCG Products) Jobs in Pakistan
12312,other,mid,Hyderabad,PK,chisel_pk,,,PKR,monthly,,,Full Time React Native Developer Job in Pakistan
12313,other,mid,Islamabad,PK,chisel_pk,,,PKR,monthly,,,Full Time Senior PHP Developer Job in Pakistan
12314,other,junior,Rawalpindi,PK,chisel_pk,,,PKR,monthly,,,Online Full Time Shift Supervisor Jobs in Pakistan
12315,other,junior,Lahore,PK,chisel_pk,,,PKR,monthly,,,Full Time Category Manager (Grocery) Job in Pakistan
12316,other,junior,Lahore,PK,chisel_pk,,,PKR,monthly,,,Full Time E-Commerce Intern Job in Pakistan
12317,other,mid,Lahore,PK,chisel_pk,,,PKR,monthly,,,Full Time UI/UX Graphic Designer Job in Pakistan
12318,other,junior,Lahore,PK,chisel_pk,,,PKR,monthly,,,Full Time Devops Engineer Jobs in Pakistan
12319,other,junior,Lahore,PK,chisel_pk,,,PKR,monthly,,,Full Time Graphic Designer Intern Jobs in Pakistan
12320,other,junior,Islamabad,PK,chisel_pk,,,PKR,monthly,,,Online Full Time Mobile App Developer (Android/Ios) Job in Pakistan
12321,other,mid,Islamabad,PK,chisel_pk,,,PKR,monthly,,,Full Time Docker / Kubernetes Trainer Job in Pakistan
12322,other,mid,Islamabad,PK,chisel_pk,,,PKR,monthly,,,Full Time Artificial Intelligence Trainer Job in Pakistan
12323,other,mid,Islamabad,PK,chisel_pk,,,PKR,monthly,,,Full Time No-SQL Databases Trainer Job in Pakistan
12325,other,mid,Faisalabad,PK,chisel_pk,,,PKR,monthly,,,Full Time Full Stack Developer Job in Pakistan
12326,other,mid,Faisalabad,PK,chisel_pk,,,PKR,monthly,,,Full Time Graphic Designer Job in Pakistan
12327,other,mid,Bajaur,PK,chisel_pk,,,PKR,monthly,,,Full Time Deputy Chief Of Party - FATA Land Registration Support Activity Job in Pakistan
12328,other,junior,Karachi,PK,chisel_pk,,,PKR,monthly,,,Full Time Social Media Interns Jobs in Pakistan
12329,other,mid,Lahore,PK,chisel_pk,,,PKR,monthly,,,Full Time SEO Specialist / SEO Expert / SEO Executive Job in Pakistan
12330,other,junior,Karachi,PK,chisel_pk,,,PKR,monthly,,,Full Time MTO Project Management Job in Pakistan
12331,other,mid,Karachi,PK,chisel_pk,,,PKR,monthly,,,Full Time Graphic Designer Job in Pakistan
12332,other,junior,Karachi,PK,chisel_pk,,,PKR,monthly,,,Full Time Data Entry Intern Jobs in Pakistan
12333,other,junior,Islamabad,PK,chisel_pk,,,PKR,monthly,,,Full Time Country Manager Job in Pakistan
12334,other,junior,Islamabad,PK,chisel_pk,,,PKR,monthly,,,Full Time UI/UX Designer Job in Pakistan
12335,other,mid,Islamabad,PK,chisel_pk,,,PKR,monthly,,,Full Time Full Stack Developer Job in Pakistan
12336,other,mid,Lahore,PK,chisel_pk,,,PKR,monthly,,,Full Time Senior Laravel Developer / PHP Developer Job in Pakistan
12337,other,junior,Faisalabad,PK,chisel_pk,,,PKR,monthly,,,Full Time Frontend Developer / Designer Job in Pakistan
12338,other,junior,Lahore,PK,chisel_pk,,,PKR,monthly,,,Full Time SEO Expert Home Based Job in Pakistan
12339,other,junior,Karachi,PK,chisel_pk,,,PKR,monthly,,,Online Full Time Sales Excutive Jobs in Pakistan
12340,other,mid,Islamabad,PK,chisel_pk,,,PKR,monthly,,,Full Time Teacher Job in Pakistan
12341,other,junior,Muridke,PK,chisel_pk,,,PKR,monthly,,,Full Time Experienced Accountant Job in Pakistan
12342,other,junior,Lahore,PK,chisel_pk,,,PKR,monthly,,,Full Time Social Media Expert Job in Pakistan
12343,other,junior,Lahore,PK,chisel_pk,,,PKR,monthly,,,Full Time Assistant Manager Job in Pakistan
12344,other,junior,Islamabad,PK,chisel_pk,,,PKR,monthly,,,Full Time Adwords And Social Media Marketing Professional Job in Pakistan
12345,other,mid,Islamabad,PK,chisel_pk,,,PKR,monthly,,,Full Time Wordpress/PHP Developer Jobs in Pakistan
12346,other,junior,Karachi,PK,chisel_pk,,,PKR,monthly,,,Full Time Proofreader / Editor To Work Job in Pakistan
12347,other,junior,Karachi,PK,chisel_pk,,,PKR,monthly,,,Full Time Woocommerce Expert Job in Pakistan
12348,other,mid,Faisalabad,PK,chisel_pk,,,PKR,monthly,,,Full Time Full Stack / Dot Net Developer Jobs in Pakistan
12349,other,mid,Islamabad,PK,chisel_pk,,,PKR,monthly,,,Online Full Time Sales Officer - Pharma Products Jobs in Pakistan
12350,other,mid,Islamabad,PK,chisel_pk,,,PKR,monthly,,,Online Full Time Pharmacist Job in Pakistan
12351,other,mid,Lahore,PK,chisel_pk,,,PKR,monthly,,,Full Time Pharmacist Job in Pakistan
12352,other,mid,Sialkot,PK,chisel_pk,,,PKR,monthly,,,Full Time Graphic Designer Job in Pakistan
12353,other,junior,Multan,PK,chisel_pk,,,PKR,monthly,,,Full Time Tandoor Chef And Helper Required For Flavoured Naans Jobs in Pakistan
12355,other,mid,Lahore,PK,chisel_pk,,,PKR,monthly,,,Online Full Time Content Writer / Researcher / Home Based Job in Pakistan
12356,other,mid,Lahore,PK,chisel_pk,,,PKR,monthly,,,Full Time Digital Marketing Manager - Remote Position Job in Pakistan
12357,other,junior,Islamabad,PK,chisel_pk,,,PKR,monthly,,,Full Time Laravel Developer Job in Pakistan
12358,other,mid,Islamabad,PK,chisel_pk,,,PKR,monthly,,,Full Time Senior Web Developer Job in Pakistan
12359,other,junior,Islamabad,PK,chisel_pk,,,PKR,monthly,,,Online Full Time Junior Accountant Job in Pakistan
12360,other,junior,Islamabad,PK,chisel_pk,,,PKR,monthly,,,Full Time Linux System Engineer (Fresh/Experienced) Jobs in Pakistan
12361,other,senior,Karachi,PK,chisel_pk,,,PKR,monthly,,,Full Time Finance Manager Jobs in Pakistan
12362,other,junior,Karachi,PK,chisel_pk,,,PKR,monthly,,,Full Time Department Head/Sr. Manager Quality (Apparel) Job in Pakistan
12363,other,junior,Karachi,PK,chisel_pk,,,PKR,monthly,,,Full Time MTO-Design Sales Job in Pakistan
12364,other,junior,Karachi,PK,chisel_pk,,,PKR,monthly,,,Full Time International Sales Executive Job in Pakistan
12365,other,junior,Karachi,PK,chisel_pk,,,PKR,monthly,,,Full Time IT Software Sales Officer Job in Pakistan
12366,other,junior,Karachi,PK,chisel_pk,,,PKR,monthly,,,Full Time RUSSIAN SPEAKERS - Int. Business Development Executive Job in Pakistan
12367,other,junior,Karachi,PK,chisel_pk,,,PKR,monthly,,,Full Time Design Sales Executive Jobs in Pakistan
12368,other,junior,Karachi,PK,chisel_pk,,,PKR,monthly,,,Full Time TURKISH SPEAKER - Int. Business Development Executive Jobs in Pakistan
12369,other,junior,Karachi,PK,chisel_pk,,,PKR,monthly,,,Full Time Int. Business Development Executive (ENGLISH SPEAKER) Jobs in Pakistan
12371,other,mid,Karachi,PK,chisel_pk,,,PKR,monthly,,,Full Time Quantity Surveyor Job in Pakistan
12372,other,senior,Lahore,PK,chisel_pk,,,PKR,monthly,,,Online Full Time Mechanical & Plumbing Engineer Jobs in Pakistan
12373,other,mid,Islamabad,PK,chisel_pk,,,PKR,monthly,,,Full Time Sr. Unity 3D Games Developer Jobs in Pakistan
12374,other,mid,Lahore,PK,chisel_pk,,,PKR,monthly,,,Full Time Graphic Designer Job in Pakistan
12375,other,junior,Faisalabad,PK,chisel_pk,,,PKR,monthly,,,Full Time Auditor - ACCA Affiliates / Trainees Jobs in Pakistan
12376,other,mid,Lahore,PK,chisel_pk,,,PKR,monthly,,,Full Time Resume / CV Writer Jobs in Pakistan
12377,other,mid,Islamabad,PK,chisel_pk,,,PKR,monthly,,,Full Time Finance Executive Jobs in Pakistan
12378,other,junior,Karachi,PK,chisel_pk,,,PKR,monthly,,,Full Time Accountant To Perform Daily Accounting Tasks. Job in Pakistan
12379,other,junior,Karachi,PK,chisel_pk,,,PKR,monthly,,,Full Time Mobile App Developer (Android And Ios) Job in Pakistan
12380,other,junior,Karachi,PK,chisel_pk,,,PKR,monthly,,,Full Time Mid Level SQA Engineer Job in Pakistan
12381,other,junior,Islamabad,PK,chisel_pk,,,PKR,monthly,,,Full Time Unity Games Developer Job in Pakistan
12382,other,mid,Lahore,PK,chisel_pk,,,PKR,monthly,,,Full Time PHP Developer / PHP Web Developer Jobs in Pakistan
12383,other,mid,Lahore,PK,chisel_pk,,,PKR,monthly,,,Full Time Oracle Developer Jobs in Pakistan
12384,other,junior,Islamabad,PK,chisel_pk,,,PKR,monthly,,,Full Time Public Relation Internship Job in Pakistan
12385,other,junior,Islamabad,PK,chisel_pk,,,PKR,monthly,,,Full Time Graphic Designing Internship Job in Pakistan
12386,other,junior,Islamabad,PK,chisel_pk,,,PKR,monthly,,,Full Time Data Collection / Analysis Internship Job in Pakistan
12387,other,junior,Islamabad,PK,chisel_pk,,,PKR,monthly,,,Full Time Content Writer (English/Urdu) Internship Job in Pakistan
12388,other,junior,Islamabad,PK,chisel_pk,,,PKR,monthly,,,Full Time Social Media Internship Job in Pakistan
12390,other,junior,Islamabad,PK,chisel_pk,,,PKR,monthly,,,Full Time Web Developer And Designer Job in Pakistan
12391,other,mid,Islamabad,PK,chisel_pk,,,PKR,monthly,,,Full Time Graphic Designer Job in Pakistan
12392,other,junior,Gujranwala,PK,chisel_pk,,,PKR,monthly,,,Full Time Asp.Net MVC / Core Developer Jobs in Pakistan
12393,other,junior,Lahore,PK,chisel_pk,,,PKR,monthly,,,Full Time Office Assistant Job in Pakistan
12394,other,junior,Karachi,PK,chisel_pk,,,PKR,monthly,,,Full Time Ecommerce Account Manager Job in Pakistan
12389,other,junior,Islamabad,PK,chisel_pk,,,PKR,monthly,,,Full Time Marketing Internship Job in Pakistan
12395,other,junior,Karachi,PK,chisel_pk,,,PKR,monthly,,,Full Time Warehouse Officer Job in Pakistan
12396,other,junior,Karachi,PK,chisel_pk,,,PKR,monthly,,,Full Time Customer Services Representative Jobs in Pakistan
12397,other,junior,Islamabad,PK,chisel_pk,,,PKR,monthly,,,Full Time HR Manager Jobs in Pakistan
12398,other,mid,Islamabad,PK,chisel_pk,,,PKR,monthly,,,Full Time Cook Job in Pakistan
12399,other,junior,Islamabad,PK,chisel_pk,,,PKR,monthly,,,Full Time Ios Developer Job in Pakistan
12400,other,mid,Faisalabad,PK,chisel_pk,,,PKR,monthly,,,Full Time Sourcing Manager For T-Shirts And Active Wear Jobs in Pakistan
12401,other,junior,Karachi,PK,chisel_pk,,,PKR,monthly,,,Full Time Content Writer And Email / Social Media Marketing Jobs in Pakistan
12402,other,junior,Islamabad,PK,chisel_pk,,,PKR,monthly,,,Full Time CSR Jobs in Pakistan
12403,other,mid,Islamabad,PK,chisel_pk,,,PKR,monthly,,,Full Time Graphic Designer Job in Pakistan
12404,other,junior,Islamabad,PK,chisel_pk,,,PKR,monthly,,,Full Time Content Writer Job in Pakistan
12405,other,mid,Islamabad,PK,chisel_pk,,,PKR,monthly,,,Full Time SEO Expert Job in Pakistan
12406,other,junior,Islamabad,PK,chisel_pk,,,PKR,monthly,,,Full Time Social Media Specialist Job in Pakistan
12407,other,mid,Islamabad,PK,chisel_pk,,,PKR,monthly,,,Full Time Angular Developer Job in Pakistan
12408,other,mid,Karachi,PK,chisel_pk,,,PKR,monthly,,,Full Time Sharepoint Developer Job in Pakistan
12409,other,junior,Karachi,PK,chisel_pk,,,PKR,monthly,,,Full Time CRM Developer Job in Pakistan
12410,other,junior,Lahore,PK,chisel_pk,,,PKR,monthly,,,Full Time USA Real Estate Campaign (Inbound Lead Generation) Job in Pakistan
12411,other,junior,Lahore,PK,chisel_pk,,,PKR,monthly,,,Full Time US/UK Energy Campaign (Inbound/Outbound Sales) Job in Pakistan
12412,other,junior,Lahore,PK,chisel_pk,,,PKR,monthly,,,Full Time UK Taxi Campaign (Inbound Customer Service) Job in Pakistan
12413,other,junior,Lahore,PK,chisel_pk,,,PKR,monthly,,,Full Time Customer Support / Sales Representative - Inbound Jobs in Pakistan
12414,other,junior,Karachi,PK,chisel_pk,,,PKR,monthly,,,Full Time Data Entry Operator Job in Pakistan
12415,other,junior,Lahore,PK,chisel_pk,,,PKR,monthly,,,Full Time Banca Sales Officer Jobs in Pakistan
12416,other,junior,Lahore,PK,chisel_pk,,,PKR,monthly,,,Full Time Marketing & Sales Officer Job in Pakistan
12417,other,junior,Lahore,PK,chisel_pk,,,PKR,monthly,,,Full Time Ios Developer Job in Pakistan
12419,other,junior,Karachi,PK,chisel_pk,,,PKR,monthly,,,Full Time Accountant Job in Pakistan
12420,other,junior,Karachi,PK,chisel_pk,,,PKR,monthly,,,Full Time Courier Rider - Inhouse Staff Jobs in Pakistan
12421,other,junior,Islamabad,PK,chisel_pk,,,PKR,monthly,,,Full Time Required Fresh Graduate For MVC Jobs in Pakistan
12422,other,mid,Karachi,PK,chisel_pk,,,PKR,monthly,,,Full Time US Recruiter Jobs in Pakistan
12423,other,mid,Karachi,PK,chisel_pk,,,PKR,monthly,,,Full Time Manager US HR Jobs in Pakistan
12424,other,junior,Faisalabad,PK,chisel_pk,,,PKR,monthly,,,Full Time GM Weaving Job in Pakistan
12425,other,junior,Faisalabad,PK,chisel_pk,,,PKR,monthly,,,Full Time GM Weaving Job in Pakistan
12426,other,mid,Lahore,PK,chisel_pk,,,PKR,monthly,,,Full Time Wordpress/ Woocommerce Executive Job in Pakistan
12427,other,junior,Karachi,PK,chisel_pk,,,PKR,monthly,,,Online Full Time Creative Content Writer Job in Pakistan
12428,other,mid,Islamabad,PK,chisel_pk,,,PKR,monthly,,,Full Time Senior Sales Engineer Jobs in Pakistan
12429,other,junior,Bahawalpur,PK,chisel_pk,,,PKR,monthly,,,Full Time Graphic Designer / Editor Job in Pakistan
12430,other,mid,Karachi,PK,chisel_pk,,,PKR,monthly,,,Full Time .NET + Angular Developer Jobs in Pakistan
12431,other,junior,Faisalabad,PK,chisel_pk,,,PKR,monthly,,,Full Time 3D Animator Job in Pakistan
12432,other,junior,Faisalabad,PK,chisel_pk,,,PKR,monthly,,,Full Time Unity Developer Urgent Jobs in Pakistan
12433,other,junior,Lahore,PK,chisel_pk,,,PKR,monthly,,,Online Full Time Project Manager / Team Lead Job in Pakistan
12434,other,junior,Karachi,PK,chisel_pk,,,PKR,monthly,,,Full Time Call Center Agent / Social Media Marketing Executive Jobs in Pakistan
12435,other,junior,Islamabad,PK,chisel_pk,,,PKR,monthly,,,Full Time Content Writer Intern Job in Pakistan
12436,other,junior,Islamabad,PK,chisel_pk,,,PKR,monthly,,,Full Time Graphic Designer Intern Job in Pakistan
12437,other,junior,Islamabad,PK,chisel_pk,,,PKR,monthly,,,Full Time Web Developer Intern Job in Pakistan
12438,other,junior,Islamabad,PK,chisel_pk,,,PKR,monthly,,,Full Time Business Development Intern Job in Pakistan
12439,other,junior,Islamabad,PK,chisel_pk,,,PKR,monthly,,,Full Time Social Media Marketing Intern Job in Pakistan
12440,other,junior,Islamabad,PK,chisel_pk,,,PKR,monthly,,,Full Time Customer Service Representative Job in Pakistan
12441,other,junior,Faisalabad,PK,chisel_pk,,,PKR,monthly,,,Online Full Time Sales Engineer Job in Pakistan
12442,other,junior,Islamabad,PK,chisel_pk,,,PKR,monthly,,,Full Time React Native Developer / Mobile App Developer Jobs in Pakistan
12443,other,mid,Lahore,PK,chisel_pk,,,PKR,monthly,,,Full Time Import Operations Staff Jobs in Pakistan
12444,other,junior,Islamabad,PK,chisel_pk,,,PKR,monthly,,,Full Time Front-End Developer Wordpress Expert Jobs in Pakistan
12445,other,junior,Lahore,PK,chisel_pk,,,PKR,monthly,,,Full Time Andriod Developer Jobs in Pakistan
12446,other,junior,Karachi,PK,chisel_pk,,,PKR,monthly,,,Full Time Sales Executive Job in Pakistan
12447,other,unknown,Lahore,PK,chisel_pk,,,PKR,monthly,,,Full Time Chat Support Executive - Domestic Jobs in Pakistan
12448,other,junior,Lahore,PK,chisel_pk,,,PKR,monthly,,,Online Full Time Wordpress/PHP Developer (Remotely) Job in Pakistan
12449,other,junior,Sialkot,PK,chisel_pk,,,PKR,monthly,,,Full Time Social Media Marketing Officer Jobs in Pakistan
12450,other,mid,Lahore,PK,chisel_pk,,,PKR,monthly,,,Full Time Accounts Officer Job in Pakistan
12451,other,mid,Lahore,PK,chisel_pk,,,PKR,monthly,,,Full Time Flutter Developer Job in Pakistan
12452,other,junior,Islamabad,PK,chisel_pk,,,PKR,monthly,,,Online Full Time Assistant Job in Pakistan
12453,other,mid,Islamabad,PK,chisel_pk,,,PKR,monthly,,,Full Time Software Engineer (Night Suuport) Job in Pakistan
12454,other,junior,Islamabad,PK,chisel_pk,,,PKR,monthly,,,Full Time SEO Expert Jobs in Pakistan
12455,other,junior,Lahore,PK,chisel_pk,,,PKR,monthly,,,Full Time APP Developers Required Jobs in Pakistan
12456,other,junior,Lahore,PK,chisel_pk,,,PKR,monthly,,,Full Time Front End Developer - Frameworks Job in Pakistan
12457,other,mid,Lahore,PK,chisel_pk,,,PKR,monthly,,,Full Time Back End Developer Job in Pakistan
12458,other,junior,Lahore,PK,chisel_pk,,,PKR,monthly,,,Full Time PHP Developer Job in Pakistan
12459,other,junior,Lahore,PK,chisel_pk,,,PKR,monthly,,,Full Time Bidding Expert/ Freelance Bidder Job in Pakistan
12460,other,junior,Islamabad,PK,chisel_pk,,,PKR,monthly,,,Full Time React Native Developer / Mobile Developer Job in Pakistan
12461,other,mid,Lahore,PK,chisel_pk,,,PKR,monthly,,,Full Time SQA Engineer Job in Pakistan
12462,other,junior,Karachi,PK,chisel_pk,,,PKR,monthly,,,Full Time Publishing Coordinator Job in Pakistan
12463,other,mid,Lahore,PK,chisel_pk,,,PKR,monthly,,,Full Time Node.Js Developer Jobs in Pakistan
12464,other,junior,Karachi,PK,chisel_pk,,,PKR,monthly,,,Full Time Customer Support Executive Job in Pakistan
12465,other,junior,Lahore,PK,chisel_pk,,,PKR,monthly,,,Full Time Rider Jobs in Pakistan
12466,other,junior,Karachi,PK,chisel_pk,,,PKR,monthly,,,Full Time Software Sales Associate Job in Pakistan
12467,other,junior,Karachi,PK,chisel_pk,,,PKR,monthly,,,Full Time Design Sales Officr Job in Pakistan
12468,other,mid,Islamabad,PK,chisel_pk,,,PKR,monthly,,,Full Time SEO Specialist Job in Pakistan
12469,other,mid,Karachi,PK,chisel_pk,,,PKR,monthly,,,Full Time Digital Marketing Specialist Job in Pakistan
12470,other,junior,Karachi,PK,chisel_pk,,,PKR,monthly,,,Full Time Student Intern - HR Associates Jobs in Pakistan
12471,other,mid,Lahore,PK,chisel_pk,,,PKR,monthly,,,Full Time Full Time Senior PHP Laravel Developer Job in Pakistan
12472,other,junior,Lahore,PK,chisel_pk,,,PKR,monthly,,,Online Full Time Senior Graphic Designer Job in Pakistan
12473,other,junior,Faisalabad,PK,chisel_pk,,,PKR,monthly,,,Full Time Freelance Content Writers Jobs in Pakistan
12474,other,mid,Lahore,PK,chisel_pk,,,PKR,monthly,,,Full Time Electrician Required Jobs in Pakistan
12475,other,junior,Lahore,PK,chisel_pk,,,PKR,monthly,,,Full Time . NET Web Developer Jobs in Pakistan
12476,other,mid,Islamabad,PK,chisel_pk,,,PKR,monthly,,,Full Time QA Engineer (Automation) Job in Pakistan
12477,other,junior,Lahore,PK,chisel_pk,,,PKR,monthly,,,Full Time Control Room Officer Jobs in Pakistan
12478,other,junior,Karachi,PK,chisel_pk,,,PKR,monthly,,,Full Time Web Designer Job in Pakistan
12479,other,junior,Islamabad,PK,chisel_pk,,,PKR,monthly,,,Full Time Android/IOS Developers Job in Pakistan
12480,other,mid,Hyderabad,PK,chisel_pk,,,PKR,monthly,,,Full Time Web Developer Job in Pakistan
12481,other,mid,Islamabad,PK,chisel_pk,,,PKR,monthly,,,Full Time Senior Reactjs Developer Job in Pakistan
12482,other,junior,Rawalpindi,PK,chisel_pk,,,PKR,monthly,,,Full Time Customer Services Representatives Jobs in Pakistan
12483,other,unknown,Rawalpindi,PK,chisel_pk,,,PKR,monthly,,,Online Full Time Quran Tutor Jobs in Pakistan
12484,other,mid,Islamabad,PK,chisel_pk,,,PKR,monthly,,,Full Time Senior Reactjs Developer Job in Pakistan
12485,other,junior,Islamabad,PK,chisel_pk,,,PKR,monthly,,,Online Full Time Android Developer Jobs in Pakistan
12486,other,junior,Islamabad,PK,chisel_pk,,,PKR,monthly,,,Full Time Java Engineer Job in Pakistan
12487,other,junior,Lahore,PK,chisel_pk,,,PKR,monthly,,,Full Time Wordpress Developer Jobs in Pakistan
12488,other,mid,Lahore,PK,chisel_pk,,,PKR,monthly,,,Full Time Sr. Wordpress Developer Jobs in Pakistan
12489,other,junior,Islamabad,PK,chisel_pk,,,PKR,monthly,,,Full Time Customer Support Representative Jobs in Pakistan
12490,other,junior,Islamabad,PK,chisel_pk,,,PKR,monthly,,,Online Full Time Customer Service Representative Jobs in Pakistan
12491,other,junior,Islamabad,PK,chisel_pk,,,PKR,monthly,,,Online Full Time Hiring- HR Manager Job in Pakistan
12492,other,junior,Islamabad,PK,chisel_pk,,,PKR,monthly,,,Full Time 3D Animator Job in Pakistan
12493,other,junior,Lahore,PK,chisel_pk,,,PKR,monthly,,,Full Time Junior IT Engineer Job in Pakistan
12494,other,junior,Lahore,PK,chisel_pk,,,PKR,monthly,,,Full Time Junior Automation Engineer Job in Pakistan
12495,other,mid,Lahore,PK,chisel_pk,,,PKR,monthly,,,Full Time Sales & Marketing Engineer Job in Pakistan
12496,other,junior,Lahore,PK,chisel_pk,,,PKR,monthly,,,"Full Time Outbound Call Center Job (USA, AUS) Shift Jobs in Pakistan"
12497,other,junior,Islamabad,PK,chisel_pk,,,PKR,monthly,,,Full Time Sales Executive - Resedential Kitchens Jobs in Pakistan
12498,other,junior,Islamabad,PK,chisel_pk,,,PKR,monthly,,,Full Time Autocad Operator - Drafter 2D Job in Pakistan
12499,other,junior,Islamabad,PK,chisel_pk,,,PKR,monthly,,,Full Time 3D Kitchen Designer Job in Pakistan
12500,other,junior,Lahore,PK,chisel_pk,,,PKR,monthly,,,Full Time Software Engineer Jobs in Pakistan
12501,other,junior,Lahore,PK,chisel_pk,,,PKR,monthly,,,Full Time Call Center Job Only Fresh Jobs in Pakistan
12502,other,junior,Karachi,PK,chisel_pk,,,PKR,monthly,,,Full Time Head Of Surveillance Job in Pakistan
12503,other,junior,Lahore,PK,chisel_pk,,,PKR,monthly,,,Online Full Time SEO Linkbuilder Required Job in Pakistan
12504,other,junior,Islamabad,PK,chisel_pk,,,PKR,monthly,,,Full Time Social Media Manager Job in Pakistan
12505,other,junior,Karachi,PK,chisel_pk,,,PKR,monthly,,,Full Time Head Of HR Job in Pakistan
12506,other,junior,Lahore,PK,chisel_pk,,,PKR,monthly,,,Full Time Web Developer Jobs in Pakistan
12507,other,junior,Karachi,PK,chisel_pk,,,PKR,monthly,,,Full Time Video Animator Job in Pakistan
12508,other,junior,Islamabad,PK,chisel_pk,,,PKR,monthly,,,Full Time Mechatronics Engineer Jobs in Pakistan
12509,other,junior,Lahore,PK,chisel_pk,,,PKR,monthly,,,Full Time Sales And Marketing Officers Job in Pakistan
12510,other,junior,Lahore,PK,chisel_pk,,,PKR,monthly,,,Full Time Unity Game / Level Designer Jobs in Pakistan
12511,other,junior,Lahore,PK,chisel_pk,,,PKR,monthly,,,Full Time 3D Modeler / Artist Job in Pakistan
12512,other,junior,Lahore,PK,chisel_pk,,,PKR,monthly,,,Online Full Time CSR / TSR Job in Pakistan
12513,other,junior,Lahore,PK,chisel_pk,,,PKR,monthly,,,Full Time Sales Executive Jobs in Pakistan
12514,other,junior,Lahore,PK,chisel_pk,,,PKR,monthly,,,Full Time PHP Developer Jobs in Pakistan
12515,other,junior,Lahore,PK,chisel_pk,,,PKR,monthly,,,Full Time PHP Developer Jobs in Pakistan
12516,other,junior,Karachi,PK,chisel_pk,,,PKR,monthly,,,Full Time Mobile App Developer Jobs in Pakistan
12517,other,junior,Karachi,PK,chisel_pk,,,PKR,monthly,,,Full Time Ios Developer Job in Pakistan
12518,other,mid,Lahore,PK,chisel_pk,,,PKR,monthly,,,Full Time Store Manager Jobs in Pakistan
12519,other,junior,Karachi,PK,chisel_pk,,,PKR,monthly,,,Full Time Ink Store Officer / Assistant Job in Pakistan
12520,other,mid,Karachi,PK,chisel_pk,,,PKR,monthly,,,Full Time On Line Sales Agents Job in Pakistan
12521,other,junior,Lahore,PK,chisel_pk,,,PKR,monthly,,,Full Time Customer Sales Representative Jobs in Pakistan
12522,other,mid,Lahore,PK,chisel_pk,,,PKR,monthly,,,Full Time Graphic Designer Job in Pakistan
12523,other,junior,Islamabad,PK,chisel_pk,,,PKR,monthly,,,Full Time Web Developers Font & Backend Jobs in Pakistan
12524,other,mid,Lahore,PK,chisel_pk,,,PKR,monthly,,,Full Time Graphic Designer Job in Pakistan
12525,other,unknown,Karachi,PK,chisel_pk,,,PKR,monthly,,,Full Time Email And Chat Support Executive Jobs in Pakistan
12526,other,unknown,Karachi,PK,chisel_pk,,,PKR,monthly,,,Full Time Customer Support Specialist Jobs in Pakistan
12527,other,junior,Islamabad,PK,chisel_pk,,,PKR,monthly,,,Full Time Customer Support Executive Jobs in Pakistan
12528,other,junior,Islamabad,PK,chisel_pk,,,PKR,monthly,,,Full Time Digital Marketing Officer Jobs in Pakistan
12529,other,unknown,Islamabad,PK,chisel_pk,,,PKR,monthly,,,Full Time Customer Experience Specialist Jobs in Pakistan
12530,other,junior,Karachi,PK,chisel_pk,,,PKR,monthly,,,Online Full Time Content Writer / Blogger Jobs in Pakistan
12531,other,junior,Karachi,PK,chisel_pk,,,PKR,monthly,,,Full Time Senior Wordpress Developer Jobs in Pakistan
12532,other,junior,Islamabad,PK,chisel_pk,,,PKR,monthly,,,Full Time Marketing Officer Job in Pakistan
12533,other,mid,Karachi,PK,chisel_pk,,,PKR,monthly,,,Full Time Internal Auditor Job in Pakistan
12534,other,junior,Karachi,PK,chisel_pk,,,PKR,monthly,,,Full Time Sales & Management Executive Jobs in Pakistan
12535,other,junior,Karachi,PK,chisel_pk,,,PKR,monthly,,,Online Full Time Financial Advisors / Managers Jobs in Pakistan
12536,other,junior,Islamabad,PK,chisel_pk,,,PKR,monthly,,,Full Time Receptionist Job in Pakistan
12537,other,mid,Faisalabad,PK,chisel_pk,,,PKR,monthly,,,Full Time Architect / Interior Designer Job in Pakistan
12538,other,junior,Lahore,PK,chisel_pk,,,PKR,monthly,,,Full Time International Sales Executive Jobs in Pakistan
12539,other,junior,Rawalpindi,PK,chisel_pk,,,PKR,monthly,,,Full Time Software Engineer (.Net MVC Developer) Job in Pakistan
12540,other,mid,Lahore,PK,chisel_pk,,,PKR,monthly,,,Full Time 2D & 3D Artist Jobs in Pakistan
12541,other,junior,Islamabad,PK,chisel_pk,,,PKR,monthly,,,Full Time HR Executive Job in Pakistan
12542,other,mid,Lahore,PK,chisel_pk,,,PKR,monthly,,,Full Time Social Media Marketing Specialist Job in Pakistan
12543,other,junior,Lahore,PK,chisel_pk,,,PKR,monthly,,,Full Time Accounts Executive Jobs in Pakistan
12544,other,mid,Lahore,PK,chisel_pk,,,PKR,monthly,,,Full Time Manager Accounts & Finance Job in Pakistan
12545,other,junior,Faisalabad,PK,chisel_pk,,,PKR,monthly,,,Full Time Tele Sales Representative (TSR) Jobs in Pakistan
12546,other,junior,Islamabad,PK,chisel_pk,,,PKR,monthly,,,Full Time UI Designer Job in Pakistan
12547,other,junior,Lahore,PK,chisel_pk,,,PKR,monthly,,,Full Time Digital Marketer (Games Marketing) Job in Pakistan
12548,other,junior,Lahore,PK,chisel_pk,,,PKR,monthly,,,Online Full Time Data Entry Support Advisor Job in Pakistan
12549,other,junior,Lahore,PK,chisel_pk,,,PKR,monthly,,,Full Time Customer Support Advisor Job in Pakistan
12550,other,mid,Karachi,PK,chisel_pk,,,PKR,monthly,,,Full Time Director HR Job in Pakistan
12551,other,junior,Lahore,PK,chisel_pk,,,PKR,monthly,,,Full Time .Net Software Engineer Job in Pakistan
12552,other,junior,Rawalpindi,PK,chisel_pk,,,PKR,monthly,,,Full Time Graphic Designer / Video Editor Job in Pakistan
12553,other,junior,Islamabad,PK,chisel_pk,,,PKR,monthly,,,Full Time Sr. UI Designer Job in Pakistan
12554,other,junior,Islamabad,PK,chisel_pk,,,PKR,monthly,,,Full Time General Manager Job in Pakistan
12555,other,junior,Islamabad,PK,chisel_pk,,,PKR,monthly,,,Full Time Sales Associate Job in Pakistan
12556,other,junior,Lahore,PK,chisel_pk,,,PKR,monthly,,,Online Full Time Senior React Js Developer Job in Pakistan
12557,other,junior,Lahore,PK,chisel_pk,,,PKR,monthly,,,Full Time Content Manager Job in Pakistan
12558,other,junior,Karachi,PK,chisel_pk,,,PKR,monthly,,,Online Full Time Content Writer Job in Pakistan
12559,other,junior,Karachi,PK,chisel_pk,,,PKR,monthly,,,Full Time SEO Link Building Expert Jobs in Pakistan
12560,other,junior,Karachi,PK,chisel_pk,,,PKR,monthly,,,Full Time UI/UX Designer Job in Pakistan
12561,other,junior,Islamabad,PK,chisel_pk,,,PKR,monthly,,,Full Time Customer Sales Representative Jobs in Pakistan
12562,other,junior,Islamabad,PK,chisel_pk,,,PKR,monthly,,,Full Time Native Mobile Developer Required (Android & Ios) Jobs in Pakistan
12563,other,junior,Islamabad,PK,chisel_pk,,,PKR,monthly,,,Full Time Junior Android Developer Job in Pakistan
12564,other,mid,Islamabad,PK,chisel_pk,,,PKR,monthly,,,Full Time Ebay Expert Job in Pakistan
12565,other,mid,Islamabad,PK,chisel_pk,,,PKR,monthly,,,Full Time Amazon Expert Job in Pakistan
12566,other,mid,Islamabad,PK,chisel_pk,,,PKR,monthly,,,Full Time PPC Expert / SEO Job in Pakistan
12567,other,junior,Islamabad,PK,chisel_pk,,,PKR,monthly,,,Full Time Content Writer Job in Pakistan
12568,other,junior,Lahore,PK,chisel_pk,,,PKR,monthly,,,Full Time Plant Manager Job in Pakistan
12569,other,junior,Lahore,PK,chisel_pk,,,PKR,monthly,,,Full Time Andriod Developer Jobs in Pakistan
12570,other,junior,Lahore,PK,chisel_pk,,,PKR,monthly,,,Full Time Web Developer Jobs in Pakistan
12571,other,junior,Bahawalpur,PK,chisel_pk,,,PKR,monthly,,,Online Full Time Recruitment Researcher Jobs in Pakistan
12572,other,junior,Islamabad,PK,chisel_pk,,,PKR,monthly,,,Online Full Time Photoshop Web Designer / Frontend Developer / Shopify Developer Job in Pakistan
12573,other,junior,Islamabad,PK,chisel_pk,,,PKR,monthly,,,Online Full Time Experienced Telemarketer Jobs in Pakistan
12574,other,mid,Karachi,PK,chisel_pk,,,PKR,monthly,,,Full Time Recruitment Specialist/Executive Jobs in Pakistan
12575,other,junior,Karachi,PK,chisel_pk,,,PKR,monthly,,,Full Time Senior Manager - Industrial Relation / Security Admin Job in Pakistan
12576,other,junior,Karachi,PK,chisel_pk,,,PKR,monthly,,,Full Time UI/UX Designer Job in Pakistan
12577,other,junior,Lahore,PK,chisel_pk,,,PKR,monthly,,,Full Time Xamarin Developer Job in Pakistan
12578,data_analyst,senior,Karachi,PK,chisel_pk,,,PKR,monthly,,,Full Time Business Intelligence / Data Analyst Job in Pakistan
12579,other,junior,Lahore,PK,chisel_pk,,,PKR,monthly,,,Full Time Dot Net Developer Job in Pakistan
12580,other,junior,Karachi,PK,chisel_pk,,,PKR,monthly,,,Full Time System Support Executive Jobs in Pakistan
12581,other,junior,Islamabad,PK,chisel_pk,,,PKR,monthly,,,Full Time Category Manager Job in Pakistan
12582,other,mid,Karachi,PK,chisel_pk,,,PKR,monthly,,,Full Time Suppy Chain Manager Job in Pakistan
12583,other,junior,Islamabad,PK,chisel_pk,,,PKR,monthly,,,Full Time Testing Coordinator Job in Pakistan
12584,other,junior,Peshawar,PK,chisel_pk,,,PKR,monthly,,,Full Time Pre-Primary School Teachers Jobs in Pakistan
12585,other,junior,Karachi,PK,chisel_pk,,,PKR,monthly,,,Full Time Sr. Team Lead Software Job in Pakistan
12586,other,junior,Lahore,PK,chisel_pk,,,PKR,monthly,,,Online Full Time Personal Secretary Job in Pakistan
12587,other,junior,Lahore,PK,chisel_pk,,,PKR,monthly,,,Full Time Accountant Job in Pakistan
12588,other,junior,Lahore,PK,chisel_pk,,,PKR,monthly,,,Full Time Audio And Video Editor Jobs in Pakistan
12589,other,junior,Lahore,PK,chisel_pk,,,PKR,monthly,,,Full Time Client Relationship Manager Jobs in Pakistan
12590,other,junior,Karachi,PK,chisel_pk,,,PKR,monthly,,,Full Time Sales Executive Job in Pakistan
12591,other,junior,Lahore,PK,chisel_pk,,,PKR,monthly,,,Full Time Junior Quality Assurance Engineer Job in Pakistan
12592,other,junior,Lahore,PK,chisel_pk,,,PKR,monthly,,,Full Time Senior Quality Assurance Engineer (SQA Engineer) Jobs in Pakistan
12593,other,junior,Quetta,PK,chisel_pk,,,PKR,monthly,,,Full Time Autocad Draftsman Job in Pakistan
12594,other,mid,Karachi,PK,chisel_pk,,,PKR,monthly,,,Full Time Public Sector Manager Job in Pakistan
12595,other,mid,Karachi,PK,chisel_pk,,,PKR,monthly,,,Full Time Digital Marketing Specialist Job in Pakistan
12596,other,mid,Karachi,PK,chisel_pk,,,PKR,monthly,,,Full Time AX Dynamic Developer Job in Pakistan
12597,other,mid,Karachi,PK,chisel_pk,,,PKR,monthly,,,Full Time Share Point Developer Job in Pakistan
12598,other,junior,Lahore,PK,chisel_pk,,,PKR,monthly,,,Full Time Business Development Manager / Executive Job in Pakistan
12599,other,junior,Lahore,PK,chisel_pk,,,PKR,monthly,,,Full Time React Native App Developer Job in Pakistan
12600,other,junior,Faisalabad,PK,chisel_pk,,,PKR,monthly,,,Full Time Sr. Technical Recruiter Jobs in Pakistan
12601,other,senior,Lahore,PK,chisel_pk,,,PKR,monthly,,,Full Time Experienced Front-End Developer Job in Pakistan
12602,other,senior,Lahore,PK,chisel_pk,,,PKR,monthly,,,Full Time Experienced UI / UX Designer Jobs in Pakistan
12603,other,junior,Islamabad,PK,chisel_pk,,,PKR,monthly,,,Full Time Call Center Associate Job in Pakistan
12604,other,junior,Abbottabad,PK,chisel_pk,,,PKR,monthly,,,Online Full Time React Js Full Stack Developer With .Net And C# Jobs in Pakistan
12605,other,junior,Islamabad,PK,chisel_pk,,,PKR,monthly,,,Full Time Web Developer Jobs in Pakistan
12606,other,mid,Faisalabad,PK,chisel_pk,,,PKR,monthly,,,Online Full Time IT And System Expert Job in Pakistan
12608,other,junior,Faisalabad,PK,chisel_pk,,,PKR,monthly,,,Full Time Associate Technical PM (IT) Job in Pakistan
12609,other,junior,Faisalabad,PK,chisel_pk,,,PKR,monthly,,,Full Time Accounts Receivable Jobs in Pakistan
12610,other,junior,Karachi,PK,chisel_pk,,,PKR,monthly,,,Full Time Senior PHP And Wordpress Developer Job in Pakistan
12607,other,mid,Faisalabad,PK,chisel_pk,,,PKR,monthly,,,Online Full Time Horticulture Supervisor Job in Pakistan
12611,other,junior,Karachi,PK,chisel_pk,,,PKR,monthly,,,Full Time Marketing Manager Jobs in Pakistan
12612,other,junior,Karachi,PK,chisel_pk,,,PKR,monthly,,,Full Time Front End Developer - Angular Jobs in Pakistan
12613,other,junior,Islamabad,PK,chisel_pk,,,PKR,monthly,,,Full Time UI/UX Designer Jobs in Pakistan
12614,other,senior,Attock,PK,chisel_pk,,,PKR,monthly,,,Full Time QA/QC Engineer (Civil) Jobs in Pakistan
12615,other,junior,Attock,PK,chisel_pk,,,PKR,monthly,,,Full Time Accountant Jobs in Pakistan
12616,other,junior,Islamabad,PK,chisel_pk,,,PKR,monthly,,,Full Time Telemarketing Agents Jobs in Pakistan
12617,other,junior,Rawalpindi,PK,chisel_pk,,,PKR,monthly,,,Full Time Office Assistant Job in Pakistan
12618,other,mid,Islamabad,PK,chisel_pk,,,PKR,monthly,,,Full Time Microsoft Excel Designer And Technical Expert / VBA Developer Jobs in Pakistan
12619,other,mid,Islamabad,PK,chisel_pk,,,PKR,monthly,,,Full Time Microsoft Access / VBA Developer Jobs in Pakistan
12620,other,junior,Lahore,PK,chisel_pk,,,PKR,monthly,,,Full Time Assistant Manager Export/BD Job in Pakistan
12621,other,mid,Islamabad,PK,chisel_pk,,,PKR,monthly,,,Full Time Angular Developer Job in Pakistan
12622,other,unknown,Islamabad,PK,chisel_pk,,,PKR,monthly,,,Full Time Call Center Representative Jobs in Pakistan
12623,other,junior,Islamabad,PK,chisel_pk,,,PKR,monthly,,,Online Full Time Customer Sales Representative Jobs in Pakistan
12624,other,mid,Islamabad,PK,chisel_pk,,,PKR,monthly,,,Online Full Time Experienced C# MVC Developer SQL Job in Pakistan
12625,other,junior,Bahawalpur,PK,chisel_pk,,,PKR,monthly,,,Full Time Wordpress Developer Job in Pakistan
12626,other,junior,Karachi,PK,chisel_pk,,,PKR,monthly,,,Full Time Content Writer Job in Pakistan
12627,other,junior,Lahore,PK,chisel_pk,,,PKR,monthly,,,Full Time School Teacher Jobs in Pakistan
12628,other,mid,Karachi,PK,chisel_pk,,,PKR,monthly,,,Full Time Graphic Designer Job in Pakistan
12629,other,junior,Islamabad,PK,chisel_pk,,,PKR,monthly,,,Full Time Senior PHP / Wordpress Developers Jobs in Pakistan
12630,other,junior,Gujranwala,PK,chisel_pk,,,PKR,monthly,,,Full Time Office Boy Jobs in Pakistan
12631,other,junior,Lahore,PK,chisel_pk,,,PKR,monthly,,,Full Time Team Manager / Team Leader Jobs in Pakistan
12632,other,junior,Lahore,PK,chisel_pk,,,PKR,monthly,,,Full Time Graphic Designer - Intern Job in Pakistan
12633,other,mid,Sialkot,PK,chisel_pk,,,PKR,monthly,,,Online Full Time GGT Pattern Master / Operator Job in Pakistan
12634,other,junior,Karachi,PK,chisel_pk,,,PKR,monthly,,,Full Time Customer Support Executive Jobs in Pakistan
12635,other,junior,Lahore,PK,chisel_pk,,,PKR,monthly,,,Online Full Time Sales Executive Jobs in Pakistan
12636,other,junior,Lahore,PK,chisel_pk,,,PKR,monthly,,,Full Time Sales Executive Jobs in Pakistan
12637,other,junior,Karachi,PK,chisel_pk,,,PKR,monthly,,,Full Time Data Entry Executive Jobs in Pakistan
12638,other,mid,Islamabad,PK,chisel_pk,,,PKR,monthly,,,Full Time Angular Developer Job in Pakistan
12640,other,junior,Islamabad,PK,chisel_pk,,,PKR,monthly,,,Online Full Time React JS Developer Jobs in Pakistan
12639,other,junior,Islamabad,PK,chisel_pk,,,PKR,monthly,,,Full Time 2D Animator / 2D Illustrator (Artist) / VFX Artist Jobs in Pakistan
12641,other,junior,Islamabad,PK,chisel_pk,,,PKR,monthly,,,Full Time SEO & Digital Marketing Interns Jobs in Pakistan
12642,other,junior,Lahore,PK,chisel_pk,,,PKR,monthly,,,Online Full Time Relationship Officer Jobs in Pakistan
12643,other,junior,Karachi,PK,chisel_pk,,,PKR,monthly,,,Full Time Management Trainee Officer Jobs in Pakistan
12644,other,junior,Islamabad,PK,chisel_pk,,,PKR,monthly,,,Full Time Business Development Executive Job in Pakistan
12645,other,mid,Islamabad,PK,chisel_pk,,,PKR,monthly,,,Full Time Senior Dotnet Developer Jobs in Pakistan
12646,other,junior,Islamabad,PK,chisel_pk,,,PKR,monthly,,,Full Time ASP .NET Developer Job in Pakistan
12647,other,junior,Lahore,PK,chisel_pk,,,PKR,monthly,,,Full Time Content Writer Jobs in Pakistan
12648,other,junior,Lahore,PK,chisel_pk,,,PKR,monthly,,,Online Full Time Social Media Marketer Jobs in Pakistan
12649,other,junior,Islamabad,PK,chisel_pk,,,PKR,monthly,,,Full Time Mobile Application Developer Jobs in Pakistan
12650,other,junior,Lahore,PK,chisel_pk,,,PKR,monthly,,,Full Time Experienced School Coordinator Job in Pakistan
12651,other,junior,Lahore,PK,chisel_pk,,,PKR,monthly,,,Full Time Montessori School Teacher Jobs in Pakistan
12652,other,junior,Lahore,PK,chisel_pk,,,PKR,monthly,,,Full Time Experienced English School Teacher Job in Pakistan
12653,other,junior,Lahore,PK,chisel_pk,,,PKR,monthly,,,Full Time Experienced School Teacher Job in Pakistan
12654,other,junior,Islamabad,PK,chisel_pk,,,PKR,monthly,,,Full Time PHP Web Developer Jobs in Pakistan
12655,other,junior,Lahore,PK,chisel_pk,,,PKR,monthly,,,"Full Time Laravel Developer (Ajax, Javascript, Bootstrap) Jobs in Pakistan"
12656,other,junior,Lahore,PK,chisel_pk,,,PKR,monthly,,,"Full Time Developers Needed, WP, Laravel And PHP Jobs in Pakistan"
12657,other,junior,Islamabad,PK,chisel_pk,,,PKR,monthly,,,Full Time Finance Officer Job in Pakistan
12658,financial_analyst,unknown,Islamabad,PK,chisel_pk,,,PKR,monthly,,,Full Time Finance Analyst Job in Pakistan
12659,other,junior,Islamabad,PK,chisel_pk,,,PKR,monthly,,,Full Time Accountant Job in Pakistan
12660,other,junior,Islamabad,PK,chisel_pk,,,PKR,monthly,,,Online Full Time AR (Account Receivable Executive) Jobs in Pakistan
12661,other,junior,Karachi,PK,chisel_pk,,,PKR,monthly,,,Full Time Medical Representative Jobs in Pakistan
12663,other,junior,Islamabad,PK,chisel_pk,,,PKR,monthly,,,Full Time Game Designer/Artist Jobs in Pakistan
12664,other,junior,Karachi,PK,chisel_pk,,,PKR,monthly,,,Full Time Account Assistant Job in Pakistan
12665,other,junior,Lahore,PK,chisel_pk,,,PKR,monthly,,,Full Time Store Manager Job in Pakistan
12666,other,junior,Karachi,PK,chisel_pk,,,PKR,monthly,,,Full Time Senior PHP And Wordpress Developer Job in Pakistan
12667,other,mid,Islamabad,PK,chisel_pk,,,PKR,monthly,,,Full Time Web Developer Job in Pakistan
12668,other,junior,Islamabad,PK,chisel_pk,,,PKR,monthly,,,Full Time 3D Animator Job in Pakistan
12669,other,junior,Lahore,PK,chisel_pk,,,PKR,monthly,,,Online Full Time Business Development Executive Jobs in Pakistan
12670,other,mid,Lahore,PK,chisel_pk,,,PKR,monthly,,,Online Full Time Front And Backeend Dev - Wordpress - Joomla Job in Pakistan
12671,other,junior,Islamabad,PK,chisel_pk,,,PKR,monthly,,,Online Full Time Quran Services Executive Jobs in Pakistan
12672,other,mid,Lahore,PK,chisel_pk,,,PKR,monthly,,,Online Full Time SEO / Digital Marketing /Social Media Job in Pakistan
12673,other,junior,Islamabad,PK,chisel_pk,,,PKR,monthly,,,Online Full Time Telemarketing / Sales And Marketing Jobs in Pakistan
12674,other,junior,Lahore,PK,chisel_pk,,,PKR,monthly,,,Full Time Sales Engineer Job in Pakistan
12675,other,junior,Faisalabad,PK,chisel_pk,,,PKR,monthly,,,Full Time Android Developer Jobs in Pakistan
12676,other,junior,Lahore,PK,chisel_pk,,,PKR,monthly,,,Full Time Store Incharge Job in Pakistan
12677,other,junior,Lahore,PK,chisel_pk,,,PKR,monthly,,,Full Time Quality Supervisor Job in Pakistan
12678,other,junior,Karachi,PK,chisel_pk,,,PKR,monthly,,,Online Full Time Sales Executives Jobs in Pakistan
12679,other,junior,Lahore,PK,chisel_pk,,,PKR,monthly,,,Full Time PET Semi Blow Operator Jobs in Pakistan
12680,other,junior,Lahore,PK,chisel_pk,,,PKR,monthly,,,Full Time Content Writer & Marketing Executive Jobs in Pakistan
12681,other,junior,Islamabad,PK,chisel_pk,,,PKR,monthly,,,Full Time Creative Content Generator / SEO Job in Pakistan
12682,other,junior,Faisalabad,PK,chisel_pk,,,PKR,monthly,,,Full Time Magento 2 Full Stack Developer Job in Pakistan
12683,other,junior,Faisalabad,PK,chisel_pk,,,PKR,monthly,,,Full Time Frontend Developer Web Developer Job in Pakistan
12684,other,mid,Faisalabad,PK,chisel_pk,,,PKR,monthly,,,Full Time Graphic Designer Job in Pakistan
12685,other,junior,Islamabad,PK,chisel_pk,,,PKR,monthly,,,Full Time Call Center Agents Jobs in Pakistan
12686,other,junior,Islamabad,PK,chisel_pk,,,PKR,monthly,,,Full Time Senior MVC DEVELOPER Jobs in Pakistan
12687,other,senior,Karachi,PK,chisel_pk,,,PKR,monthly,,,Full Time Operations And Logistics Lead Job in Pakistan
12688,other,junior,Islamabad,PK,chisel_pk,,,PKR,monthly,,,Online Full Time Data Entry Executive Jobs in Pakistan
12689,other,junior,Lahore,PK,chisel_pk,,,PKR,monthly,,,Full Time Trainee Consultant Job in Pakistan
12690,other,junior,Karachi,PK,chisel_pk,,,PKR,monthly,,,Full Time Web Developer ( Codeigneter / Laravel ) Job in Pakistan
12691,other,junior,Rawalpindi,PK,chisel_pk,,,PKR,monthly,,,Full Time Unity 3D Game Developer Job in Pakistan
12692,other,junior,Rawalpindi,PK,chisel_pk,,,PKR,monthly,,,Full Time 3D Game Modeler Job in Pakistan
12693,other,junior,Rawalpindi,PK,chisel_pk,,,PKR,monthly,,,Full Time 3D Game Designer Job in Pakistan
12694,other,junior,Islamabad,PK,chisel_pk,,,PKR,monthly,,,Full Time Unity Game Developer Job in Pakistan
12695,other,mid,Lahore,PK,chisel_pk,,,PKR,monthly,,,Online Full Time Oracle DBA Job in Pakistan
12697,other,junior,Karachi,PK,chisel_pk,,,PKR,monthly,,,Full Time Care Administrators Jobs in Pakistan
12698,other,mid,Lahore,PK,chisel_pk,,,PKR,monthly,,,Full Time ROR Developers Job in Pakistan
12699,other,mid,Lahore,PK,chisel_pk,,,PKR,monthly,,,Full Time React Native Developer Job in Pakistan
12700,other,mid,Lahore,PK,chisel_pk,,,PKR,monthly,,,Full Time Full Stack Developer / PHP Developer Jobs in Pakistan
12701,other,mid,Karachi,PK,chisel_pk,,,PKR,monthly,,,Full Time Senior React JS Developer Jobs in Pakistan
12702,other,junior,Lahore,PK,chisel_pk,,,PKR,monthly,,,Full Time Customer Support Specialist - International - Lahore Jobs in Pakistan
12703,other,junior,Karachi,PK,chisel_pk,,,PKR,monthly,,,Online Full Time Calling Agents Jobs in Pakistan
12704,other,junior,Lahore,PK,chisel_pk,,,PKR,monthly,,,Full Time Grahpic Designer Job in Pakistan
12705,other,junior,Faisalabad,PK,chisel_pk,,,PKR,monthly,,,Full Time MERN Stack Developer Job in Pakistan
12706,other,mid,Faisalabad,PK,chisel_pk,,,PKR,monthly,,,Full Time Senior Android Developer Job in Pakistan
12707,other,mid,Lahore,PK,chisel_pk,,,PKR,monthly,,,Full Time Android & IOS App Developer Job in Pakistan
12708,other,junior,Islamabad,PK,chisel_pk,,,PKR,monthly,,,Full Time CSR / TSR / Sales Executive / HR Officer / Management Jobs in Pakistan
12709,other,mid,Lahore,PK,chisel_pk,,,PKR,monthly,,,Full Time Assistant Manager Accounts Job in Pakistan
12710,other,junior,Islamabad,PK,chisel_pk,,,PKR,monthly,,,Full Time SEO Executive Job in Pakistan
12711,other,mid,Abbottabad,PK,chisel_pk,,,PKR,monthly,,,"Online Full Time Sr Software Engineer (Remote) (React, Node, Mongodb) Jobs in Pakistan"
12712,other,junior,Karachi,PK,chisel_pk,,,PKR,monthly,,,Online Full Time Image Editor Jobs in Pakistan
12713,other,unknown,Karachi,PK,chisel_pk,,,PKR,monthly,,,Full Time Email Chat Support Specialist - Food Panda Jobs in Pakistan
12714,other,mid,Islamabad,PK,chisel_pk,,,PKR,monthly,,,Full Time IT Teacher Jobs in Pakistan
12715,other,junior,Faisalabad,PK,chisel_pk,,,PKR,monthly,,,Online Full Time PHP Developer Jobs in Pakistan
12716,other,junior,Faisalabad,PK,chisel_pk,,,PKR,monthly,,,Online Full Time Wordpress Developer Jobs in Pakistan
12717,other,junior,Faisalabad,PK,chisel_pk,,,PKR,monthly,,,Online Full Time React JS Developer Jobs in Pakistan
12718,other,junior,Islamabad,PK,chisel_pk,,,PKR,monthly,,,Full Time Receptionist / Office Assistant Job in Pakistan
12719,other,mid,Islamabad,PK,chisel_pk,,,PKR,monthly,,,Full Time Office Boy Job in Pakistan
12720,other,junior,Faisalabad,PK,chisel_pk,,,PKR,monthly,,,Online Full Time Sales Representative Jobs in Pakistan
12721,other,senior,Karachi,PK,chisel_pk,,,PKR,monthly,,,Full Time Head Of Finance - CA Qualified Job in Pakistan
12722,other,junior,Karachi,PK,chisel_pk,,,PKR,monthly,,,Full Time Trade Officer Job in Pakistan
12723,other,junior,Islamabad,PK,chisel_pk,,,PKR,monthly,,,Full Time 3D Game Environment Artist Jobs in Pakistan
12724,other,junior,Islamabad,PK,chisel_pk,,,PKR,monthly,,,Full Time Graphic Designer Required Jobs in Pakistan
12725,other,junior,Lahore,PK,chisel_pk,,,PKR,monthly,,,Full Time Web UI Designer Job in Pakistan
12726,other,junior,Karachi,PK,chisel_pk,,,PKR,monthly,,,Full Time AC Technician Jobs in Pakistan
12727,other,junior,Lahore,PK,chisel_pk,,,PKR,monthly,,,Online Full Time Call Center Outbound Agents - Night Shift Remotely Jobs in Pakistan
12728,other,mid,Karachi,PK,chisel_pk,,,PKR,monthly,,,Online Full Time Content Writer Is Required In Karachi Jobs in Pakistan
12729,marketing_analyst,mid,Lahore,PK,chisel_pk,,,PKR,monthly,,,Full Time Digital Marketing Analyst Job in Pakistan
12730,other,junior,Rawalpindi,PK,chisel_pk,,,PKR,monthly,,,Full Time Takaful Consultant Jobs in Pakistan
12731,other,junior,Karachi,PK,chisel_pk,,,PKR,monthly,,,Full Time Full Stack Developer Jobs in Pakistan
12732,other,junior,Lahore,PK,chisel_pk,,,PKR,monthly,,,Full Time Software Engineer Jobs in Pakistan
12733,other,mid,Islamabad,PK,chisel_pk,,,PKR,monthly,,,Full Time SQA Engineer Job in Pakistan
12734,other,junior,Karachi,PK,chisel_pk,,,PKR,monthly,,,Full Time Customer Support Executive Jobs in Pakistan
12735,other,junior,Faisalabad,PK,chisel_pk,,,PKR,monthly,,,Online Full Time PHP Developers Jobs in Pakistan
12736,other,junior,Karachi,PK,chisel_pk,,,PKR,monthly,,,Full Time Business Developer Or Online Bidder Job in Pakistan
12738,other,junior,Faisalabad,PK,chisel_pk,,,PKR,monthly,,,Full Time Sales And Marketing Jobs in Pakistan
12737,other,junior,Karachi,PK,chisel_pk,,,PKR,monthly,,,Full Time Graphic Designer And Digital Marketer Job in Pakistan
12739,other,junior,Lahore,PK,chisel_pk,,,PKR,monthly,,,Full Time Marketing & Sales Executive Job in Pakistan
12740,other,mid,Islamabad,PK,chisel_pk,,,PKR,monthly,,,Full Time Sr Web Developer Jobs in Pakistan
12741,other,junior,Lahore,PK,chisel_pk,,,PKR,monthly,,,Online Full Time Executive Coordinator Job in Pakistan
12742,other,junior,Lahore,PK,chisel_pk,,,PKR,monthly,,,Full Time Office Assistant Job in Pakistan
12743,other,junior,Karachi,PK,chisel_pk,,,PKR,monthly,,,Full Time RUSSIAN SPEAKERS - Int. Business Development Executive Jobs in Pakistan
12744,other,junior,Karachi,PK,chisel_pk,,,PKR,monthly,,,Full Time Turkish Speaker - Int. Business Development Executive Jobs in Pakistan
12745,other,junior,Lahore,PK,chisel_pk,,,PKR,monthly,,,Full Time Unity 3D / Game Developer Job in Pakistan
12746,other,mid,Lahore,PK,chisel_pk,,,PKR,monthly,,,Full Time ASO Expert Job in Pakistan
12747,other,junior,Gujranwala,PK,chisel_pk,,,PKR,monthly,,,Full Time Android App Developer Job in Pakistan
12748,other,junior,Karachi,PK,chisel_pk,,,PKR,monthly,,,Full Time Field Manager Job in Pakistan
12749,other,junior,Islamabad,PK,chisel_pk,,,PKR,monthly,,,Full Time Sales And Management Executive Jobs in Pakistan
12750,other,junior,Islamabad,PK,chisel_pk,,,PKR,monthly,,,Full Time Food Server / Helper / Cook Job in Pakistan
12751,other,junior,Lahore,PK,chisel_pk,,,PKR,monthly,,,Full Time Nodejs Developer Job in Pakistan
12752,other,junior,Lahore,PK,chisel_pk,,,PKR,monthly,,,Full Time Javascript Developer Job in Pakistan
12753,other,junior,Bahawalnagar,PK,chisel_pk,,,PKR,monthly,,,Online Full Time Telesales Agents Job in Pakistan
12754,other,junior,Gilgit,PK,chisel_pk,,,PKR,monthly,,,Online Full Time Remote Sales Representative Jobs in Pakistan
12755,other,junior,Karachi,PK,chisel_pk,,,PKR,monthly,,,Full Time Customer Success Represtative Jobs in Pakistan
12756,other,junior,Karachi,PK,chisel_pk,,,PKR,monthly,,,Full Time Marketing Intern Jobs in Pakistan
12757,other,mid,Sialkot,PK,chisel_pk,,,PKR,monthly,,,Full Time Graphic Designer Job in Pakistan
12758,other,junior,Islamabad,PK,chisel_pk,,,PKR,monthly,,,Online Full Time Cyber Security Expert - Remote Job in Pakistan
12759,other,junior,Lahore,PK,chisel_pk,,,PKR,monthly,,,Full Time Senior Android Developer Jobs in Pakistan
12760,other,junior,Lahore,PK,chisel_pk,,,PKR,monthly,,,Full Time International Physics Teacher Jobs in Pakistan
12761,other,junior,Karachi,PK,chisel_pk,,,PKR,monthly,,,Online Full Time Customer Service Representative Jobs in Pakistan
12762,other,junior,Lahore,PK,chisel_pk,,,PKR,monthly,,,Full Time UI/UX Designer / Web Designer Jobs in Pakistan
12763,other,junior,Islamabad,PK,chisel_pk,,,PKR,monthly,,,Online Full Time Unity Developer Job in Pakistan
12764,other,junior,Islamabad,PK,chisel_pk,,,PKR,monthly,,,Online Full Time Senior SEO Spacialist Job in Pakistan
12765,other,junior,Faisalabad,PK,chisel_pk,,,PKR,monthly,,,Full Time Business Executives Jobs in Pakistan
12766,other,junior,Rawalpindi,PK,chisel_pk,,,PKR,monthly,,,Full Time Supervisor Job in Pakistan
12767,other,senior,Lahore,PK,chisel_pk,,,PKR,monthly,,,Online Full Time Technical Product Manager For Iot Job in Pakistan
12768,other,junior,Lahore,PK,chisel_pk,,,PKR,monthly,,,Full Time Android Application Developer Job in Pakistan
12769,other,junior,Rawalpindi,PK,chisel_pk,,,PKR,monthly,,,Full Time Customer Service Representative Jobs in Pakistan
12770,other,junior,Bahawalnagar,PK,chisel_pk,,,PKR,monthly,,,Online Full Time Call Center Agents Jobs in Pakistan
12771,other,mid,Karachi,PK,chisel_pk,,,PKR,monthly,,,Full Time Full Stack Developer Job in Pakistan
12772,other,mid,Lahore,PK,chisel_pk,,,PKR,monthly,,,Full Time Full-Stack Developer Job in Pakistan
12774,other,junior,Karachi,PK,chisel_pk,,,PKR,monthly,,,Online Full Time Data Entry Operator Job in Pakistan
12775,other,mid,Lahore,PK,chisel_pk,,,PKR,monthly,,,Full Time Backend Website Developer Job in Pakistan
12776,other,mid,Lahore,PK,chisel_pk,,,PKR,monthly,,,Full Time Frontend Developer Job in Pakistan
12777,other,junior,Lahore,PK,chisel_pk,,,PKR,monthly,,,Online Full Time Front Desk Officer Job in Pakistan
12778,other,junior,Lahore,PK,chisel_pk,,,PKR,monthly,,,"Full Time Nodejs, Java Script, PHP Mysql Developer Jobs in Pakistan"
12779,other,junior,Lahore,PK,chisel_pk,,,PKR,monthly,,,Full Time Social Media Expert Jobs in Pakistan
12780,other,junior,Multan,PK,chisel_pk,,,PKR,monthly,,,Full Time PHP Codeigniter Developer Jobs in Pakistan
12781,other,junior,Islamabad,PK,chisel_pk,,,PKR,monthly,,,Full Time Marketing Sales Executive Jobs in Pakistan
12782,other,junior,Lahore,PK,chisel_pk,,,PKR,monthly,,,Full Time SEO Content Writer Job in Pakistan
12783,other,mid,Lahore,PK,chisel_pk,,,PKR,monthly,,,Full Time SEO Specialist Job in Pakistan
12785,other,junior,Karachi,PK,chisel_pk,,,PKR,monthly,,,Full Time Japanese Speaker - International Jobs in Pakistan
12786,other,junior,Lahore,PK,chisel_pk,,,PKR,monthly,,,Full Time Senior Web Designer Job in Pakistan
12784,other,mid,Karachi,PK,chisel_pk,,,PKR,monthly,,,Full Time Full Stack Developer Job in Pakistan
12787,other,junior,Karachi,PK,chisel_pk,,,PKR,monthly,,,Full Time Chinese Speaker - International Jobs in Pakistan
12788,other,junior,Karachi,PK,chisel_pk,,,PKR,monthly,,,Full Time Arabic - Email/ Chat Support Executive Jobs in Pakistan
12789,other,junior,Karachi,PK,chisel_pk,,,PKR,monthly,,,Full Time Inbound Sales Specialist - Karachi Jobs in Pakistan
12790,other,junior,Islamabad,PK,chisel_pk,,,PKR,monthly,,,Full Time Customer Support Specialist - International Program Jobs in Pakistan
12791,other,junior,Sialkot,PK,chisel_pk,,,PKR,monthly,,,Full Time Computer Operator Job in Pakistan
12792,other,junior,Lahore,PK,chisel_pk,,,PKR,monthly,,,Online Full Time Sale Agents For Call Center Jobs in Pakistan
12793,other,junior,Karachi,PK,chisel_pk,,,PKR,monthly,,,Online Full Time Social Media Specialist Job in Pakistan
12794,other,junior,Lahore,PK,chisel_pk,,,PKR,monthly,,,Online Full Time Vb.Net And Angular Developer Job in Pakistan
12795,other,junior,Lahore,PK,chisel_pk,,,PKR,monthly,,,Full Time Call Center Agents Jobs in Pakistan
12796,other,senior,Islamabad,PK,chisel_pk,,,PKR,monthly,,,Full Time Full Stack Web Developer - PHP / Javascript Job in Pakistan
12797,other,junior,Multan,PK,chisel_pk,,,PKR,monthly,,,Online Full Time Business Development Manager Job in Pakistan
12798,other,junior,Karachi,PK,chisel_pk,,,PKR,monthly,,,Full Time Client Service Executive Jobs in Pakistan
12799,other,junior,Karachi,PK,chisel_pk,,,PKR,monthly,,,Full Time Angular JS Developer Jobs in Pakistan
12800,other,junior,Karachi,PK,chisel_pk,,,PKR,monthly,,,Full Time Node JS Developer Jobs in Pakistan
12802,other,junior,Karachi,PK,chisel_pk,,,PKR,monthly,,,Online Full Time Sales Representatives Jobs in Pakistan
12803,other,junior,Bahawalpur,PK,chisel_pk,,,PKR,monthly,,,Full Time Software Engineer Jobs in Pakistan
12804,other,junior,Islamabad,PK,chisel_pk,,,PKR,monthly,,,Full Time Video Content Creator/Editor Job in Pakistan
12805,other,senior,Karachi,PK,chisel_pk,,,PKR,monthly,,,Online Full Time Call Center Manager Job in Pakistan
12806,other,mid,Lahore,PK,chisel_pk,,,PKR,monthly,,,Full Time Expert Web Developer Job in Pakistan
12807,other,junior,Karachi,PK,chisel_pk,,,PKR,monthly,,,Full Time Marketing Manager Job in Pakistan
12808,other,junior,Islamabad,PK,chisel_pk,,,PKR,monthly,,,Full Time Online Bidder / Business Development Executive - Upwork Job in Pakistan
12809,other,unknown,Karachi,PK,chisel_pk,,,PKR,monthly,,,Full Time Youtube Vlog Host Job in Pakistan
12810,other,junior,Rawalpindi,PK,chisel_pk,,,PKR,monthly,,,Full Time Network Administration/System Admin - Devops Engineer Job in Pakistan
12811,other,junior,Islamabad,PK,chisel_pk,,,PKR,monthly,,,Full Time Animator - Video Content Creator / Editor + Researcher Job in Pakistan
12812,other,junior,Nankana Sahib,PK,chisel_pk,,,PKR,monthly,,,Full Time Sheep Farm Assistant Job in Pakistan
12813,other,junior,Lahore,PK,chisel_pk,,,PKR,monthly,,,Online Full Time Sales & Marketing Executive Jobs in Pakistan
12814,other,junior,Islamabad,PK,chisel_pk,,,PKR,monthly,,,Full Time Customer Sales Executive Jobs in Pakistan
12815,other,junior,Islamabad,PK,chisel_pk,,,PKR,monthly,,,Online Full Time Talent Acquisition Specialist Jobs in Pakistan
12816,other,junior,Lahore,PK,chisel_pk,,,PKR,monthly,,,Full Time Social Media Marketing Expert Job in Pakistan
12817,other,junior,Lahore,PK,chisel_pk,,,PKR,monthly,,,Full Time Sales And Marketing Executive Job in Pakistan
12818,other,junior,Karachi,PK,chisel_pk,,,PKR,monthly,,,Full Time SEO Expert Jobs in Pakistan
12819,other,junior,Islamabad,PK,chisel_pk,,,PKR,monthly,,,Online Full Time Senior Sales Representative Jobs in Pakistan
12820,other,junior,Lahore,PK,chisel_pk,,,PKR,monthly,,,Full Time Web Developer Jobs in Pakistan
12821,other,junior,Islamabad,PK,chisel_pk,,,PKR,monthly,,,Full Time SEO Jobs in Pakistan
12822,other,junior,Karachi,PK,chisel_pk,,,PKR,monthly,,,Full Time SEO Expert Jobs in Pakistan
12823,other,junior,Karachi,PK,chisel_pk,,,PKR,monthly,,,Full Time Content Writer Jobs in Pakistan
12824,other,junior,Lahore,PK,chisel_pk,,,PKR,monthly,,,Full Time Unity 3D Developer Jobs in Pakistan
12825,other,junior,Karachi,PK,chisel_pk,,,PKR,monthly,,,Full Time Home Nursing Care Jobs in Pakistan
12826,other,junior,Lahore,PK,chisel_pk,,,PKR,monthly,,,Full Time Telemarketing Sales Representatives For Night Shift Job in Pakistan
12828,other,mid,Karachi,PK,chisel_pk,,,PKR,monthly,,,Full Time PHP Programmer / Developer Job in Pakistan
12829,other,mid,Karachi,PK,chisel_pk,,,PKR,monthly,,,Full Time Mechanical Engineer Job in Pakistan
12830,other,mid,Karachi,PK,chisel_pk,,,PKR,monthly,,,Full Time Php & Mob Software Developer Job in Pakistan
12831,other,junior,Abbottabad,PK,chisel_pk,,,PKR,monthly,,,Online Full Time Network Engineer Jobs in Pakistan
12833,other,mid,Lahore,PK,chisel_pk,,,PKR,monthly,,,Full Time Experienced Digital Marketing Manager Job in Pakistan
12834,other,junior,Islamabad,PK,chisel_pk,,,PKR,monthly,,,Full Time Call Centre Sales & Communication Trainer Job in Pakistan
12832,other,mid,Islamabad,PK,chisel_pk,,,PKR,monthly,,,Full Time Customer Support Officer Jobs in Pakistan
12835,other,mid,Burewala,PK,chisel_pk,,,PKR,monthly,,,Full Time Bidding On Freelance Websites (Business Development Executive) Jobs in Pakistan
12836,other,mid,Lahore,PK,chisel_pk,,,PKR,monthly,,,Full Time 3D Game Artist / Game Graphics Designer Job in Pakistan
12837,other,junior,Karachi,PK,chisel_pk,,,PKR,monthly,,,Full Time PHP Laravel / CI Jobs in Pakistan
12838,other,junior,Karachi,PK,chisel_pk,,,PKR,monthly,,,Full Time Front End Developer Jobs in Pakistan
12839,other,junior,Karachi,PK,chisel_pk,,,PKR,monthly,,,Full Time PHP Developer Jobs in Pakistan
12840,other,junior,Lahore,PK,chisel_pk,,,PKR,monthly,,,Full Time Telesales Representative Jobs in Pakistan
12841,other,junior,Islamabad,PK,chisel_pk,,,PKR,monthly,,,Full Time Customer Service Executives Needed For UK Based Company Jobs in Pakistan
12842,other,junior,Islamabad,PK,chisel_pk,,,PKR,monthly,,,Full Time Android Developer Job in Pakistan
12843,other,junior,Islamabad,PK,chisel_pk,,,PKR,monthly,,,Full Time Game Developer Job in Pakistan
12844,other,mid,Lahore,PK,chisel_pk,,,PKR,monthly,,,Full Time Compliance & Money Laundering Officer Job in Pakistan
12845,other,junior,Karachi,PK,chisel_pk,,,PKR,monthly,,,Online Full Time Customer Service Representative - USA - Fluent English Jobs in Pakistan
12846,other,junior,Islamabad,PK,chisel_pk,,,PKR,monthly,,,Full Time Unity Game Developer Jobs in Pakistan
12847,other,junior,Hyderabad,PK,chisel_pk,,,PKR,monthly,,,Full Time Web Developer Internee Jobs - Excellent Learning Environment Jobs in Pakistan
12849,other,junior,Lahore,PK,chisel_pk,,,PKR,monthly,,,Full Time Game Developer - Unity Developer Job in Pakistan
12848,other,junior,Karachi,PK,chisel_pk,,,PKR,monthly,,,Full Time Business Development Executive Jobs in Pakistan
12850,other,junior,Lahore,PK,chisel_pk,,,PKR,monthly,,,Full Time Magento Developer Jobs in Pakistan
12851,other,junior,Islamabad,PK,chisel_pk,,,PKR,monthly,,,Full Time Assistant To Project Manager / Junior Architect Job in Pakistan
12852,other,junior,Islamabad,PK,chisel_pk,,,PKR,monthly,,,Full Time Telesales Representative Job in Pakistan
12853,other,junior,Islamabad,PK,chisel_pk,,,PKR,monthly,,,Full Time Bancassurance Financial Consultant Jobs in Pakistan
12854,other,junior,Lahore,PK,chisel_pk,,,PKR,monthly,,,Full Time Booking Officer Job in Pakistan
12855,other,junior,Lahore,PK,chisel_pk,,,PKR,monthly,,,Full Time Customer Relationship Officer Jobs in Pakistan
12856,other,junior,Lahore,PK,chisel_pk,,,PKR,monthly,,,Full Time Social Media Manager Job in Pakistan
12857,other,junior,Lahore,PK,chisel_pk,,,PKR,monthly,,,Full Time Social Media Expert Job in Pakistan
12858,other,mid,Islamabad,PK,chisel_pk,,,PKR,monthly,,,Full Time Full Stack .Net/Angularjs Developer Job in Pakistan
12859,other,junior,Islamabad,PK,chisel_pk,,,PKR,monthly,,,Full Time VEU .JS Developer Jobs in Pakistan
12860,other,mid,Kohat,PK,chisel_pk,,,PKR,monthly,,,Full Time Web Developer Job in Pakistan
12861,other,junior,Karachi,PK,chisel_pk,,,PKR,monthly,,,"Full Time Event Booking, Management Staff Or Trainee Job in Pakistan"
12862,other,junior,Karachi,PK,chisel_pk,,,PKR,monthly,,,Full Time Intern For Realestate And Online Sales Job in Pakistan
12863,other,junior,Karachi,PK,chisel_pk,,,PKR,monthly,,,Full Time Digital Marketing Job in Pakistan
12864,other,mid,Islamabad,PK,chisel_pk,,,PKR,monthly,,,Full Time Java Developer Job in Pakistan
12865,other,junior,Lahore,PK,chisel_pk,,,PKR,monthly,,,Full Time Graphic Designers Jobs in Pakistan
12866,other,junior,Lahore,PK,chisel_pk,,,PKR,monthly,,,Full Time Sales & Marketing Executive Jobs in Pakistan
12868,other,mid,Islamabad,PK,chisel_pk,,,PKR,monthly,,,Full Time Asp .Net Developer Job in Pakistan
12869,other,junior,Karachi,PK,chisel_pk,,,PKR,monthly,,,Online Full Time Product Specialist Job in Pakistan
12870,other,mid,Rawalpindi,PK,chisel_pk,,,PKR,monthly,,,Full Time Capsule Operator Jobs in Pakistan
12871,other,junior,Faisalabad,PK,chisel_pk,,,PKR,monthly,,,Full Time Website Graphic Designer Job in Pakistan
12872,other,junior,Rawalpindi,PK,chisel_pk,,,PKR,monthly,,,Full Time Packing Girls Jobs in Pakistan
12873,other,mid,Faisalabad,PK,chisel_pk,,,PKR,monthly,,,Full Time Unity Developer Job in Pakistan
12874,other,mid,Lahore,PK,chisel_pk,,,PKR,monthly,,,Full Time Head Chef Job in Pakistan
12876,other,junior,Lahore,PK,chisel_pk,,,PKR,monthly,,,Full Time Freelance SEO Link Builder Intern Job in Pakistan
12877,other,junior,Lahore,PK,chisel_pk,,,PKR,monthly,,,Full Time Call Center Executive Jobs in Pakistan
12878,other,mid,Karachi,PK,chisel_pk,,,PKR,monthly,,,Full Time Executive Assistant To CEO Job in Pakistan
12879,other,junior,Lahore,PK,chisel_pk,,,PKR,monthly,,,Full Time Senior React Native Mobile Application Developer Job in Pakistan
12880,other,junior,Lahore,PK,chisel_pk,,,PKR,monthly,,,Full Time Associate Wordpress Designer & Developer Jobs in Pakistan
12881,other,junior,Rawalpindi,PK,chisel_pk,,,PKR,monthly,,,Online Full Time Team Manager Jobs in Pakistan
12882,other,junior,Islamabad,PK,chisel_pk,,,PKR,monthly,,,Full Time Game Planner Job in Pakistan
12883,other,junior,Islamabad,PK,chisel_pk,,,PKR,monthly,,,Full Time Experienced Android Developer Job in Pakistan
12884,other,junior,Lahore,PK,chisel_pk,,,PKR,monthly,,,Online Full Time Sales Executive Female Jobs in Pakistan
12885,other,junior,Islamabad,PK,chisel_pk,,,PKR,monthly,,,"Full Time Mobile Application Developer (Android, Ios) Jobs in Pakistan"
12886,other,mid,Karachi,PK,chisel_pk,,,PKR,monthly,,,Full Time Market Place Professional To Launch A Campaign From The Foundation Jobs in Pakistan
12887,other,junior,Rawalpindi,PK,chisel_pk,,,PKR,monthly,,,Full Time Junior Accounts Officer Job in Pakistan
12888,other,junior,Lahore,PK,chisel_pk,,,PKR,monthly,,,Full Time Python Developer Job in Pakistan
12889,other,mid,Karachi,PK,chisel_pk,,,PKR,monthly,,,Full Time Audience Host Jobs in Pakistan
12890,other,junior,Lahore,PK,chisel_pk,,,PKR,monthly,,,Full Time Unity Developer Jobs in Pakistan
12891,other,junior,Lahore,PK,chisel_pk,,,PKR,monthly,,,"Full Time CG Artist, Game Designer Jobs in Pakistan"
12892,other,mid,Karachi,PK,chisel_pk,,,PKR,monthly,,,Full Time Senior Java Developer Jobs in Pakistan
12893,other,junior,Lahore,PK,chisel_pk,,,PKR,monthly,,,Full Time Unity Developer Jobs in Pakistan
12894,other,mid,Islamabad,PK,chisel_pk,,,PKR,monthly,,,Full Time Senior React Native Mobile Application Developer 40 Hours Per Week Job in Pakistan
12895,other,junior,Karachi,PK,chisel_pk,,,PKR,monthly,,,Full Time UI / UX Designer Jobs in Pakistan
12896,other,junior,Karachi,PK,chisel_pk,,,PKR,monthly,,,Full Time Customer Service Executive ( Inbound ) Job in Pakistan
12897,other,junior,Islamabad,PK,chisel_pk,,,PKR,monthly,,,Full Time HR Executive Job in Pakistan
12898,other,junior,Islamabad,PK,chisel_pk,,,PKR,monthly,,,Full Time Project Coordinator (Night Shift) Jobs in Pakistan
12899,other,junior,Lahore,PK,chisel_pk,,,PKR,monthly,,,Full Time HR Executive Job in Pakistan
12900,other,junior,Sargodha,PK,chisel_pk,,,PKR,monthly,,,Full Time Office Assistant Job in Pakistan
12901,other,junior,Lahore,PK,chisel_pk,,,PKR,monthly,,,Full Time Office Coordinator Job in Pakistan
12902,other,junior,Islamabad,PK,chisel_pk,,,PKR,monthly,,,Full Time Web Developer Jobs in Pakistan
12903,other,mid,Islamabad,PK,chisel_pk,,,PKR,monthly,,,Full Time Java Software Engineer Job in Pakistan
12904,other,junior,Lahore,PK,chisel_pk,,,PKR,monthly,,,Full Time Senior Dot Net Core API Developer Job in Pakistan
12905,other,junior,Faisalabad,PK,chisel_pk,,,PKR,monthly,,,Online Full Time Telemarketing Job in Pakistan
12906,other,mid,Peshawar,PK,chisel_pk,,,PKR,monthly,,,Full Time PHP Full Stack Web Developer Jobs in Pakistan
12907,other,junior,Karachi,PK,chisel_pk,,,PKR,monthly,,,Full Time Office Assistant Job in Pakistan
12908,other,junior,Islamabad,PK,chisel_pk,,,PKR,monthly,,,Online Full Time Web Developer Job in Pakistan
12909,other,mid,Lahore,PK,chisel_pk,,,PKR,monthly,,,Full Time Project Engineer Job in Pakistan
12910,other,junior,Lahore,PK,chisel_pk,,,PKR,monthly,,,Full Time VB.Net / C# Developer Job in Pakistan
12911,other,junior,Karachi,PK,chisel_pk,,,PKR,monthly,,,Full Time Sales Assistant Jobs in Pakistan
12912,other,junior,Lahore,PK,chisel_pk,,,PKR,monthly,,,Full Time Marketing Manager Jobs in Pakistan
12913,other,junior,Islamabad,PK,chisel_pk,,,PKR,monthly,,,Full Time Unity 3D Developer Job in Pakistan
12914,other,junior,Bahawalpur,PK,chisel_pk,,,PKR,monthly,,,Full Time Customer Sales Officer (CSO) Jobs in Pakistan
12915,other,junior,Lahore,PK,chisel_pk,,,PKR,monthly,,,Online Full Time Online Customer Service & Sales Executive Jobs in Pakistan
12916,other,mid,Islamabad,PK,chisel_pk,,,PKR,monthly,,,Full Time Graphic Designer Job in Pakistan
12917,other,junior,Lahore,PK,chisel_pk,,,PKR,monthly,,,Full Time SEO Expert Jobs in Pakistan
12918,other,junior,Lahore,PK,chisel_pk,,,PKR,monthly,,,Full Time Call Center Agents Jobs in Pakistan
12919,other,junior,Haripur,PK,chisel_pk,,,PKR,monthly,,,Full Time Remittance Officer Jobs in Pakistan
12920,other,junior,Karachi,PK,chisel_pk,,,PKR,monthly,,,Full Time Executive Lubes (Technical) Job in Pakistan
12921,other,junior,Karachi,PK,chisel_pk,,,PKR,monthly,,,Full Time Team Lead-Call Center Jobs in Pakistan
12922,other,junior,Lahore,PK,chisel_pk,,,PKR,monthly,,,Full Time General Manager Sales - Cattle Feed (Wanda) Product Line Job in Pakistan
12923,other,junior,Lahore,PK,chisel_pk,,,PKR,monthly,,,Full Time HR Executive Job in Pakistan
12924,other,mid,Lahore,PK,chisel_pk,,,PKR,monthly,,,Full Time Lead Architecture Developer Job in Pakistan
12925,other,mid,Lahore,PK,chisel_pk,,,PKR,monthly,,,Full Time Senior Full Stack PHP Developer Job in Pakistan
12926,other,mid,Rawalpindi,PK,chisel_pk,,,PKR,monthly,,,Online Full Time Android Application Developers Jobs in Pakistan
12927,other,junior,Lahore,PK,chisel_pk,,,PKR,monthly,,,Full Time Wordpress/CSS Developer Jobs in Pakistan
12928,other,junior,Islamabad,PK,chisel_pk,,,PKR,monthly,,,Full Time Accounts Officer Jobs in Pakistan
12929,other,junior,Islamabad,PK,chisel_pk,,,PKR,monthly,,,Full Time Operation Engineer Jobs in Pakistan
12930,other,mid,Islamabad,PK,chisel_pk,,,PKR,monthly,,,Online Full Time SEO Expert Jobs in Pakistan
12931,other,junior,Islamabad,PK,chisel_pk,,,PKR,monthly,,,Full Time Software Engineer Jobs in Pakistan
12932,other,junior,Lahore,PK,chisel_pk,,,PKR,monthly,,,Full Time Multi Player Unity Developer Jobs in Pakistan
12933,other,junior,Islamabad,PK,chisel_pk,,,PKR,monthly,,,Online Full Time Sales Officer Jobs in Pakistan
12934,other,junior,Lahore,PK,chisel_pk,,,PKR,monthly,,,Online Full Time Telemarketing Executive Jobs in Pakistan
12935,other,junior,Islamabad,PK,chisel_pk,,,PKR,monthly,,,Full Time Receptionist Jobs in Pakistan
12936,other,mid,Sialkot,PK,chisel_pk,,,PKR,monthly,,,Full Time Export Manager Job in Pakistan
12937,other,junior,Lahore,PK,chisel_pk,,,PKR,monthly,,,Full Time Call Center Agents Jobs in Pakistan
12938,other,junior,Rawalpindi,PK,chisel_pk,,,PKR,monthly,,,Full Time Full Stack PHP Developer Job in Pakistan
12939,other,junior,Lahore,PK,chisel_pk,,,PKR,monthly,,,Full Time Car Courier / Driver Jobs in Pakistan
12940,other,mid,Karachi,PK,chisel_pk,,,PKR,monthly,,,Full Time PHP And Mob Developer Job in Pakistan
12941,other,junior,Karachi,PK,chisel_pk,,,PKR,monthly,,,Full Time Juniors Tax Consultants (Karachi) Job in Pakistan
12942,other,mid,Lahore,PK,chisel_pk,,,PKR,monthly,,,Full Time Sr. Front End Developer (REACT) Job in Pakistan
12943,other,mid,Lahore,PK,chisel_pk,,,PKR,monthly,,,Full Time Sr. Django Developer Job in Pakistan
12944,other,junior,Lahore,PK,chisel_pk,,,PKR,monthly,,,Full Time Marketing Officer Jobs in Pakistan
12945,other,junior,Rawalpindi,PK,chisel_pk,,,PKR,monthly,,,Online Full Time HR Assistant Job in Pakistan
12946,other,junior,Karachi,PK,chisel_pk,,,PKR,monthly,,,Full Time Call Center Floor Manager Job in Pakistan
12947,other,junior,Karachi,PK,chisel_pk,,,PKR,monthly,,,Full Time Content Writer And Email/Social Media Marketing Executive Jobs in Pakistan
12948,other,junior,Islamabad,PK,chisel_pk,,,PKR,monthly,,,Full Time Phone Call Operator Internship Leading To Job Job in Pakistan
12949,other,junior,Islamabad,PK,chisel_pk,,,PKR,monthly,,,Full Time Data Entry Internship Leading To Job Job in Pakistan
12950,other,junior,Islamabad,PK,chisel_pk,,,PKR,monthly,,,Full Time SEO Internship Leading To Job Job in Pakistan
12951,other,junior,Islamabad,PK,chisel_pk,,,PKR,monthly,,,Full Time Content Writer Internship Leading To Job Job in Pakistan
12952,other,junior,Islamabad,PK,chisel_pk,,,PKR,monthly,,,Full Time Graphic Designer Internship Leading To Job Job in Pakistan
12953,other,junior,Lahore,PK,chisel_pk,,,PKR,monthly,,,Full Time Call Center Executive Jobs in Pakistan
12954,other,junior,Islamabad,PK,chisel_pk,,,PKR,monthly,,,Full Time UI/UX Game Graphics Designer (2D/3D ) Jobs in Pakistan
12955,other,junior,Lahore,PK,chisel_pk,,,PKR,monthly,,,Full Time Fresh 3D Artist / 3D Modeler Jobs in Pakistan
12956,other,mid,Lahore,PK,chisel_pk,,,PKR,monthly,,,Full Time Digital Media Advertising Job in Pakistan
12957,other,unknown,Karachi,PK,chisel_pk,,,PKR,monthly,,,Full Time Call Center Agent Jobs in Pakistan
12958,other,junior,Karachi,PK,chisel_pk,,,PKR,monthly,,,Full Time Graphic Designer Jobs in Pakistan
12959,other,junior,Karachi,PK,chisel_pk,,,PKR,monthly,,,Full Time SQA & Support Engineer Job in Pakistan
12960,other,mid,Rawalpindi,PK,chisel_pk,,,PKR,monthly,,,Full Time Unity Developer Job in Pakistan
12962,other,mid,Islamabad,PK,chisel_pk,,,PKR,monthly,,,Full Time Graphic Designer (3D) Job in Pakistan
12963,other,junior,Bahawalpur,PK,chisel_pk,,,PKR,monthly,,,Full Time Content Writer - Remote Job Job in Pakistan
12961,other,junior,Rawalpindi,PK,chisel_pk,,,PKR,monthly,,,Full Time Digital Marketing/ASO Jobs in Pakistan
12964,other,unknown,Abbottabad,PK,chisel_pk,,,PKR,monthly,,,Full Time Freelance Online Bidder Jobs in Pakistan
12965,other,junior,Islamabad,PK,chisel_pk,,,PKR,monthly,,,Full Time Phlebotomist Jobs in Pakistan
12966,other,junior,Karachi,PK,chisel_pk,,,PKR,monthly,,,Online Full Time Call Center Agent Jobs in Pakistan
12967,other,junior,Karachi,PK,chisel_pk,,,PKR,monthly,,,Full Time Representative Jobs in Pakistan
12968,other,junior,Islamabad,PK,chisel_pk,,,PKR,monthly,,,Full Time Sales & Marketing Executives Jobs in Pakistan
12969,other,mid,Karachi,PK,chisel_pk,,,PKR,monthly,,,Full Time Senior Full Stack Developer Job in Pakistan
12970,other,junior,Islamabad,PK,chisel_pk,,,PKR,monthly,,,Full Time PHP/SQL Developer (Bahria Town RWP) Jobs in Pakistan
12971,other,junior,Islamabad,PK,chisel_pk,,,PKR,monthly,,,Full Time Sales Person Job in Pakistan
12972,other,unknown,Karachi,PK,chisel_pk,,,PKR,monthly,,,Full Time Call Center Agent Jobs in Pakistan
12973,other,junior,Karachi,PK,chisel_pk,,,PKR,monthly,,,Full Time Web Designer Job in Pakistan
12974,other,junior,Karachi,PK,chisel_pk,,,PKR,monthly,,,Full Time Admin Assistant Job in Pakistan
12975,other,junior,Karachi,PK,chisel_pk,,,PKR,monthly,,,Full Time Digital Marketing Executive (Outdoor) Job in Pakistan
12976,other,junior,Karachi,PK,chisel_pk,,,PKR,monthly,,,Full Time Digital Marketing Trainees / Internees Job in Pakistan
12977,other,junior,Karachi,PK,chisel_pk,,,PKR,monthly,,,Full Time Officc Boy / Helper / Worker Job in Pakistan
12978,other,junior,Islamabad,PK,chisel_pk,,,PKR,monthly,,,Full Time Online Bidder/ Business Development Officer Jobs in Pakistan
12979,other,mid,Lahore,PK,chisel_pk,,,PKR,monthly,,,Full Time GM Operations Job in Pakistan
12980,other,junior,Lahore,PK,chisel_pk,,,PKR,monthly,,,Full Time SEO/Digital Marketing Specialist Jobs in Pakistan
12981,other,junior,Karachi,PK,chisel_pk,,,PKR,monthly,,,Full Time PHP Developer Job in Pakistan
12982,other,junior,Karachi,PK,chisel_pk,,,PKR,monthly,,,"Full Time Graphic Designer - Photoshop, Illustrator Job in Pakistan"
12983,other,junior,Gujranwala,PK,chisel_pk,,,PKR,monthly,,,Full Time Project Execution Coordinator Jobs in Pakistan
12984,other,junior,Karachi,PK,chisel_pk,,,PKR,monthly,,,Full Time PHP Developer Job in Pakistan
12985,other,mid,Rahim Yar Khan,PK,chisel_pk,,,PKR,monthly,,,Full Time Senior Management Accountant Job in Pakistan
12986,other,mid,Islamabad,PK,chisel_pk,,,PKR,monthly,,,Full Time Android Apps Developer Jobs in Pakistan
12987,other,junior,Lahore,PK,chisel_pk,,,PKR,monthly,,,Full Time HR Officer Job in Pakistan
12988,other,junior,Islamabad,PK,chisel_pk,,,PKR,monthly,,,Full Time Computer Operator Jobs in Pakistan
12989,other,junior,Islamabad,PK,chisel_pk,,,PKR,monthly,,,Full Time Google Adwords / PPC Expert Job in Pakistan
12990,other,junior,Bahawalnagar,PK,chisel_pk,,,PKR,monthly,,,Full Time Territory Sales Executives Jobs in Pakistan
12991,other,junior,Lahore,PK,chisel_pk,,,PKR,monthly,,,Full Time Intermediate Laravel Developer 40-60K Salary Job in Pakistan
12992,other,junior,Lahore,PK,chisel_pk,,,PKR,monthly,,,Full Time Customer Service Representative Jobs in Pakistan
12993,other,mid,Lahore,PK,chisel_pk,,,PKR,monthly,,,Full Time SAP Functional FICO Consultant Job in Pakistan
12994,other,junior,Lahore,PK,chisel_pk,,,PKR,monthly,,,Full Time Social Media Executive/Manager Job in Pakistan
12995,other,junior,Lahore,PK,chisel_pk,,,PKR,monthly,,,Full Time Production Pharmacist Jobs in Pakistan
12996,other,junior,Islamabad,PK,chisel_pk,,,PKR,monthly,,,Full Time Web Designer Job in Pakistan
12997,other,mid,Shikarpur,PK,chisel_pk,,,PKR,monthly,,,Full Time Emergency Medical Technicians - For SHIKARPUR SITE (5 MONTHS) Job in Pakistan
12998,other,unknown,Karachi,PK,chisel_pk,,,PKR,monthly,,,Full Time Graphics Designer Job in Pakistan
12999,other,mid,Karachi,PK,chisel_pk,,,PKR,monthly,,,Full Time Digital Marketing Specialist Job in Pakistan
13000,other,mid,Islamabad,PK,chisel_pk,,,PKR,monthly,,,Full Time Ladies Saloon Manager With Hair Dressing Skills Job in Pakistan
13001,other,mid,Karachi,PK,chisel_pk,,,PKR,monthly,,,Full Time Senior PHP Prestashop Developer Job in Pakistan
13002,other,junior,Lahore,PK,chisel_pk,,,PKR,monthly,,,Full Time Call Center Job Opportunity - International Project Jobs in Pakistan
13003,other,junior,Karachi,PK,chisel_pk,,,PKR,monthly,,,Full Time Sales Intern Job in Pakistan
13004,other,junior,Karachi,PK,chisel_pk,,,PKR,monthly,,,Full Time Sales And Marketing Intern Jobs in Pakistan
13005,other,junior,Karachi,PK,chisel_pk,,,PKR,monthly,,,Full Time Sr. PHP & Wordpress Developer Job in Pakistan
13006,other,junior,Lahore,PK,chisel_pk,,,PKR,monthly,,,Full Time Software Developer / Web Developer Job in Pakistan
13007,other,mid,Karachi,PK,chisel_pk,,,PKR,monthly,,,Full Time Rider Job in Pakistan
13008,other,mid,Islamabad,PK,chisel_pk,,,PKR,monthly,,,Online Full Time Digital Media Expert & Search Engine Optimizer Job in Pakistan
13009,other,mid,Islamabad,PK,chisel_pk,,,PKR,monthly,,,Full Time Rider Job in Pakistan
13010,other,junior,Islamabad,PK,chisel_pk,,,PKR,monthly,,,Full Time Ios Developer Job in Pakistan
13011,other,junior,Islamabad,PK,chisel_pk,,,PKR,monthly,,,Full Time Android Developer Job in Pakistan
13012,other,junior,Islamabad,PK,chisel_pk,,,PKR,monthly,,,Full Time Full Stack Web Developer Job in Pakistan
13013,other,mid,Islamabad,PK,chisel_pk,,,PKR,monthly,,,Full Time Graphic Designer Digital And Social Media Marketing Specialist Job in Pakistan
13014,other,mid,Karachi,PK,chisel_pk,,,PKR,monthly,,,Full Time Senior Technical Recruiter Job in Pakistan
13015,other,junior,Lahore,PK,chisel_pk,,,PKR,monthly,,,Full Time Game Developer Jobs in Pakistan
13016,other,junior,Lahore,PK,chisel_pk,,,PKR,monthly,,,Full Time Business Development Executive - Software Services US/European Job in Pakistan
13017,other,junior,Islamabad,PK,chisel_pk,,,PKR,monthly,,,Full Time Content Writer Job in Pakistan
13018,other,junior,Faisalabad,PK,chisel_pk,,,PKR,monthly,,,Full Time Junior Node JS Developer Job in Pakistan
13019,other,junior,Islamabad,PK,chisel_pk,,,PKR,monthly,,,Full Time Node.Js Developer Job in Pakistan
13020,other,junior,Faisalabad,PK,chisel_pk,,,PKR,monthly,,,Full Time Business Development Executive - BDE Jobs in Pakistan
13021,other,junior,Khanewal,PK,chisel_pk,,,PKR,monthly,,,Full Time Website Designer & Developers Jobs in Pakistan
13022,financial_analyst,mid,Islamabad,PK,chisel_pk,,,PKR,monthly,,,Full Time Financial Analyst Jobs in Pakistan
13023,other,junior,Karachi,PK,chisel_pk,,,PKR,monthly,,,Online Full Time International Business Development Executive Jobs in Pakistan
13024,other,mid,Lahore,PK,chisel_pk,,,PKR,monthly,,,Full Time Store Officer Job in Pakistan
13026,other,mid,Karachi,PK,chisel_pk,,,PKR,monthly,,,Online Full Time Project Sales Manager Jobs in Pakistan
13027,other,mid,Lahore,PK,chisel_pk,,,PKR,monthly,,,Full Time Cook Job in Pakistan
13028,other,mid,Karachi,PK,chisel_pk,,,PKR,monthly,,,Full Time Salesforce Consultant / Software Developer Jobs in Pakistan
13029,other,junior,Karachi,PK,chisel_pk,,,PKR,monthly,,,Full Time Business Development Manager Job in Pakistan
13030,other,mid,Karachi,PK,chisel_pk,,,PKR,monthly,,,Full Time Senior Dot Net Developer Jobs in Pakistan
13031,other,mid,Islamabad,PK,chisel_pk,,,PKR,monthly,,,Full Time Senior Accountant Job in Pakistan
13032,other,junior,Lahore,PK,chisel_pk,,,PKR,monthly,,,Full Time Accountant Job in Pakistan
13033,other,mid,Islamabad,PK,chisel_pk,,,PKR,monthly,,,Full Time Assistant Manager Accounts Job in Pakistan
13034,other,junior,Islamabad,PK,chisel_pk,,,PKR,monthly,,,Full Time Senior Customer Sale Representative Jobs in Pakistan
13035,other,junior,Islamabad,PK,chisel_pk,,,PKR,monthly,,,Full Time Marketing Expert Job in Pakistan
13036,other,junior,Karachi,PK,chisel_pk,,,PKR,monthly,,,Full Time Waiter Jobs in Pakistan
13037,other,junior,Karachi,PK,chisel_pk,,,PKR,monthly,,,Full Time Receptionist Jobs in Pakistan
13038,other,junior,Karachi,PK,chisel_pk,,,PKR,monthly,,,Full Time Doctor General Physician (Hyderabad) Jobs in Pakistan
13039,other,junior,Karachi,PK,chisel_pk,,,PKR,monthly,,,Full Time Registered Nurses Job in Pakistan
13040,other,mid,Hyderabad,PK,chisel_pk,,,PKR,monthly,,,Full Time Internal Auditor Jobs in Pakistan
13041,other,mid,Hyderabad,PK,chisel_pk,,,PKR,monthly,,,Full Time Hospital Administrator Jobs in Pakistan
13042,other,mid,Islamabad,PK,chisel_pk,,,PKR,monthly,,,Full Time HR Manager Job in Pakistan
13043,other,junior,Lahore,PK,chisel_pk,,,PKR,monthly,,,Full Time BS(Electrical/Electronics) Job in Pakistan
13044,other,junior,Karachi,PK,chisel_pk,,,PKR,monthly,,,Full Time Graphic Desinger - Internee Job in Pakistan
13045,other,junior,Islamabad,PK,chisel_pk,,,PKR,monthly,,,Full Time PHP Developer Job in Pakistan
13046,other,mid,Karachi,PK,chisel_pk,,,PKR,monthly,,,Online Full Time CISCO Engineer Jobs in Pakistan
13047,product_analyst,unknown,Islamabad,PK,chisel_pk,,,PKR,monthly,,,Full Time Product Analyst Job in Pakistan
13048,other,junior,Lahore,PK,chisel_pk,,,PKR,monthly,,,Full Time Front End Developer / HTML Developer Jobs in Pakistan
13049,other,junior,Islamabad,PK,chisel_pk,,,PKR,monthly,,,Full Time Marketing Manager And Marketing Executive Jobs in Pakistan
13050,other,mid,Lahore,PK,chisel_pk,,,PKR,monthly,,,Full Time Dot Net MVC Developer Jobs in Pakistan
13051,other,junior,Lahore,PK,chisel_pk,,,PKR,monthly,,,Full Time React Native Developer Jobs in Pakistan
13052,other,unknown,Karachi,PK,chisel_pk,,,PKR,monthly,,,Full Time Call Center Agent Jobs in Pakistan
13053,other,junior,Islamabad,PK,chisel_pk,,,PKR,monthly,,,Full Time 3D Modeller / Animator Job in Pakistan
13054,other,junior,Islamabad,PK,chisel_pk,,,PKR,monthly,,,Full Time Python Developer / Trainer Jobs in Pakistan
13055,other,junior,Islamabad,PK,chisel_pk,,,PKR,monthly,,,Full Time Web Developer / Trainer Jobs in Pakistan
13056,other,junior,Islamabad,PK,chisel_pk,,,PKR,monthly,,,Full Time Android Developer / Trainer Jobs in Pakistan
13058,other,junior,Abbottabad,PK,chisel_pk,,,PKR,monthly,,,Online Full Time E-Commerce / Amazon / Ebay Store Manager Job in Pakistan
13057,other,mid,Islamabad,PK,chisel_pk,,,PKR,monthly,,,Full Time Finance Executive Jobs in Pakistan
13059,other,junior,Multan,PK,chisel_pk,,,PKR,monthly,,,Full Time Academic Writer Jobs in Pakistan
13060,other,mid,Lahore,PK,chisel_pk,,,PKR,monthly,,,Full Time Senior Web Developer Job in Pakistan
13061,other,mid,Lahore,PK,chisel_pk,,,PKR,monthly,,,Full Time React Native Developer Job in Pakistan
13062,other,mid,Lahore,PK,chisel_pk,,,PKR,monthly,,,Full Time Project Manager Job in Pakistan
13063,other,junior,Karachi,PK,chisel_pk,,,PKR,monthly,,,Full Time Doctor Job in Pakistan
13064,other,junior,Karachi,PK,chisel_pk,,,PKR,monthly,,,Full Time Registered Nurses Jobs in Pakistan
13065,other,junior,Karachi,PK,chisel_pk,,,PKR,monthly,,,Full Time Content Writer Job in Pakistan
13066,other,mid,Karachi,PK,chisel_pk,,,PKR,monthly,,,Full Time Backend Developer Job in Pakistan
13067,other,junior,Karachi,PK,chisel_pk,,,PKR,monthly,,,Full Time Peads Doctors Job in Pakistan
13068,other,junior,Sialkot,PK,chisel_pk,,,PKR,monthly,,,Full Time Adviser Financial Services / Assistant Branch Manager Jobs in Pakistan
13069,other,mid,Lahore,PK,chisel_pk,,,PKR,monthly,,,Full Time Senior Unity Developer (Programmer) Job in Pakistan
13070,other,junior,Karachi,PK,chisel_pk,,,PKR,monthly,,,Full Time Business Development Executive Job in Pakistan
13072,other,junior,Islamabad,PK,chisel_pk,,,PKR,monthly,,,Full Time Industrial Designer (Production) Job in Pakistan
13073,other,junior,Islamabad,PK,chisel_pk,,,PKR,monthly,,,Full Time Marketing Officer Jobs in Pakistan
13074,other,junior,Karachi,PK,chisel_pk,,,PKR,monthly,,,Full Time Sales Officer (Night Shift) Jobs in Pakistan
13075,other,junior,Islamabad,PK,chisel_pk,,,PKR,monthly,,,Full Time Human Resource Manager Job in Pakistan
13076,other,junior,Lahore,PK,chisel_pk,,,PKR,monthly,,,Full Time Marketing Executive - Remote Night Shift Jobs in Pakistan
13077,other,junior,Lahore,PK,chisel_pk,,,PKR,monthly,,,Full Time SEO/Web Designer Jobs in Pakistan
13078,other,junior,Islamabad,PK,chisel_pk,,,PKR,monthly,,,Full Time Marketing Job in Pakistan
13079,other,junior,Lahore,PK,chisel_pk,,,PKR,monthly,,,Full Time Junior IOS Developer Job in Pakistan
13080,other,senior,Lahore,PK,chisel_pk,,,PKR,monthly,,,Full Time Senior .Net Developer Job in Pakistan
13081,other,mid,Islamabad,PK,chisel_pk,,,PKR,monthly,,,Full Time Senior UX/UI Designer Job in Pakistan
13082,other,junior,Islamabad,PK,chisel_pk,,,PKR,monthly,,,Full Time Junior UX/UI Designer Job in Pakistan
13083,other,junior,Lahore,PK,chisel_pk,,,PKR,monthly,,,Full Time Admin Assistant (Online) Job in Pakistan
13084,other,junior,Islamabad,PK,chisel_pk,,,PKR,monthly,,,Full Time UI / UX & Brand Designer Job in Pakistan
13085,other,junior,Lahore,PK,chisel_pk,,,PKR,monthly,,,Full Time Web Designer Job in Pakistan
13086,other,junior,Karachi,PK,chisel_pk,,,PKR,monthly,,,Full Time Content Writer Job in Pakistan
13087,other,junior,Lahore,PK,chisel_pk,,,PKR,monthly,,,Full Time Android Developer Job in Pakistan
13088,other,junior,Lahore,PK,chisel_pk,,,PKR,monthly,,,Full Time Sr. IOS Developer Jobs in Pakistan
13089,other,junior,Lahore,PK,chisel_pk,,,PKR,monthly,,,Full Time DOT Net Developer Jobs in Pakistan
13090,other,junior,Lahore,PK,chisel_pk,,,PKR,monthly,,,Full Time PHP Developer Jobs in Pakistan
13091,other,junior,Islamabad,PK,chisel_pk,,,PKR,monthly,,,Full Time Sales And Marketing Officer Jobs in Pakistan
13092,other,junior,Karachi,PK,chisel_pk,,,PKR,monthly,,,Full Time CNC Milling Operator Jobs in Pakistan
13093,other,junior,Karachi,PK,chisel_pk,,,PKR,monthly,,,Full Time CNC Milling Programmer Jobs in Pakistan
13094,other,junior,Islamabad,PK,chisel_pk,,,PKR,monthly,,,Full Time UI/UX Designer Job in Pakistan
13095,other,junior,Lahore,PK,chisel_pk,,,PKR,monthly,,,Full Time Travel Consultant / Customer Sales Representative Jobs in Pakistan
13096,other,junior,Islamabad,PK,chisel_pk,,,PKR,monthly,,,Full Time Full Stack Developer Required Job in Pakistan
13097,other,junior,Lahore,PK,chisel_pk,,,PKR,monthly,,,Full Time Content Writer Job in Pakistan
13098,other,junior,Lahore,PK,chisel_pk,,,PKR,monthly,,,Full Time Business Development Manager Job in Pakistan
13099,other,mid,Lahore,PK,chisel_pk,,,PKR,monthly,,,Full Time Digital Project Manager Job in Pakistan
13100,other,junior,Lahore,PK,chisel_pk,,,PKR,monthly,,,Online Full Time Travel Consultant Jobs in Pakistan
13101,other,junior,Lahore,PK,chisel_pk,,,PKR,monthly,,,Full Time Security Supervisor Job in Pakistan
13102,other,junior,Islamabad,PK,chisel_pk,,,PKR,monthly,,,Full Time Sales & Marketing Executive Job in Pakistan
13103,other,mid,Sialkot,PK,chisel_pk,,,PKR,monthly,,,Full Time Graphic Designer Job in Pakistan
13104,other,junior,Lahore,PK,chisel_pk,,,PKR,monthly,,,Full Time Call Center Executive Job in Pakistan
13105,other,mid,Karachi,PK,chisel_pk,,,PKR,monthly,,,Full Time Finance Officer Jobs in Pakistan
13106,other,junior,Lahore,PK,chisel_pk,,,PKR,monthly,,,Full Time C# / .Net Developer Jobs in Pakistan
13107,other,junior,Lahore,PK,chisel_pk,,,PKR,monthly,,,Full Time Search & Data Entry Officer Job in Pakistan
13108,other,junior,Islamabad,PK,chisel_pk,,,PKR,monthly,,,Full Time Software Engineer Jobs in Pakistan
13109,other,junior,Islamabad,PK,chisel_pk,,,PKR,monthly,,,Full Time C++ Programmer Job in Pakistan
13110,other,junior,Islamabad,PK,chisel_pk,,,PKR,monthly,,,Full Time UI/UX Designer Jobs in Pakistan
13111,other,junior,Lahore,PK,chisel_pk,,,PKR,monthly,,,Full Time Customer Services UK/US (Fluent English Speakers) Jobs in Pakistan
13112,other,junior,Islamabad,PK,chisel_pk,,,PKR,monthly,,,Full Time Jr Unity Developer Job in Pakistan
13113,other,mid,Karachi,PK,chisel_pk,,,PKR,monthly,,,Full Time Internal Audit And Taxation Expert Job in Pakistan
13114,other,junior,Karachi,PK,chisel_pk,,,PKR,monthly,,,Full Time Sales Executive Jobs in Pakistan
13115,other,junior,Islamabad,PK,chisel_pk,,,PKR,monthly,,,Full Time Programme Administrative And Finance Assistant (PAFA) Job in Pakistan
13116,other,junior,Gujranwala,PK,chisel_pk,,,PKR,monthly,,,Online Full Time Call Centre Agents Jobs in Pakistan
13117,other,junior,Lahore,PK,chisel_pk,,,PKR,monthly,,,Full Time Senior Web Designer Job in Pakistan
13118,other,junior,Islamabad,PK,chisel_pk,,,PKR,monthly,,,Online Full Time Telemarketing Sales Representatives Jobs in Pakistan
13119,other,junior,Lahore,PK,chisel_pk,,,PKR,monthly,,,Online Full Time Assistant Sales Manager Job in Pakistan
13120,other,junior,Lahore,PK,chisel_pk,,,PKR,monthly,,,Full Time Recruitment Researcher Job in Pakistan
13121,other,junior,Lahore,PK,chisel_pk,,,PKR,monthly,,,Full Time Telesales Representative (USA Campaign) Jobs in Pakistan
13122,other,junior,Faisalabad,PK,chisel_pk,,,PKR,monthly,,,Online Full Time Youtube Videos Transcriber - Virtual Assistant - Home Based Job in Pakistan
13123,other,junior,Lahore,PK,chisel_pk,,,PKR,monthly,,,Full Time Internship Jobs in Pakistan
13124,other,junior,Karachi,PK,chisel_pk,,,PKR,monthly,,,Online Full Time Computer Software Accountant Job in Pakistan
13125,other,junior,Karachi,PK,chisel_pk,,,PKR,monthly,,,Full Time Product Coordinator (IT) Jobs in Pakistan
13126,other,mid,Karachi,PK,chisel_pk,,,PKR,monthly,,,Full Time Sales & Marketing Officer / Executive Job in Pakistan
13127,other,junior,Karachi,PK,chisel_pk,,,PKR,monthly,,,Full Time Business Process Associates Jobs in Pakistan
13128,other,junior,Karachi,PK,chisel_pk,,,PKR,monthly,,,Full Time Mern Stack Developer Jobs in Pakistan
13129,other,junior,Rawalpindi,PK,chisel_pk,,,PKR,monthly,,,Full Time Salesman Job in Pakistan
13130,other,senior,Lahore,PK,chisel_pk,,,PKR,monthly,,,Full Time Regional Sales Manager Job in Pakistan
13131,other,junior,Karachi,PK,chisel_pk,,,PKR,monthly,,,Full Time Administration Executive Job in Pakistan
13132,other,junior,Karachi,PK,chisel_pk,,,PKR,monthly,,,Full Time Jr. IOS App Developer Job in Pakistan
13133,other,junior,Karachi,PK,chisel_pk,,,PKR,monthly,,,Full Time Sr. Web Developer Job in Pakistan
13134,other,senior,Karachi,PK,chisel_pk,,,PKR,monthly,,,Full Time Head Of Department - Information Technology Job in Pakistan
13135,data_scientist,senior,Lahore,PK,chisel_pk,,,PKR,monthly,,,Full Time Chief Data Scientist Job in Pakistan
13136,other,junior,Karachi,PK,chisel_pk,,,PKR,monthly,,,Full Time PHP Developer Job in Pakistan
13137,other,mid,Islamabad,PK,chisel_pk,,,PKR,monthly,,,Full Time UX Designer Jobs in Pakistan
13138,other,junior,Lahore,PK,chisel_pk,,,PKR,monthly,,,Full Time Marketing Assistant Job in Pakistan
13139,other,junior,Islamabad,PK,chisel_pk,,,PKR,monthly,,,Full Time Telesales Representative Jobs in Pakistan
13140,other,junior,Islamabad,PK,chisel_pk,,,PKR,monthly,,,Full Time Receptionist Job in Pakistan
13141,other,mid,Islamabad,PK,chisel_pk,,,PKR,monthly,,,Full Time Digital Marketing Expert Jobs in Pakistan
13142,other,junior,Lahore,PK,chisel_pk,,,PKR,monthly,,,Full Time HR Assistant Job in Pakistan
13143,other,junior,Karachi,PK,chisel_pk,,,PKR,monthly,,,Full Time Android Developer Job in Pakistan
13144,other,unknown,Karachi,PK,chisel_pk,,,PKR,monthly,,,Full Time Chinese Speaker Jobs in Pakistan
13145,other,junior,Lahore,PK,chisel_pk,,,PKR,monthly,,,Full Time PHP & Word-Press Developer Jobs in Pakistan
13146,other,junior,Karachi,PK,chisel_pk,,,PKR,monthly,,,Full Time Technical Content Writer Job in Pakistan
13147,other,junior,Karachi,PK,chisel_pk,,,PKR,monthly,,,Full Time Sales Specialist - International Jobs in Pakistan
13148,other,junior,Lahore,PK,chisel_pk,,,PKR,monthly,,,Full Time Bidding Manager Jobs in Pakistan
13149,other,junior,Lahore,PK,chisel_pk,,,PKR,monthly,,,Full Time Android Intern Jobs in Pakistan
13150,other,junior,Lahore,PK,chisel_pk,,,PKR,monthly,,,Full Time 3D Artist Jobs in Pakistan
13151,other,junior,Islamabad,PK,chisel_pk,,,PKR,monthly,,,Full Time Internship In Microsoft Dynamics 365 Job in Pakistan
13152,other,junior,Lahore,PK,chisel_pk,,,PKR,monthly,,,Full Time Unity Developer Jobs in Pakistan
13153,other,unknown,Karachi,PK,chisel_pk,,,PKR,monthly,,,Full Time Bengali Speaker Jobs in Pakistan
13154,other,unknown,Lahore,PK,chisel_pk,,,PKR,monthly,,,Full Time Call Center Sales Executive Jobs in Pakistan
13155,other,junior,Lahore,PK,chisel_pk,,,PKR,monthly,,,Full Time Communication Management - Intern Job in Pakistan
13156,other,junior,Lahore,PK,chisel_pk,,,PKR,monthly,,,Full Time Communication Coordinator Job in Pakistan
13157,other,junior,Lahore,PK,chisel_pk,,,PKR,monthly,,,Full Time Salesforce Developer / Administrator Job in Pakistan
13158,other,junior,Lahore,PK,chisel_pk,,,PKR,monthly,,,Full Time Salesforce Developer Jobs in Pakistan
13159,other,junior,Lahore,PK,chisel_pk,,,PKR,monthly,,,Full Time SEO Expert Jobs in Pakistan
13160,other,junior,Karachi,PK,chisel_pk,,,PKR,monthly,,,Online Full Time Outdoor Executive / Office Boy Job in Pakistan
13161,other,junior,Lahore,PK,chisel_pk,,,PKR,monthly,,,Full Time Call Center Agents Jobs in Pakistan
13162,other,junior,Rawalpindi,PK,chisel_pk,,,PKR,monthly,,,Full Time Customer Sales Representative Jobs in Pakistan
13163,other,junior,Lahore,PK,chisel_pk,,,PKR,monthly,,,Full Time Paratha Karigar Job in Pakistan
13164,other,junior,Lahore,PK,chisel_pk,,,PKR,monthly,,,Full Time Unity Game Developer Job in Pakistan
13165,other,junior,Islamabad,PK,chisel_pk,,,PKR,monthly,,,Full Time Software Engineer - ASP.NET / MVC Job in Pakistan
13166,other,junior,Lahore,PK,chisel_pk,,,PKR,monthly,,,Full Time Content/Article Writer Job in Pakistan
13167,other,junior,Karachi,PK,chisel_pk,,,PKR,monthly,,,Full Time Industry Liaison Executive Jobs in Pakistan
13168,other,junior,Karachi,PK,chisel_pk,,,PKR,monthly,,,Full Time UI/Front-End Developer Job in Pakistan
13169,other,mid,Karachi,PK,chisel_pk,,,PKR,monthly,,,Full Time Marketing Executive Jobs in Pakistan
13170,other,junior,Karachi,PK,chisel_pk,,,PKR,monthly,,,Full Time Assistant Executive Job in Pakistan
13171,other,junior,Karachi,PK,chisel_pk,,,PKR,monthly,,,Full Time Graphic Designer Jobs in Pakistan
13172,other,junior,Karachi,PK,chisel_pk,,,PKR,monthly,,,Full Time Accounts Supervisor Jobs in Pakistan
13173,other,junior,Lahore,PK,chisel_pk,,,PKR,monthly,,,Full Time Accountant Job in Pakistan
13174,other,mid,Lahore,PK,chisel_pk,,,PKR,monthly,,,Full Time Sr. Ios Developer Jobs in Pakistan
13175,other,junior,Lahore,PK,chisel_pk,,,PKR,monthly,,,Online Full Time Corporate Business Solutions Executive Jobs in Pakistan
13176,other,junior,Lahore,PK,chisel_pk,,,PKR,monthly,,,Full Time Pharmacist Jobs in Pakistan
13177,other,junior,Islamabad,PK,chisel_pk,,,PKR,monthly,,,Full Time UI / UX Graphic Designer Job in Pakistan
13178,other,junior,Karachi,PK,chisel_pk,,,PKR,monthly,,,Full Time Corporate Business / Lawyer Job in Pakistan
13179,other,junior,Karachi,PK,chisel_pk,,,PKR,monthly,,,Full Time Accountant Job in Pakistan
13180,other,junior,Karachi,PK,chisel_pk,,,PKR,monthly,,,Full Time Customer Service Officer Job in Pakistan
13181,other,junior,Abbottabad,PK,chisel_pk,,,PKR,monthly,,,Full Time Customer Service Associate Jobs in Pakistan
13182,other,junior,Rawalpindi,PK,chisel_pk,,,PKR,monthly,,,Full Time Office Assistant Jobs in Pakistan
13183,other,mid,Lahore,PK,chisel_pk,,,PKR,monthly,,,Full Time SEO Expert Job in Pakistan
13184,other,junior,Karachi,PK,chisel_pk,,,PKR,monthly,,,Full Time Content Writing Intern Job in Pakistan
13185,other,junior,Karachi,PK,chisel_pk,,,PKR,monthly,,,Full Time SEO Content Writer Job in Pakistan
13188,other,junior,Lahore,PK,chisel_pk,,,PKR,monthly,,,Full Time English Language Instructor Job in Pakistan
13186,other,junior,Lahore,PK,chisel_pk,,,PKR,monthly,,,Full Time Autocad Designer Job in Pakistan
13189,other,mid,Lahore,PK,chisel_pk,,,PKR,monthly,,,Online Full Time Business Manager - School Systems Job in Pakistan
13190,other,mid,Islamabad,PK,chisel_pk,,,PKR,monthly,,,Full Time Senior Closer Jobs in Pakistan
13191,other,junior,Sargodha,PK,chisel_pk,,,PKR,monthly,,,Full Time Php Laravel Developer Required For Shopify Web Applications Jobs in Pakistan
13192,other,junior,Lahore,PK,chisel_pk,,,PKR,monthly,,,Full Time React JS/Native Developer Intern Jobs in Pakistan
13193,other,mid,Karachi,PK,chisel_pk,,,PKR,monthly,,,Full Time Steel Fabrication Supervisor Job in Pakistan
13194,other,junior,Karachi,PK,chisel_pk,,,PKR,monthly,,,Full Time Websites Quality Assurance Engineer Internee Needed Jobs in Pakistan
13195,other,junior,Lahore,PK,chisel_pk,,,PKR,monthly,,,Full Time Php Codeigniter Developer Required Job in Pakistan
13196,other,mid,Islamabad,PK,chisel_pk,,,PKR,monthly,,,Full Time Full Stack Developer (Angularjs/Nodejs) Job in Pakistan
13197,other,junior,Islamabad,PK,chisel_pk,,,PKR,monthly,,,Full Time HR Executive Jobs in Pakistan
13198,other,junior,Lahore,PK,chisel_pk,,,PKR,monthly,,,Full Time SEO / Digital Marketing Internee Jobs in Pakistan
13199,other,junior,Rawalpindi,PK,chisel_pk,,,PKR,monthly,,,Full Time Web Developer Jobs in Pakistan
13200,other,mid,Karachi,PK,chisel_pk,,,PKR,monthly,,,Full Time Commercial Executive Jobs in Pakistan
13201,other,junior,Islamabad,PK,chisel_pk,,,PKR,monthly,,,Full Time Accounts Assistant Job in Pakistan
13202,other,junior,Faisalabad,PK,chisel_pk,,,PKR,monthly,,,Full Time Mean Stack Developer Job in Pakistan
13203,other,mid,Islamabad,PK,chisel_pk,,,PKR,monthly,,,Full Time Web Developer Job in Pakistan
13204,other,junior,Karachi,PK,chisel_pk,,,PKR,monthly,,,Full Time Freelance Article Writer Jobs in Pakistan
13205,other,junior,Islamabad,PK,chisel_pk,,,PKR,monthly,,,Full Time Customer Sales Representative Jobs in Pakistan
13206,other,junior,Rawalpindi,PK,chisel_pk,,,PKR,monthly,,,Full Time Medical Billing Specialist Jobs in Pakistan
13207,other,junior,Islamabad,PK,chisel_pk,,,PKR,monthly,,,Full Time Content Writing Job in Pakistan
13208,other,mid,Islamabad,PK,chisel_pk,,,PKR,monthly,,,Full Time Residential Construction Engineer/Supervisor Job in Pakistan
13209,other,junior,Karachi,PK,chisel_pk,,,PKR,monthly,,,Full Time React Developer Jobs in Pakistan
13210,other,junior,Karachi,PK,chisel_pk,,,PKR,monthly,,,Full Time Sales Agent Jobs in Pakistan
13211,other,mid,Lahore,PK,chisel_pk,,,PKR,monthly,,,Full Time Graphic Designer CG Artist / 3D Modeling Job in Pakistan
13212,other,mid,Lahore,PK,chisel_pk,,,PKR,monthly,,,Full Time Unity 3D Game Developers Job in Pakistan
13213,other,junior,Islamabad,PK,chisel_pk,,,PKR,monthly,,,Full Time Front End Developer / Angular / React Jobs in Pakistan
13214,other,junior,Karachi,PK,chisel_pk,,,PKR,monthly,,,Online Full Time Purchase Associate Jobs in Pakistan
13215,other,junior,Islamabad,PK,chisel_pk,,,PKR,monthly,,,Full Time Bidding Expert Job in Pakistan
13216,other,junior,Islamabad,PK,chisel_pk,,,PKR,monthly,,,Full Time Junior Software Developer Jobs in Pakistan
13217,other,junior,Lahore,PK,chisel_pk,,,PKR,monthly,,,Full Time Client Relationship Executive (Technical) Job in Pakistan
13218,other,junior,Karachi,PK,chisel_pk,,,PKR,monthly,,,Online Full Time Shift Manager / Trainee Shift Manager Jobs in Pakistan
13219,other,junior,Lahore,PK,chisel_pk,,,PKR,monthly,,,Full Time PHP Developer Job in Pakistan
13220,other,mid,Lahore,PK,chisel_pk,,,PKR,monthly,,,Full Time Java Developer Job in Pakistan
13221,other,junior,Karachi,PK,chisel_pk,,,PKR,monthly,,,Full Time UI/UX Developer Job in Pakistan
13222,other,mid,Lahore,PK,chisel_pk,,,PKR,monthly,,,Full Time Senior Sales Executive Jobs in Pakistan
13223,other,mid,Karachi,PK,chisel_pk,,,PKR,monthly,,,Full Time Junior Manager Finance Job in Pakistan
13224,other,mid,Lahore,PK,chisel_pk,,,PKR,monthly,,,Full Time Area Sales Manager Jobs in Pakistan
13225,other,mid,Karachi,PK,chisel_pk,,,PKR,monthly,,,Full Time Junior Manager - Operations Job in Pakistan
13226,other,junior,Lahore,PK,chisel_pk,,,PKR,monthly,,,Full Time Medical Billing-Insurance Eligibility Benefits Verification Jobs in Pakistan
13227,other,junior,Islamabad,PK,chisel_pk,,,PKR,monthly,,,Online Full Time Intern Leading To Job Jobs in Pakistan
13228,other,junior,Sialkot,PK,chisel_pk,,,PKR,monthly,,,Full Time Web Developer - Internships Jobs in Pakistan
13229,other,junior,Sialkot,PK,chisel_pk,,,PKR,monthly,,,Full Time Sales / Marketing Executive Job in Pakistan
13230,other,junior,Islamabad,PK,chisel_pk,,,PKR,monthly,,,Full Time Back End Developer Jobs in Pakistan
13231,other,junior,Islamabad,PK,chisel_pk,,,PKR,monthly,,,Full Time UI/UX Designer Jobs in Pakistan
13232,data_analyst,unknown,Islamabad,PK,chisel_pk,,,PKR,monthly,,,Full Time Business Analyst Jobs in Pakistan
13234,other,junior,Islamabad,PK,chisel_pk,,,PKR,monthly,,,Full Time Android/Ios Developer With Flutter Framework Jobs in Pakistan
13233,other,junior,Islamabad,PK,chisel_pk,,,PKR,monthly,,,Full Time Full Stack Developer Jobs in Pakistan
13235,other,mid,Karachi,PK,chisel_pk,,,PKR,monthly,,,Full Time Creative Graphics Designer Job in Pakistan
13237,other,junior,Lahore,PK,chisel_pk,,,PKR,monthly,,,Full Time Marketing & Sales Executive Jobs in Pakistan
13238,other,junior,Karachi,PK,chisel_pk,,,PKR,monthly,,,Full Time Elevator Technician Jobs in Pakistan
13239,other,mid,Karachi,PK,chisel_pk,,,PKR,monthly,,,Full Time Graphic Designer Job in Pakistan
13240,other,junior,Rawalpindi,PK,chisel_pk,,,PKR,monthly,,,Full Time CSR Jobs in Pakistan
13241,other,junior,Islamabad,PK,chisel_pk,,,PKR,monthly,,,Full Time Internship Jobs in Pakistan
13242,other,mid,Peshawar,PK,chisel_pk,,,PKR,monthly,,,Full Time Full Stack Developer Job in Pakistan
13243,other,junior,Lahore,PK,chisel_pk,,,PKR,monthly,,,Full Time UX/UI Designer Jobs in Pakistan
13244,other,mid,Lahore,PK,chisel_pk,,,PKR,monthly,,,Full Time ORACLE Jobs in Pakistan
13245,other,junior,Lahore,PK,chisel_pk,,,PKR,monthly,,,Full Time Marketing Assistant Job in Pakistan
13246,other,junior,Lahore,PK,chisel_pk,,,PKR,monthly,,,Full Time Business Development Manager Job in Pakistan
13247,other,mid,Lahore,PK,chisel_pk,,,PKR,monthly,,,Online Full Time Sales Manager Real Estate Property Company Jobs in Pakistan
13248,other,junior,Islamabad,PK,chisel_pk,,,PKR,monthly,,,Full Time Customer Sales Associate Jobs in Pakistan
13249,other,junior,Lahore,PK,chisel_pk,,,PKR,monthly,,,Full Time Full Stack PHP/JS Developer Jobs in Pakistan
13250,data_analyst,junior,Lahore,PK,chisel_pk,,,PKR,monthly,,,Full Time Data Analyst And Research Associate Jobs in Pakistan
13251,other,unknown,Islamabad,PK,chisel_pk,,,PKR,monthly,,,Full Time Call Center Representative Jobs in Pakistan
13252,other,junior,Arifwala,PK,chisel_pk,,,PKR,monthly,,,Online Full Time Content / Article Writer Jobs in Pakistan
13253,other,junior,Islamabad,PK,chisel_pk,,,PKR,monthly,,,Online Full Time Telesales Representative - Night Shift Jobs in Pakistan
13254,other,junior,Lahore,PK,chisel_pk,,,PKR,monthly,,,Full Time SOFTWARE DEVELOPER - INTERNEE Jobs in Pakistan
13255,other,junior,Karachi,PK,chisel_pk,,,PKR,monthly,,,Full Time Resident Medical Officer Jobs in Pakistan
13256,other,junior,Karachi,PK,chisel_pk,,,PKR,monthly,,,Online Full Time Python Developer Jobs in Pakistan
13257,other,junior,Islamabad,PK,chisel_pk,,,PKR,monthly,,,Online Full Time Business Development Officer Jobs in Pakistan
13258,other,junior,Rawalpindi,PK,chisel_pk,,,PKR,monthly,,,Full Time Internship Leading To Job Jobs in Pakistan
13259,other,junior,Karachi,PK,chisel_pk,,,PKR,monthly,,,Online Full Time International Sales Representative Jobs in Pakistan
13260,other,junior,Karachi,PK,chisel_pk,,,PKR,monthly,,,Full Time Crew Members Jobs in Pakistan
13261,other,junior,Rawalpindi,PK,chisel_pk,,,PKR,monthly,,,Full Time Node.JS & Angular Developer Job in Pakistan
13262,other,junior,Islamabad,PK,chisel_pk,,,PKR,monthly,,,"Full Time Brand Ambassadors (Trainees) Social & Digital Medai, Field Marketing, Tele Marketing, Graphics Jobs in Pakistan"
13263,other,junior,Islamabad,PK,chisel_pk,,,PKR,monthly,,,Full Time Business Development Officer (Full Time) Jobs in Pakistan
13264,other,junior,Karachi,PK,chisel_pk,,,PKR,monthly,,,Full Time SEO Expert Jobs in Pakistan
13265,other,junior,Islamabad,PK,chisel_pk,,,PKR,monthly,,,Full Time Graphic Designer / Social Media Job in Pakistan
13266,other,junior,Islamabad,PK,chisel_pk,,,PKR,monthly,,,Full Time Internship In Microsoft Dynamics Jobs in Pakistan
13267,other,mid,Islamabad,PK,chisel_pk,,,PKR,monthly,,,Full Time Junior Web Designer Jobs in Pakistan
13268,other,mid,Islamabad,PK,chisel_pk,,,PKR,monthly,,,Full Time Office Secretary Jobs in Pakistan
13269,other,mid,Islamabad,PK,chisel_pk,,,PKR,monthly,,,Full Time Unity Developer Job in Pakistan
13270,other,junior,Karachi,PK,chisel_pk,,,PKR,monthly,,,Full Time Senior Relationship Officer Jobs in Pakistan
13271,other,mid,Karachi,PK,chisel_pk,,,PKR,monthly,,,Full Time Team Manager Jobs in Pakistan
13272,other,junior,Lahore,PK,chisel_pk,,,PKR,monthly,,,Full Time Accounts Executive Job in Pakistan
13273,other,junior,Karachi,PK,chisel_pk,,,PKR,monthly,,,Full Time Content Writer Job in Pakistan
13274,other,mid,Islamabad,PK,chisel_pk,,,PKR,monthly,,,Full Time Sr Unity 3D Game Developer Jobs in Pakistan
13275,other,junior,Karachi,PK,chisel_pk,,,PKR,monthly,,,Online Full Time IT Faculty Member Jobs in Pakistan
13276,other,junior,Karachi,PK,chisel_pk,,,PKR,monthly,,,Full Time International Sales And Upsell Executive Job in Pakistan
13277,other,junior,Karachi,PK,chisel_pk,,,PKR,monthly,,,Full Time Sr. Associate Jobs in Pakistan
13278,other,mid,Islamabad,PK,chisel_pk,,,PKR,monthly,,,Full Time Office Boy Job in Pakistan
13279,other,junior,Karachi,PK,chisel_pk,,,PKR,monthly,,,Full Time English Copywriter Job in Pakistan
13280,other,junior,Lahore,PK,chisel_pk,,,PKR,monthly,,,Full Time Admin Coordinator/Assistant Job in Pakistan
13281,other,junior,Lahore,PK,chisel_pk,,,PKR,monthly,,,Full Time Web & Graphics Designer Job in Pakistan
13282,other,junior,Lahore,PK,chisel_pk,,,PKR,monthly,,,Full Time Social Media Manager Job in Pakistan
13283,other,mid,Lahore,PK,chisel_pk,,,PKR,monthly,,,Full Time Senior Web Developer / Team Lead Job in Pakistan
13284,other,senior,Lahore,PK,chisel_pk,,,PKR,monthly,,,Online Full Time Inventroy Planner Supervisor Jobs in Pakistan
13285,other,junior,Lahore,PK,chisel_pk,,,PKR,monthly,,,Full Time Web Developer Jobs in Pakistan
13286,other,junior,Karachi,PK,chisel_pk,,,PKR,monthly,,,Full Time Graphic Designer Jobs in Pakistan
13287,data_analyst,unknown,Karachi,PK,chisel_pk,,,PKR,monthly,,,Full Time Business Analyst Jobs in Pakistan
13288,other,junior,Karachi,PK,chisel_pk,,,PKR,monthly,,,Full Time Digital Marketing Executive Jobs in Pakistan
13289,other,junior,Karachi,PK,chisel_pk,,,PKR,monthly,,,Full Time HR Intern Job in Pakistan
13290,other,junior,Karachi,PK,chisel_pk,,,PKR,monthly,,,Full Time Social Media Intern Jobs in Pakistan
13291,other,senior,Sadiqabad,PK,chisel_pk,,,PKR,monthly,,,Full Time Manager Quality Control Job in Pakistan
13292,other,junior,Karachi,PK,chisel_pk,,,PKR,monthly,,,Full Time Online Bidder Job in Pakistan
13293,other,junior,Karachi,PK,chisel_pk,,,PKR,monthly,,,Full Time Wordpress Developer Job in Pakistan
13294,other,junior,Lahore,PK,chisel_pk,,,PKR,monthly,,,Full Time Data Entry Operator Jobs in Pakistan
13295,other,junior,Karachi,PK,chisel_pk,,,PKR,monthly,,,Full Time Int. Business Development Executive (ENGLISH SPEAKER) Job in Pakistan
13296,data_analyst,junior,Karachi,PK,chisel_pk,,,PKR,monthly,,,Full Time Sales / Bidder / Business Analyst / Business Development Jobs in Pakistan
13297,other,mid,Lahore,PK,chisel_pk,,,PKR,monthly,,,Online Full Time Sales Coordinator Job in Pakistan
13298,other,junior,Karachi,PK,chisel_pk,,,PKR,monthly,,,Full Time Lab Chemist Job in Pakistan
13299,other,junior,Islamabad,PK,chisel_pk,,,PKR,monthly,,,Full Time Creative Content Writer Jobs in Pakistan
13300,other,junior,Lahore,PK,chisel_pk,,,PKR,monthly,,,Full Time Customer Sales Executives Vacancy For Fresh Graduates Jobs in Pakistan
13301,other,junior,Karachi,PK,chisel_pk,,,PKR,monthly,,,Full Time Front Desk Officer Job in Pakistan
13302,other,mid,Karachi,PK,chisel_pk,,,PKR,monthly,,,Full Time Sales & Marketing Execiutive - B2B Jobs in Pakistan
13303,other,junior,Karachi,PK,chisel_pk,,,PKR,monthly,,,Full Time Receptionist Job in Pakistan
13304,other,junior,Karachi,PK,chisel_pk,,,PKR,monthly,,,Full Time Graduate Trainee Job in Pakistan
13305,other,junior,Lahore,PK,chisel_pk,,,PKR,monthly,,,Full Time Telesales Executive - Outbound (US Energy Campaign) Jobs in Pakistan
13306,other,junior,Islamabad,PK,chisel_pk,,,PKR,monthly,,,Full Time 2D & 3D Game Artist / UI Designer Job in Pakistan
13307,other,junior,Lahore,PK,chisel_pk,,,PKR,monthly,,,Full Time Assistant Supervisor To Production Manager Job in Pakistan
13308,other,junior,Islamabad,PK,chisel_pk,,,PKR,monthly,,,Full Time Game Developer (Unity 2D/3D) Job in Pakistan
13309,other,mid,Karachi,PK,chisel_pk,,,PKR,monthly,,,Full Time Health & Safety Officer / Executive Job in Pakistan
13310,other,junior,Karachi,PK,chisel_pk,,,PKR,monthly,,,Full Time HOD / Finance Executive Finance Department Jobs in Pakistan
13311,other,mid,Islamabad,PK,chisel_pk,,,PKR,monthly,,,Online Full Time Marketing Executive Jobs in Pakistan
13312,other,junior,Karachi,PK,chisel_pk,,,PKR,monthly,,,Full Time IT Project Coordinator Job in Pakistan
13313,other,junior,Bahawalpur,PK,chisel_pk,,,PKR,monthly,,,Full Time 3D Modeler & Animator Job in Pakistan
13314,other,junior,Karachi,PK,chisel_pk,,,PKR,monthly,,,Full Time Customer Service Representative Jobs in Pakistan
13315,other,junior,Karachi,PK,chisel_pk,,,PKR,monthly,,,Full Time Customer Service Specialist Job in Pakistan
13316,other,junior,Islamabad,PK,chisel_pk,,,PKR,monthly,,,Full Time Computer Operator Jobs in Pakistan
13317,other,mid,Islamabad,PK,chisel_pk,,,PKR,monthly,,,Online Full Time Business Development Manager Jobs in Pakistan
13318,other,junior,Islamabad,PK,chisel_pk,,,PKR,monthly,,,Online Full Time Telesales Executive / Marketing Executive Jobs in Pakistan
13319,other,mid,Rawalpindi,PK,chisel_pk,,,PKR,monthly,,,Full Time HR Manager Job in Pakistan
13320,other,junior,Lahore,PK,chisel_pk,,,PKR,monthly,,,Full Time Purchasing Assistant Jobs in Pakistan
13321,other,junior,Rawalpindi,PK,chisel_pk,,,PKR,monthly,,,Full Time Sales And Marketing Job in Pakistan
13322,other,junior,Karachi,PK,chisel_pk,,,PKR,monthly,,,Full Time Software Engineer - PHP Jobs in Pakistan
13323,other,junior,Lahore,PK,chisel_pk,,,PKR,monthly,,,Online Full Time Social Media Manager Jobs in Pakistan
13324,other,junior,Islamabad,PK,chisel_pk,,,PKR,monthly,,,Full Time Drupal Developer Job in Pakistan
13325,other,junior,Lahore,PK,chisel_pk,,,PKR,monthly,,,Full Time ASO Expert / Market Analyst Job in Pakistan
13326,other,junior,Lahore,PK,chisel_pk,,,PKR,monthly,,,Full Time Unity Developer Jobs in Pakistan
13327,other,junior,Rawalpindi,PK,chisel_pk,,,PKR,monthly,,,Full Time Fresh Pharmacist Job in Pakistan
13328,other,junior,Islamabad,PK,chisel_pk,,,PKR,monthly,,,Full Time Lecturer Social Studies Job in Pakistan
13329,other,junior,Islamabad,PK,chisel_pk,,,PKR,monthly,,,Full Time Admission Counsellor Job in Pakistan
13330,other,junior,Lahore,PK,chisel_pk,,,PKR,monthly,,,Full Time Repairs/ Maintenance Technician Job in Pakistan
13331,other,mid,Islamabad,PK,chisel_pk,,,PKR,monthly,,,Full Time IT Engineer - Software Support Jobs in Pakistan
13332,other,junior,Karachi,PK,chisel_pk,,,PKR,monthly,,,Full Time Android/Ios App Developer - Internee Job in Pakistan
13333,other,junior,Rawalpindi,PK,chisel_pk,,,PKR,monthly,,,Online Full Time CSR Jobs in Pakistan
13334,other,junior,Lahore,PK,chisel_pk,,,PKR,monthly,,,Full Time Jr. Software Engineer - Internship Leading To Job Job in Pakistan
13335,other,junior,Lahore,PK,chisel_pk,,,PKR,monthly,,,Full Time ASP .Net MVC Developer Jobs in Pakistan
13336,other,junior,Sialkot,PK,chisel_pk,,,PKR,monthly,,,Full Time Javascript Reactjs Developer Job in Pakistan
13337,other,junior,Lahore,PK,chisel_pk,,,PKR,monthly,,,Full Time Customer Support Executive - CSR Jobs in Pakistan
13338,other,junior,Lahore,PK,chisel_pk,,,PKR,monthly,,,Full Time Telesales Representative Job in Pakistan
13339,other,junior,Lahore,PK,chisel_pk,,,PKR,monthly,,,Full Time BBA Intern Job in Pakistan
13340,other,junior,Karachi,PK,chisel_pk,,,PKR,monthly,,,"Online Full Time Office Clerk, Office Boy, Bike Rider Jobs in Pakistan"
13342,other,junior,Islamabad,PK,chisel_pk,,,PKR,monthly,,,Full Time Ios Developer Jobs in Pakistan
13343,other,junior,Islamabad,PK,chisel_pk,,,PKR,monthly,,,Full Time Android Developer Jobs in Pakistan
13344,other,junior,Islamabad,PK,chisel_pk,,,PKR,monthly,,,Full Time Java Developer Jobs in Pakistan
13345,other,junior,Rawalpindi,PK,chisel_pk,,,PKR,monthly,,,Full Time Fresh Graduate Required Job in Pakistan
13346,other,mid,Islamabad,PK,chisel_pk,,,PKR,monthly,,,Online Full Time Business Development Manager Jobs in Pakistan
13347,other,junior,Islamabad,PK,chisel_pk,,,PKR,monthly,,,Full Time Sewing / Stitching Unit Production Manager Jobs in Pakistan
13348,other,mid,Mianwali,PK,chisel_pk,,,PKR,monthly,,,Full Time Accounts Officer Job in Pakistan
13349,other,mid,Islamabad,PK,chisel_pk,,,PKR,monthly,,,Full Time Internal Auditor Jobs in Pakistan
13350,other,mid,Islamabad,PK,chisel_pk,,,PKR,monthly,,,Online Full Time Human Resource Executive Job in Pakistan
13351,other,junior,Karachi,PK,chisel_pk,,,PKR,monthly,,,Full Time Tax Executive/Associate Job in Pakistan
13352,other,junior,Bahawalpur,PK,chisel_pk,,,PKR,monthly,,,Full Time QA (Passionate Gamer) Job in Pakistan
13353,other,mid,Islamabad,PK,chisel_pk,,,PKR,monthly,,,"Full Time Front End Web / UI/UX Developer (CSS HTML, CSS, Bootstrap) / Web Designer Job in Pakistan"
13354,other,junior,Islamabad,PK,chisel_pk,,,PKR,monthly,,,Full Time PHP/Laravel Developer Jobs in Pakistan
13355,other,junior,Islamabad,PK,chisel_pk,,,PKR,monthly,,,Full Time Web Developer (Codeigniter) Job in Pakistan
13356,other,junior,Faisalabad,PK,chisel_pk,,,PKR,monthly,,,Full Time Mechanical Autocad Draftsman Job in Pakistan
13357,other,junior,Karachi,PK,chisel_pk,,,PKR,monthly,,,Full Time UI/UX Designer/Developer Jobs in Pakistan
13358,other,junior,Karachi,PK,chisel_pk,,,PKR,monthly,,,Full Time PHP / Codeignitor/ Laravel / Wordpress Developer Jobs in Pakistan
13359,other,junior,Lahore,PK,chisel_pk,,,PKR,monthly,,,Full Time Unity 3D Developer / Game Developer Jobs in Pakistan
13360,other,mid,Lahore,PK,chisel_pk,,,PKR,monthly,,,Full Time Web Developer Job in Pakistan
13361,other,junior,Daska,PK,chisel_pk,,,PKR,monthly,,,Full Time Sales Executive Job in Pakistan
13362,other,mid,Daska,PK,chisel_pk,,,PKR,monthly,,,Full Time Marketing And Sales Manager Jobs in Pakistan
13363,other,mid,Karachi,PK,chisel_pk,,,PKR,monthly,,,Full Time Graphic Designer Job in Pakistan
13364,other,junior,Karachi,PK,chisel_pk,,,PKR,monthly,,,Full Time Software Engineer (Big Data & Machine Learning) Job in Pakistan
13365,other,mid,Karachi,PK,chisel_pk,,,PKR,monthly,,,Full Time Senior Software Engineer (Big Data & Machine Learning) Job in Pakistan
13366,other,mid,Karachi,PK,chisel_pk,,,PKR,monthly,,,Full Time Java Developer Job in Pakistan
13367,other,mid,Karachi,PK,chisel_pk,,,PKR,monthly,,,Full Time Senior Java Developer Job in Pakistan
13368,other,junior,Lahore,PK,chisel_pk,,,PKR,monthly,,,Full Time Digital Marketing Jobs in Pakistan
13369,other,junior,Islamabad,PK,chisel_pk,,,PKR,monthly,,,Full Time Customer Sales/Support Representative (CSR) Job in Pakistan
13370,other,junior,Lahore,PK,chisel_pk,,,PKR,monthly,,,Full Time MTO-Sales Jobs in Pakistan
13371,other,junior,Karachi,PK,chisel_pk,,,PKR,monthly,,,Full Time Accounts Manager Jobs in Pakistan
13372,other,junior,Lahore,PK,chisel_pk,,,PKR,monthly,,,Full Time Marketing Officer Jobs in Pakistan
13373,other,junior,Lahore,PK,chisel_pk,,,PKR,monthly,,,Full Time Sales Officer Jobs in Pakistan
13374,other,mid,Lahore,PK,chisel_pk,,,PKR,monthly,,,Full Time HR Manager Job in Pakistan
13375,other,junior,Karachi,PK,chisel_pk,,,PKR,monthly,,,Full Time Online Bidder Jobs in Pakistan
13376,other,senior,Lahore,PK,chisel_pk,,,PKR,monthly,,,Full Time Full Stack Java Developer Job in Pakistan
13377,other,junior,Islamabad,PK,chisel_pk,,,PKR,monthly,,,Full Time Wordpress Designer And Developer Jobs in Pakistan
13378,other,junior,Islamabad,PK,chisel_pk,,,PKR,monthly,,,Online Full Time Customer Services Representatives Jobs in Pakistan
13379,other,junior,Lahore,PK,chisel_pk,,,PKR,monthly,,,Full Time CSR Jobs in Pakistan
13380,other,junior,Lahore,PK,chisel_pk,,,PKR,monthly,,,Full Time .NET Developer Jobs in Pakistan
13381,other,junior,Islamabad,PK,chisel_pk,,,PKR,monthly,,,Full Time PHP Developer Job in Pakistan
13382,other,junior,Islamabad,PK,chisel_pk,,,PKR,monthly,,,Online Full Time Logistics Coordinator Job in Pakistan
13383,other,junior,Rawalpindi,PK,chisel_pk,,,PKR,monthly,,,Full Time Content Writer Seo Specialist Job in Pakistan
13384,other,junior,Karachi,PK,chisel_pk,,,PKR,monthly,,,Full Time Trainee Supervisor Job in Pakistan
13385,other,junior,Karachi,PK,chisel_pk,,,PKR,monthly,,,Full Time Trainee Engineer Job in Pakistan
13386,other,junior,Karachi,PK,chisel_pk,,,PKR,monthly,,,Full Time Quality Supervisor Job in Pakistan
13387,other,junior,Karachi,PK,chisel_pk,,,PKR,monthly,,,Full Time SITE Supervisor Job in Pakistan
13388,other,junior,Karachi,PK,chisel_pk,,,PKR,monthly,,,Full Time Site Engineer Job in Pakistan
13389,other,junior,Karachi,PK,chisel_pk,,,PKR,monthly,,,Full Time Accounts Officer Jobs in Pakistan
13390,other,junior,Faisalabad,PK,chisel_pk,,,PKR,monthly,,,Full Time Android Developer Job in Pakistan
13391,other,junior,Lahore,PK,chisel_pk,,,PKR,monthly,,,Full Time Executive Sales Jobs in Pakistan
13392,other,mid,Rawalpindi,PK,chisel_pk,,,PKR,monthly,,,Full Time Graphic Designer Job in Pakistan
13393,other,junior,Faisalabad,PK,chisel_pk,,,PKR,monthly,,,Full Time Business Development Executive Jobs in Pakistan
13394,other,junior,Lahore,PK,chisel_pk,,,PKR,monthly,,,Full Time Front Desk Officer / Receptionist Job in Pakistan
13395,other,junior,Lahore,PK,chisel_pk,,,PKR,monthly,,,Full Time Jr Magento Developer Jobs in Pakistan
13396,other,junior,Lahore,PK,chisel_pk,,,PKR,monthly,,,Full Time MERN Stack Developer Job in Pakistan
13397,other,mid,Karachi,PK,chisel_pk,,,PKR,monthly,,,Full Time Senior Graphic Designer Job in Pakistan
13398,other,junior,Karachi,PK,chisel_pk,,,PKR,monthly,,,Full Time Online Bidder Intern Jobs in Pakistan
13399,other,junior,Karachi,PK,chisel_pk,,,PKR,monthly,,,Full Time MTO- Project Management (Female) Jobs in Pakistan
13400,other,junior,Karachi,PK,chisel_pk,,,PKR,monthly,,,Full Time 2D Illustrator (Night Shift) Jobs in Pakistan
13401,other,junior,Karachi,PK,chisel_pk,,,PKR,monthly,,,Full Time 2D After Effects Animator (Night Shift) Jobs in Pakistan
13402,other,junior,Karachi,PK,chisel_pk,,,PKR,monthly,,,Full Time Online Bidder Junior (Night Shift) Jobs in Pakistan
13403,other,junior,Karachi,PK,chisel_pk,,,PKR,monthly,,,Full Time Business Development Associate (Night Shift) Jobs in Pakistan
13404,other,mid,Islamabad,PK,chisel_pk,,,PKR,monthly,,,Full Time PPC (Pay Per Click) Manager Job in Pakistan
13405,other,mid,Islamabad,PK,chisel_pk,,,PKR,monthly,,,Full Time Full Stack Developer Job in Pakistan
13406,other,junior,Islamabad,PK,chisel_pk,,,PKR,monthly,,,Full Time SEO Intern Jobs in Pakistan
13407,other,junior,Lahore,PK,chisel_pk,,,PKR,monthly,,,Full Time Sales Executive For Online Selling Job in Pakistan
13408,other,junior,Islamabad,PK,chisel_pk,,,PKR,monthly,,,Full Time PHP/ Codeigniter Developer Jobs in Pakistan
13409,other,junior,Lahore,PK,chisel_pk,,,PKR,monthly,,,Full Time Well Experienced Wordpress Developer (For Theme Customization) Jobs in Pakistan
13410,other,junior,Lahore,PK,chisel_pk,,,PKR,monthly,,,Full Time Wordpress Developer (Creative Layout) Jobs in Pakistan
13411,other,junior,Karachi,PK,chisel_pk,,,PKR,monthly,,,Full Time Senior Marketing Executive Job in Pakistan
13412,other,mid,Karachi,PK,chisel_pk,,,PKR,monthly,,,Full Time PHP Software Developer Jobs in Pakistan
13413,other,junior,Lahore,PK,chisel_pk,,,PKR,monthly,,,Full Time Digital Media Strategist Job in Pakistan
13414,other,mid,Lahore,PK,chisel_pk,,,PKR,monthly,,,Full Time Social Media Marketing Manager Job in Pakistan
13415,other,unknown,Lahore,PK,chisel_pk,,,PKR,monthly,,,Full Time Call Center Agent Jobs in Pakistan
13416,other,junior,Lahore,PK,chisel_pk,,,PKR,monthly,,,Full Time Social Media Marketing Intern Job in Pakistan
13417,other,junior,Karachi,PK,chisel_pk,,,PKR,monthly,,,Full Time Office Boy (Assistant) / Rider Job in Pakistan
13418,other,junior,Karachi,PK,chisel_pk,,,PKR,monthly,,,Full Time Camera Man / Videographer / Photographer Job in Pakistan
13419,other,junior,Lahore,PK,chisel_pk,,,PKR,monthly,,,Full Time Inventory Officer Job in Pakistan
13420,other,junior,Karachi,PK,chisel_pk,,,PKR,monthly,,,Full Time Call Center Agents Jobs in Pakistan
13421,other,junior,Islamabad,PK,chisel_pk,,,PKR,monthly,,,Full Time Technician Jobs in Pakistan
13422,other,mid,Karachi,PK,chisel_pk,,,PKR,monthly,,,Full Time Vector Artist Jobs in Pakistan
13423,other,mid,Karachi,PK,chisel_pk,,,PKR,monthly,,,Full Time Freelance Embroidery Digitizer Job in Pakistan
13424,other,senior,Islamabad,PK,chisel_pk,,,PKR,monthly,,,Full Time MS Dynamics NAV Developer Job in Pakistan
13425,other,mid,Karachi,PK,chisel_pk,,,PKR,monthly,,,Full Time Software Developer Jobs in Pakistan
13426,other,mid,Islamabad,PK,chisel_pk,,,PKR,monthly,,,Full Time Travel Planner- Product Manager (Call Center) Job in Pakistan
13427,other,junior,Karachi,PK,chisel_pk,,,PKR,monthly,,,Full Time Cloud Engineer Job in Pakistan
13428,other,mid,Karachi,PK,chisel_pk,,,PKR,monthly,,,Full Time Senior Cloud Engineer Job in Pakistan
13429,other,junior,Lahore,PK,chisel_pk,,,PKR,monthly,,,Full Time HR & Marketing Officer Jobs in Pakistan
13430,other,junior,Rawalpindi,PK,chisel_pk,,,PKR,monthly,,,Full Time Customer Service Representative Job in Pakistan
13431,other,junior,Lahore,PK,chisel_pk,,,PKR,monthly,,,Full Time Data Entry Operator Job in Pakistan
13432,other,mid,Karachi,PK,chisel_pk,,,PKR,monthly,,,"Full Time PHP, Laravel Developer Jobs in Pakistan"
13433,other,junior,Islamabad,PK,chisel_pk,,,PKR,monthly,,,Full Time Graphic Designer Jobs in Pakistan
13434,other,mid,Islamabad,PK,chisel_pk,,,PKR,monthly,,,Full Time Unity Developer Job in Pakistan
13435,other,junior,Islamabad,PK,chisel_pk,,,PKR,monthly,,,Full Time Unity Developer Jobs in Pakistan
13436,other,junior,Lahore,PK,chisel_pk,,,PKR,monthly,,,Full Time Store Keeper For Shoes Factory Job in Pakistan
13437,other,junior,Lahore,PK,chisel_pk,,,PKR,monthly,,,Online Full Time Digital Marketing Executive Job in Pakistan
13438,other,junior,Lahore,PK,chisel_pk,,,PKR,monthly,,,Full Time Environmentalist Job in Pakistan
13439,other,junior,Rawalpindi,PK,chisel_pk,,,PKR,monthly,,,Full Time Driver / Naib Qasid Job in Pakistan
13440,other,junior,Karachi,PK,chisel_pk,,,PKR,monthly,,,Full Time Software Engineer PHP Jobs in Pakistan
13441,other,junior,Islamabad,PK,chisel_pk,,,PKR,monthly,,,Full Time Artist Job in Pakistan
13442,other,junior,Rawalpindi,PK,chisel_pk,,,PKR,monthly,,,Full Time Wordpress Developer - Paid Internship Jobs in Pakistan
13443,other,junior,Islamabad,PK,chisel_pk,,,PKR,monthly,,,Full Time Virtual Assistant Manager Job in Pakistan
13444,other,junior,Karachi,PK,chisel_pk,,,PKR,monthly,,,Full Time Experienced SEO Person Jobs in Pakistan
13445,other,junior,Karachi,PK,chisel_pk,,,PKR,monthly,,,Full Time Creative Content Writer Job in Pakistan
13446,other,mid,Karachi,PK,chisel_pk,,,PKR,monthly,,,Full Time Social Media Executive Job in Pakistan
13447,other,junior,Islamabad,PK,chisel_pk,,,PKR,monthly,,,Full Time PHP Internee Jobs in Pakistan
13448,other,junior,Faisalabad,PK,chisel_pk,,,PKR,monthly,,,Full Time Senior PHP Laravel Developer Job in Pakistan
13449,other,junior,Islamabad,PK,chisel_pk,,,PKR,monthly,,,Online Full Time Blockchain Developer Job in Pakistan
13450,other,mid,Faisalabad,PK,chisel_pk,,,PKR,monthly,,,Full Time PHP Laravel Developer Jobs in Pakistan
13451,other,junior,Lahore,PK,chisel_pk,,,PKR,monthly,,,Full Time Internship Programs Jobs in Pakistan
13452,other,junior,Lahore,PK,chisel_pk,,,PKR,monthly,,,Full Time MTO-SALES Jobs in Pakistan
13453,other,junior,Islamabad,PK,chisel_pk,,,PKR,monthly,,,Full Time Unity Game Developer Jobs in Pakistan
13454,other,junior,Islamabad,PK,chisel_pk,,,PKR,monthly,,,Full Time Android Developer Job in Pakistan
13455,other,junior,Lahore,PK,chisel_pk,,,PKR,monthly,,,Full Time Compliance & Money Laundering Officer - Lahore Job in Pakistan
13456,other,junior,Islamabad,PK,chisel_pk,,,PKR,monthly,,,Full Time SEO Developer Job in Pakistan
13457,other,mid,Lahore,PK,chisel_pk,,,PKR,monthly,,,Full Time Creative Graphic Designer Job in Pakistan
13458,other,mid,Karachi,PK,chisel_pk,,,PKR,monthly,,,Full Time SEO Expert Job in Pakistan
13459,other,junior,Islamabad,PK,chisel_pk,,,PKR,monthly,,,Full Time Sales Officer/ Technical Sales Officer Jobs in Pakistan
13460,other,junior,Lahore,PK,chisel_pk,,,PKR,monthly,,,Online Full Time Inbound Call Centre Job Available (We Owned Our Own Call Centre) . Jobs in Pakistan
13461,other,junior,Karachi,PK,chisel_pk,,,PKR,monthly,,,Full Time Foreign Education Consultants Jobs in Pakistan
13462,other,mid,Islamabad,PK,chisel_pk,,,PKR,monthly,,,Full Time C++ Developers Jobs in Pakistan
13463,other,junior,Lahore,PK,chisel_pk,,,PKR,monthly,,,Full Time Medical Billing Executive Jobs in Pakistan
13464,other,mid,Karachi,PK,chisel_pk,,,PKR,monthly,,,Full Time Software Engineer (PHP) Jobs in Pakistan
13465,other,junior,Islamabad,PK,chisel_pk,,,PKR,monthly,,,Full Time Sales And Marketing Officer Job in Pakistan
13466,other,junior,Islamabad,PK,chisel_pk,,,PKR,monthly,,,Online Full Time Real Estate Broker Job in Pakistan
13467,other,junior,Bahawalpur,PK,chisel_pk,,,PKR,monthly,,,Full Time Social Media Marketing / PPC Expert Jobs in Pakistan
13468,other,junior,Islamabad,PK,chisel_pk,,,PKR,monthly,,,Full Time Web Developer PHP Jobs in Pakistan
13469,other,junior,Peshawar,PK,chisel_pk,,,PKR,monthly,,,Full Time Graphic / Web Designer Job in Pakistan
13470,other,mid,Peshawar,PK,chisel_pk,,,PKR,monthly,,,Full Time Mobile App Developer Job in Pakistan
13471,other,mid,Peshawar,PK,chisel_pk,,,PKR,monthly,,,Full Time IT Supervisor Job in Pakistan
13472,other,junior,Islamabad,PK,chisel_pk,,,PKR,monthly,,,Full Time Wordpress Developer Job in Pakistan
13473,other,senior,Islamabad,PK,chisel_pk,,,PKR,monthly,,,Full Time Sr. Graphics Designer Job in Pakistan
13474,other,junior,Lahore,PK,chisel_pk,,,PKR,monthly,,,Full Time Online Project Bidder Job in Pakistan
13476,other,mid,Islamabad,PK,chisel_pk,,,PKR,monthly,,,Full Time Graphic Designer Job in Pakistan
13477,other,junior,Islamabad,PK,chisel_pk,,,PKR,monthly,,,Full Time Marketing Executive Job in Pakistan
13478,other,junior,Lahore,PK,chisel_pk,,,PKR,monthly,,,Full Time Unity Developer Jobs in Pakistan
13479,other,junior,Lahore,PK,chisel_pk,,,PKR,monthly,,,Full Time Travel Agent Travel Consultant Jobs in Pakistan
13480,other,junior,Lahore,PK,chisel_pk,,,PKR,monthly,,,Full Time Quality Assurance / Test Engineer Job in Pakistan
13481,other,junior,Gujrat,PK,chisel_pk,,,PKR,monthly,,,Full Time Sales Executive (Motorcycle Sales - Contractual) Job in Pakistan
13482,other,junior,Islamabad,PK,chisel_pk,,,PKR,monthly,,,Full Time Subject Teachers (For Designing Lecture Content) Jobs in Pakistan
13483,other,junior,Islamabad,PK,chisel_pk,,,PKR,monthly,,,Full Time Subject Teachers (For Recorded Lectures) Jobs in Pakistan
13484,other,mid,Lahore,PK,chisel_pk,,,PKR,monthly,,,Full Time Netroots Technologies Required Senior PHP (Laravel) Developer Jobs in Pakistan
13485,other,mid,Lahore,PK,chisel_pk,,,PKR,monthly,,,Full Time ASO Expert Job in Pakistan
13486,other,junior,Islamabad,PK,chisel_pk,,,PKR,monthly,,,Full Time Business Development Manager Job in Pakistan
13487,other,junior,Islamabad,PK,chisel_pk,,,PKR,monthly,,,Full Time Sales Executive / Officer Jobs in Pakistan
13488,other,junior,Lahore,PK,chisel_pk,,,PKR,monthly,,,Full Time QA Engineer Job in Pakistan
13489,other,junior,Wah,PK,chisel_pk,,,PKR,monthly,,,Full Time Full Stack Developer / MEAN Developer Jobs in Pakistan
13490,other,mid,Lahore,PK,chisel_pk,,,PKR,monthly,,,Full Time Creative Video Editor & Web Designer Jobs in Pakistan
13491,other,junior,Faisalabad,PK,chisel_pk,,,PKR,monthly,,,Full Time Relationship Officer Jobs in Pakistan
13492,other,junior,Karachi,PK,chisel_pk,,,PKR,monthly,,,Full Time Oracle Developer Or .NET Developer Jobs in Pakistan
13493,other,junior,Lahore,PK,chisel_pk,,,PKR,monthly,,,Full Time Sales Executive - Motorcycle Sales (Contractual) Job in Pakistan
13494,other,junior,Rawalpindi,PK,chisel_pk,,,PKR,monthly,,,Full Time Digital Marketer Job in Pakistan
13495,other,mid,Karachi,PK,chisel_pk,,,PKR,monthly,,,Full Time Office Boy Job in Pakistan
13496,other,junior,Lahore,PK,chisel_pk,,,PKR,monthly,,,Full Time Graphic Designer Interns Needed Who Are Interested To Learn Video Production Jobs in Pakistan
13497,other,mid,Lahore,PK,chisel_pk,,,PKR,monthly,,,Full Time Oracle Database Developer/Administrator Job in Pakistan
13498,other,junior,Karachi,PK,chisel_pk,,,PKR,monthly,,,Full Time Looking For SQA & Support Engineer Job in Pakistan
13499,other,mid,Lahore,PK,chisel_pk,,,PKR,monthly,,,Full Time Sr. Wordpress Plugin Developer Jobs in Pakistan
13500,other,junior,Lahore,PK,chisel_pk,,,PKR,monthly,,,Full Time Vb.Net And C# Developer Job in Pakistan
13501,other,junior,Karachi,PK,chisel_pk,,,PKR,monthly,,,Full Time Digital Marketing Executive Jobs in Pakistan
13502,other,junior,Lahore,PK,chisel_pk,,,PKR,monthly,,,Online Full Time IT Support Engineer Job in Pakistan
13503,other,junior,Karachi,PK,chisel_pk,,,PKR,monthly,,,Full Time CCTV Electrician Job in Pakistan
13504,other,junior,Lahore,PK,chisel_pk,,,PKR,monthly,,,Full Time CG Artist - 3D Game Designer Internship Jobs in Pakistan
13505,other,junior,Lahore,PK,chisel_pk,,,PKR,monthly,,,Full Time Unity 2D/3D Game Development Internship Jobs in Pakistan
13506,other,junior,Karachi,PK,chisel_pk,,,PKR,monthly,,,Full Time Animator Jobs in Pakistan
13507,other,junior,Karachi,PK,chisel_pk,,,PKR,monthly,,,Full Time Wordpress Developer Jobs in Pakistan
13508,other,junior,Islamabad,PK,chisel_pk,,,PKR,monthly,,,Full Time Junior Prestshop Developer Job in Pakistan
13509,other,senior,Lahore,PK,chisel_pk,,,PKR,monthly,,,Full Time Sales & Marketing Manager Job in Pakistan
13510,other,junior,Lahore,PK,chisel_pk,,,PKR,monthly,,,Full Time HR Executive Job in Pakistan
13511,other,junior,Islamabad,PK,chisel_pk,,,PKR,monthly,,,Online Full Time Sales Executive Jobs in Pakistan
13512,other,junior,Lahore,PK,chisel_pk,,,PKR,monthly,,,Full Time Office Assistant Job in Pakistan
13513,other,mid,Lahore,PK,chisel_pk,,,PKR,monthly,,,Full Time Graphic Designer Job in Pakistan
13514,other,junior,Karachi,PK,chisel_pk,,,PKR,monthly,,,Full Time Accountant Jobs in Pakistan
13515,other,junior,Karachi,PK,chisel_pk,,,PKR,monthly,,,Full Time Content Writer Jobs in Pakistan
13516,other,junior,Faisalabad,PK,chisel_pk,,,PKR,monthly,,,Full Time Diagnostic Associate Job in Pakistan
13517,other,mid,Lahore,PK,chisel_pk,,,PKR,monthly,,,Full Time Graphic Designer Job in Pakistan
13518,other,junior,Rawalpindi,PK,chisel_pk,,,PKR,monthly,,,Full Time Customer Service Representative Jobs in Pakistan
13519,other,junior,Islamabad,PK,chisel_pk,,,PKR,monthly,,,Full Time Content Writers Jobs in Pakistan
13520,other,junior,Islamabad,PK,chisel_pk,,,PKR,monthly,,,"Full Time Internship Program, We Are Hiring Fresh Grads Creative Writers Jobs in Pakistan"
13521,other,junior,Islamabad,PK,chisel_pk,,,PKR,monthly,,,Full Time Android Application Developer Jobs in Pakistan
13522,other,junior,Lahore,PK,chisel_pk,,,PKR,monthly,,,Full Time Business Development Officer (IT) Job in Pakistan
13523,other,mid,Karachi,PK,chisel_pk,,,PKR,monthly,,,Full Time React Native Developer Job in Pakistan
13524,other,junior,Islamabad,PK,chisel_pk,,,PKR,monthly,,,Online Full Time Business Development Executive Jobs in Pakistan
13525,other,junior,Lahore,PK,chisel_pk,,,PKR,monthly,,,Full Time Digital Marketing Executive Job in Pakistan
13526,other,mid,Lahore,PK,chisel_pk,,,PKR,monthly,,,Full Time Financial & Market Research Analyst Job in Pakistan
13527,other,junior,Rawalpindi,PK,chisel_pk,,,PKR,monthly,,,Full Time React Native Developer Jobs in Pakistan
13528,other,mid,Karachi,PK,chisel_pk,,,PKR,monthly,,,Full Time INDUSTRY TELESALES MARKETING Jobs in Pakistan
13529,other,junior,Islamabad,PK,chisel_pk,,,PKR,monthly,,,Full Time Game & Application Designer Jobs in Pakistan
13530,other,mid,Lahore,PK,chisel_pk,,,PKR,monthly,,,Online Full Time Marketing Executive Jobs in Pakistan
13531,other,mid,Karachi,PK,chisel_pk,,,PKR,monthly,,,Online Full Time MARKETING EXECUTIVE Jobs in Pakistan
13532,other,junior,Lahore,PK,chisel_pk,,,PKR,monthly,,,Full Time PHP Developer Job in Pakistan
13533,other,mid,Lahore,PK,chisel_pk,,,PKR,monthly,,,Full Time Accounts Officer Job in Pakistan
13534,other,mid,Lahore,PK,chisel_pk,,,PKR,monthly,,,Full Time Graphic Designer Job in Pakistan
13535,other,junior,Islamabad,PK,chisel_pk,,,PKR,monthly,,,Full Time Subject Teachers Jobs in Pakistan
13536,other,junior,Islamabad,PK,chisel_pk,,,PKR,monthly,,,Full Time HR/Recruitment Executive Job in Pakistan
13537,other,junior,Karachi,PK,chisel_pk,,,PKR,monthly,,,Full Time Web Designer/ Front End Developer Job in Pakistan
13538,other,junior,Lahore,PK,chisel_pk,,,PKR,monthly,,,Online Full Time Head Chef Job in Pakistan
13539,other,junior,Lahore,PK,chisel_pk,,,PKR,monthly,,,Online Full Time Accountant Job in Pakistan
13540,other,junior,Islamabad,PK,chisel_pk,,,PKR,monthly,,,Full Time Accounts Executive Job in Pakistan
13541,other,junior,Lahore,PK,chisel_pk,,,PKR,monthly,,,Full Time Content Writer Job in Pakistan
13542,other,mid,Lahore,PK,chisel_pk,,,PKR,monthly,,,Full Time Customer Support Officer Jobs in Pakistan
13543,other,junior,Lahore,PK,chisel_pk,,,PKR,monthly,,,Full Time Customer Services / Support Representative Jobs in Pakistan
13544,other,junior,Lahore,PK,chisel_pk,,,PKR,monthly,,,Full Time Wordpress Developer Jobs in Pakistan
13545,other,junior,Lahore,PK,chisel_pk,,,PKR,monthly,,,Full Time Codeigniter Developer Jobs in Pakistan
13546,other,mid,Islamabad,PK,chisel_pk,,,PKR,monthly,,,Full Time Senior Sales Rep Jobs in Pakistan
13547,other,junior,Islamabad,PK,chisel_pk,,,PKR,monthly,,,Full Time Operation Manager Jobs in Pakistan
13548,other,junior,Islamabad,PK,chisel_pk,,,PKR,monthly,,,Full Time Sales Executive Job in Pakistan
13549,other,junior,Lahore,PK,chisel_pk,,,PKR,monthly,,,Full Time Assistant Manager Job in Pakistan
13550,other,junior,Lahore,PK,chisel_pk,,,PKR,monthly,,,Full Time Customer Service Representative Jobs in Pakistan
13551,other,junior,Faisalabad,PK,chisel_pk,,,PKR,monthly,,,Full Time Retail Salesman Jobs in Pakistan
13552,other,junior,Karachi,PK,chisel_pk,,,PKR,monthly,,,Full Time Wordpress Developer Job in Pakistan
13553,other,junior,Lahore,PK,chisel_pk,,,PKR,monthly,,,Full Time Software Engineer Jobs in Pakistan
13554,other,mid,Karachi,PK,chisel_pk,,,PKR,monthly,,,Full Time Accounts Officer Job in Pakistan
13555,other,junior,Lahore,PK,chisel_pk,,,PKR,monthly,,,Full Time Accountant For A Restaurant In Lahore Job in Pakistan
13556,other,junior,Lahore,PK,chisel_pk,,,PKR,monthly,,,Full Time Front Desk Officer (Female) Job in Pakistan
13557,other,junior,Lahore,PK,chisel_pk,,,PKR,monthly,,,Full Time Customer Care Executive (Female) Jobs in Pakistan
13558,other,junior,Kamalia,PK,chisel_pk,,,PKR,monthly,,,Full Time Medical Officer Job in Pakistan
13559,other,mid,Karachi,PK,chisel_pk,,,PKR,monthly,,,Full Time Software Developer Jobs in Pakistan
13560,other,junior,Karachi,PK,chisel_pk,,,PKR,monthly,,,Full Time Call Center Executives Jobs in Pakistan
13561,other,junior,Karachi,PK,chisel_pk,,,PKR,monthly,,,Online Full Time SEO (Link Builder) Jobs in Pakistan
13562,other,junior,Karachi,PK,chisel_pk,,,PKR,monthly,,,Full Time Social Media Expert Jobs in Pakistan
13563,other,junior,Islamabad,PK,chisel_pk,,,PKR,monthly,,,Full Time Full Stack Developer Jobs in Pakistan
13564,other,junior,Rawalpindi,PK,chisel_pk,,,PKR,monthly,,,Full Time Experienced Front End Developer Jobs in Pakistan
13565,other,mid,Islamabad,PK,chisel_pk,,,PKR,monthly,,,Full Time PPC Manager Expert Jobs in Pakistan
13566,other,unknown,Islamabad,PK,chisel_pk,,,PKR,monthly,,,Full Time Graphics Designer Job in Pakistan
13567,other,mid,Islamabad,PK,chisel_pk,,,PKR,monthly,,,Full Time .NET / Core / ASP.NET / C# Developer Job in Pakistan
13568,other,junior,Islamabad,PK,chisel_pk,,,PKR,monthly,,,Full Time Customer Support Representatives Jobs in Pakistan
13569,other,mid,Islamabad,PK,chisel_pk,,,PKR,monthly,,,Full Time Graphic Designer Job in Pakistan
13570,other,junior,Rawalpindi,PK,chisel_pk,,,PKR,monthly,,,Full Time Wordpress PHP Developer Jobs in Pakistan
13571,other,junior,Islamabad,PK,chisel_pk,,,PKR,monthly,,,Full Time Sales & Marketing Officers Jobs in Pakistan
13572,other,mid,Rawalpindi,PK,chisel_pk,,,PKR,monthly,,,Full Time Montessori Trained Teacher Jobs in Pakistan
13573,other,mid,Karachi,PK,chisel_pk,,,PKR,monthly,,,Full Time Vice Principal / Academic Coordinator Job in Pakistan
13574,other,junior,Rawalpindi,PK,chisel_pk,,,PKR,monthly,,,Full Time PHP/Wordpress Developer Jobs in Pakistan
13575,other,junior,Lahore,PK,chisel_pk,,,PKR,monthly,,,Full Time Graphic Designer / Social Media Specialist Job in Pakistan
13576,other,junior,Islamabad,PK,chisel_pk,,,PKR,monthly,,,Online Full Time Customer Support Officer Jobs in Pakistan
13577,other,junior,Karachi,PK,chisel_pk,,,PKR,monthly,,,Full Time Manager Job in Pakistan
13578,other,junior,Karachi,PK,chisel_pk,,,PKR,monthly,,,Full Time Software Engineer Jobs in Pakistan
13579,data_analyst,junior,Hyderabad,PK,chisel_pk,,,PKR,monthly,,,Full Time Business Analyst - Technical Jobs in Pakistan
13580,other,junior,Lahore,PK,chisel_pk,,,PKR,monthly,,,Full Time SEO Sales Manager / Business Development Manager Job in Pakistan
13581,other,junior,Multan,PK,chisel_pk,,,PKR,monthly,,,Full Time Chemical Engineer Job in Pakistan
13582,other,junior,Islamabad,PK,chisel_pk,,,PKR,monthly,,,Full Time Social Media Specialist Job in Pakistan
13583,other,junior,Karachi,PK,chisel_pk,,,PKR,monthly,,,Full Time OTDR Technician Jobs in Pakistan
13584,other,junior,Islamabad,PK,chisel_pk,,,PKR,monthly,,,Full Time Online Bidder For Freelance Websites Jobs in Pakistan
13585,other,junior,Rawalpindi,PK,chisel_pk,,,PKR,monthly,,,Full Time Junior Content Writer Job in Pakistan
13586,other,junior,Lahore,PK,chisel_pk,,,PKR,monthly,,,Full Time Marketing Coordinator Jobs in Pakistan
13587,other,junior,Karachi,PK,chisel_pk,,,PKR,monthly,,,Online Full Time Freelancer Sales Executive Jobs in Pakistan
13588,other,junior,Lahore,PK,chisel_pk,,,PKR,monthly,,,Full Time IOS Developer Job in Pakistan
13589,other,unknown,Lahore,PK,chisel_pk,,,PKR,monthly,,,Online Full Time Need Sales Persons Jobs in Pakistan
13590,other,junior,Lahore,PK,chisel_pk,,,PKR,monthly,,,Full Time Accountant Jobs in Pakistan
13591,other,junior,Karachi,PK,chisel_pk,,,PKR,monthly,,,Online Full Time Female CSR (UK Inbound) Jobs in Pakistan
13592,other,junior,Karachi,PK,chisel_pk,,,PKR,monthly,,,Online Full Time Business Development Manager ( Shipping ) Job in Pakistan
13593,other,junior,Karachi,PK,chisel_pk,,,PKR,monthly,,,Online Full Time Sales And Marketing Executive Job in Pakistan
13594,other,junior,Karachi,PK,chisel_pk,,,PKR,monthly,,,Online Full Time Receptionist Job in Pakistan
13595,other,mid,Islamabad,PK,chisel_pk,,,PKR,monthly,,,Online Full Time Sales Manager Jobs in Pakistan
13596,other,junior,Lahore,PK,chisel_pk,,,PKR,monthly,,,Full Time Full Stack PHP Developer Job in Pakistan
13597,other,junior,Lahore,PK,chisel_pk,,,PKR,monthly,,,Full Time SEO Executive Jobs in Pakistan
13598,other,junior,Islamabad,PK,chisel_pk,,,PKR,monthly,,,Full Time JAVA Programmer Jobs in Pakistan
13599,other,junior,Islamabad,PK,chisel_pk,,,PKR,monthly,,,Full Time Digital Marketing Executive Job in Pakistan
13600,other,junior,Gujranwala,PK,chisel_pk,,,PKR,monthly,,,Full Time Product Marketing Manager Jobs in Pakistan
13601,other,junior,Lahore,PK,chisel_pk,,,PKR,monthly,,,Full Time Sales Executive (Motorcycle Sales - Contractual) Job in Pakistan
13602,other,junior,Islamabad,PK,chisel_pk,,,PKR,monthly,,,Full Time Full Stack Javascript Developer Jobs in Pakistan
13603,other,junior,Islamabad,PK,chisel_pk,,,PKR,monthly,,,Full Time Junior Software Developer Job in Pakistan
13604,other,junior,Islamabad,PK,chisel_pk,,,PKR,monthly,,,Full Time HR Intern Jobs in Pakistan
13605,other,junior,Islamabad,PK,chisel_pk,,,PKR,monthly,,,Full Time Android Developer Job in Pakistan
13606,other,junior,Hyderabad,PK,chisel_pk,,,PKR,monthly,,,Full Time Creative Content Writer Job in Pakistan
13607,other,junior,Hyderabad,PK,chisel_pk,,,PKR,monthly,,,Full Time Social Media Marketer Jobs in Pakistan
13608,other,junior,Karachi,PK,chisel_pk,,,PKR,monthly,,,Full Time Drupal/Wordpress Developer Jobs in Pakistan
13609,other,junior,Islamabad,PK,chisel_pk,,,PKR,monthly,,,Full Time Business Development Officer Jobs in Pakistan
13610,other,junior,Islamabad,PK,chisel_pk,,,PKR,monthly,,,Full Time Technical Recruiter Jobs in Pakistan
13611,other,junior,Islamabad,PK,chisel_pk,,,PKR,monthly,,,Full Time PHP Developer Job in Pakistan
13612,other,junior,Lahore,PK,chisel_pk,,,PKR,monthly,,,Full Time Data Entry Expert Jobs in Pakistan
13613,other,junior,Islamabad,PK,chisel_pk,,,PKR,monthly,,,Full Time PPC/Digital Marketer (Full-Time/Part-Time) Jobs in Pakistan
13614,other,junior,Islamabad,PK,chisel_pk,,,PKR,monthly,,,Full Time Internships In Android / Web Jobs in Pakistan
13615,other,junior,Islamabad,PK,chisel_pk,,,PKR,monthly,,,Full Time Graphics Designer / UI / UX Designer Job in Pakistan
13616,other,junior,Lahore,PK,chisel_pk,,,PKR,monthly,,,Full Time Store Keeper Job in Pakistan
13617,other,junior,Karachi,PK,chisel_pk,,,PKR,monthly,,,Full Time Data Entry Officer Jobs in Pakistan
13618,other,junior,Islamabad,PK,chisel_pk,,,PKR,monthly,,,Full Time Script Writer Job in Pakistan
13619,other,junior,Islamabad,PK,chisel_pk,,,PKR,monthly,,,Full Time Online Bidder For Freelance Websites Jobs in Pakistan
13620,other,junior,Karachi,PK,chisel_pk,,,PKR,monthly,,,Online Full Time Unity Game Engineer For New Studio Jobs in Pakistan
13621,other,junior,Wah,PK,chisel_pk,,,PKR,monthly,,,Full Time Customer Service / Call Center Representative - Female Jobs in Pakistan
13622,other,junior,Lahore,PK,chisel_pk,,,PKR,monthly,,,Full Time React Native Mobile Apps Developer Job in Pakistan
13623,other,junior,Islamabad,PK,chisel_pk,,,PKR,monthly,,,Full Time Front End Developer Jobs in Pakistan
13624,other,mid,Islamabad,PK,chisel_pk,,,PKR,monthly,,,Full Time Mobile Application Architect Job in Pakistan
13625,other,mid,Islamabad,PK,chisel_pk,,,PKR,monthly,,,Full Time Creative Copy Writer Job in Pakistan
13626,other,mid,Islamabad,PK,chisel_pk,,,PKR,monthly,,,Full Time Senior Mobile App Developer Job in Pakistan
13627,other,mid,Islamabad,PK,chisel_pk,,,PKR,monthly,,,Full Time Sales Specialist Job in Pakistan
13628,other,mid,Islamabad,PK,chisel_pk,,,PKR,monthly,,,Full Time Creative Content Specialist / Content Quality Assurance Jobs in Pakistan
13629,other,junior,Rawalpindi,PK,chisel_pk,,,PKR,monthly,,,Full Time Trading Coordinator Job in Pakistan
13630,other,junior,Rawalpindi,PK,chisel_pk,,,PKR,monthly,,,Full Time Marleting Coordinator (Female) Job in Pakistan
13631,other,junior,Rawalpindi,PK,chisel_pk,,,PKR,monthly,,,Full Time HR Coordinator Job in Pakistan
13632,other,junior,Rawalpindi,PK,chisel_pk,,,PKR,monthly,,,Full Time Wordpress Developer Job in Pakistan
13633,other,junior,Lahore,PK,chisel_pk,,,PKR,monthly,,,"Full Time Wordpress Developer, Wordpress Frontend Developer, WP Customisation Expert Job in Pakistan"
13634,other,junior,Lahore,PK,chisel_pk,,,PKR,monthly,,,Full Time PHP Web Developer Jobs in Pakistan
13635,other,mid,Rawalpindi,PK,chisel_pk,,,PKR,monthly,,,Full Time SEO Expert Job in Pakistan
13636,other,junior,Lahore,PK,chisel_pk,,,PKR,monthly,,,Full Time Unity 3D Games Developer Job in Pakistan
13637,other,junior,Islamabad,PK,chisel_pk,,,PKR,monthly,,,Full Time Front End Developer Job in Pakistan
13638,other,mid,Islamabad,PK,chisel_pk,,,PKR,monthly,,,Full Time Devop Developer Job in Pakistan
13639,other,mid,Karachi,PK,chisel_pk,,,PKR,monthly,,,Full Time Graphic Designer Job in Pakistan
13640,other,junior,Karachi,PK,chisel_pk,,,PKR,monthly,,,Full Time PPC Specialist Job in Pakistan
13641,other,mid,Karachi,PK,chisel_pk,,,PKR,monthly,,,Full Time Web Developer Job in Pakistan
13642,other,junior,Karachi,PK,chisel_pk,,,PKR,monthly,,,Full Time Techno Functional Consultant Job in Pakistan
13643,other,junior,Islamabad,PK,chisel_pk,,,PKR,monthly,,,Full Time PHP / Wordpress Developer Jobs in Pakistan
13644,other,mid,Islamabad,PK,chisel_pk,,,PKR,monthly,,,Full Time Software Development Manager Job in Pakistan
13645,other,junior,Karachi,PK,chisel_pk,,,PKR,monthly,,,Full Time PHP Developer Jobs in Pakistan
13646,other,junior,Islamabad,PK,chisel_pk,,,PKR,monthly,,,Full Time Social Media Manager Job in Pakistan
13647,other,junior,Islamabad,PK,chisel_pk,,,PKR,monthly,,,Full Time Senior MVC Developer Required Jobs in Pakistan
13648,other,junior,Lahore,PK,chisel_pk,,,PKR,monthly,,,Full Time React JS Developer/ Node JS Developer Jobs in Pakistan
13649,other,junior,Karachi,PK,chisel_pk,,,PKR,monthly,,,Full Time Daraz Seller Center Operator Job in Pakistan
13650,other,junior,Islamabad,PK,chisel_pk,,,PKR,monthly,,,Full Time Android Developer Job in Pakistan
13651,other,junior,Islamabad,PK,chisel_pk,,,PKR,monthly,,,Online Full Time IT Assistant Job in Pakistan
13652,other,junior,Islamabad,PK,chisel_pk,,,PKR,monthly,,,Full Time Account Assistant Job in Pakistan
13653,other,junior,Lahore,PK,chisel_pk,,,PKR,monthly,,,Full Time Sales Executive Jobs in Pakistan
13654,other,junior,Islamabad,PK,chisel_pk,,,PKR,monthly,,,Full Time ASO Expert - App Store Optimization Jobs in Pakistan
13655,other,junior,Lahore,PK,chisel_pk,,,PKR,monthly,,,Full Time Project/Admin Officer Job in Pakistan
13656,other,junior,Rawalpindi,PK,chisel_pk,,,PKR,monthly,,,Full Time Web And Graphic Designer Job in Pakistan
13657,other,junior,Rawalpindi,PK,chisel_pk,,,PKR,monthly,,,Full Time SEO Internship Job in Pakistan
13658,other,junior,Lahore,PK,chisel_pk,,,PKR,monthly,,,Full Time PHP Web Developer Job in Pakistan
13659,other,junior,Lahore,PK,chisel_pk,,,PKR,monthly,,,Online Full Time Telesales Specialist Jobs in Pakistan
13660,other,mid,Faisalabad,PK,chisel_pk,,,PKR,monthly,,,Online Full Time Senior Full Stack Wordpress Developer Job in Pakistan
13661,other,junior,Karachi,PK,chisel_pk,,,PKR,monthly,,,Full Time Female Telemarketing Job in Pakistan
13662,other,junior,Lahore,PK,chisel_pk,,,PKR,monthly,,,Full Time SEO / SMM Internships Jobs in Pakistan
13663,other,junior,Lahore,PK,chisel_pk,,,PKR,monthly,,,Full Time Business Development Officer Job in Pakistan
13664,other,mid,Faisalabad,PK,chisel_pk,,,PKR,monthly,,,Online Full Time SEO Expert / Manager Job in Pakistan
13665,other,junior,Karachi,PK,chisel_pk,,,PKR,monthly,,,Full Time Accountant Job in Pakistan
13666,other,mid,Rawalpindi,PK,chisel_pk,,,PKR,monthly,,,Full Time WPF Developer Or Windows Winform Developer Jobs in Pakistan
13667,other,junior,Attock,PK,chisel_pk,,,PKR,monthly,,,Full Time Business Development Manager Job in Pakistan
13668,other,mid,Rawalpindi,PK,chisel_pk,,,PKR,monthly,,,Full Time Microsoft Excel Designer And Technical Expert / VBA Developer Jobs in Pakistan
13669,other,mid,Rawalpindi,PK,chisel_pk,,,PKR,monthly,,,Full Time Microsoft Access/ VBA Developer Jobs in Pakistan
13670,other,junior,Karachi,PK,chisel_pk,,,PKR,monthly,,,Full Time Tax Associate Job in Pakistan
13671,other,junior,Lahore,PK,chisel_pk,,,PKR,monthly,,,"Full Time SEO, Link Building Expert Job in Pakistan"
13672,other,junior,Islamabad,PK,chisel_pk,,,PKR,monthly,,,Full Time Counter Sales Officer Job in Pakistan
13673,other,mid,Karachi,PK,chisel_pk,,,PKR,monthly,,,Full Time Android Developer & Ios Developer Jobs in Pakistan
13674,other,mid,Karachi,PK,chisel_pk,,,PKR,monthly,,,Full Time Senior SQA Specialist Jobs in Pakistan
13675,other,junior,Rawalpindi,PK,chisel_pk,,,PKR,monthly,,,Full Time Junior Frontend Developer Job in Pakistan
13676,other,junior,Lahore,PK,chisel_pk,,,PKR,monthly,,,Full Time Recruitment Researcher Jobs in Pakistan
13677,other,junior,Karachi,PK,chisel_pk,,,PKR,monthly,,,Full Time Human Resource Job in Pakistan
13678,other,junior,Islamabad,PK,chisel_pk,,,PKR,monthly,,,Full Time UI/UX Designer Jobs in Pakistan
13679,other,mid,Karachi,PK,chisel_pk,,,PKR,monthly,,,Full Time Mobile App Developer Job in Pakistan
13680,other,mid,Lahore,PK,chisel_pk,,,PKR,monthly,,,Full Time Assistant Sales Manager Job in Pakistan
13681,other,mid,Lahore,PK,chisel_pk,,,PKR,monthly,,,Full Time Software Developer Jobs in Pakistan
13682,other,junior,Islamabad,PK,chisel_pk,,,PKR,monthly,,,Full Time Co-Ordinator Guests Job in Pakistan
13683,other,junior,Lahore,PK,chisel_pk,,,PKR,monthly,,,Full Time Human Resource Coordinator Job in Pakistan
13684,other,mid,Lahore,PK,chisel_pk,,,PKR,monthly,,,Full Time PHP Developer - Codeigniter Job in Pakistan
13685,other,junior,Karachi,PK,chisel_pk,,,PKR,monthly,,,Full Time Tele Sales Executives (Call Center) Jobs in Pakistan
13686,other,junior,Karachi,PK,chisel_pk,,,PKR,monthly,,,Full Time Jr SEO Link Builder Jobs in Pakistan
13687,other,junior,Karachi,PK,chisel_pk,,,PKR,monthly,,,Full Time Jr Creative Animator/Storyboard Artist Jobs in Pakistan
13688,other,junior,Karachi,PK,chisel_pk,,,PKR,monthly,,,Full Time Jr. Illustration Artist (Night Shift) Jobs in Pakistan
13689,other,junior,Karachi,PK,chisel_pk,,,PKR,monthly,,,Full Time Junior Creative Content Writer Jobs in Pakistan
13690,other,junior,Karachi,PK,chisel_pk,,,PKR,monthly,,,Full Time Sales Executive (Night Shift) Jobs in Pakistan
12324,other,mid,Islamabad,PK,chisel_pk,,,PKR,monthly,,,Full Time Python Data Analysis Trainer Job in Pakistan
9220,other,junior,Sialkot,PK,chisel_pk,,,PKR,monthly,,,Full Time Data Entry Operator Job in Pakistan
10133,other,mid,Lahore,PK,chisel_pk,,,PKR,monthly,,,Full Time SEO Expert Job in Pakistan
9959,other,junior,Lahore,PK,chisel_pk,,,PKR,monthly,,,Full Time PCB Designer Job in Pakistan
9971,other,junior,Lahore,PK,chisel_pk,,,PKR,monthly,,,Full Time MTO Sales Jobs in Pakistan
10006,other,mid,Lahore,PK,chisel_pk,,,PKR,monthly,,,Full Time Sale Executive Job in Pakistan
10032,other,junior,Lahore,PK,chisel_pk,,,PKR,monthly,,,Full Time SEO Internees Jobs in Pakistan
10345,other,junior,Lahore,PK,chisel_pk,,,PKR,monthly,,,Full Time Outdoor Marketing Executive Job in Pakistan
10117,other,junior,Lahore,PK,chisel_pk,,,PKR,monthly,,,Full Time Marketing Manager In Fabric Job in Pakistan
10276,other,junior,Lahore,PK,chisel_pk,,,PKR,monthly,,,Full Time SMM Expert Jobs in Pakistan
10297,other,junior,Lahore,PK,chisel_pk,,,PKR,monthly,,,Full Time Unity3d Game Developer Jobs in Pakistan
10323,other,mid,Karachi,PK,chisel_pk,,,PKR,monthly,,,Full Time Offset Printing Machine Operator Jobs in Pakistan
10365,other,junior,Multan,PK,chisel_pk,,,PKR,monthly,,,Full Time Marketing Officer Job in Pakistan
10431,other,junior,Islamabad,PK,chisel_pk,,,PKR,monthly,,,Full Time 3D Artist Job in Pakistan
10464,other,mid,Karachi,PK,chisel_pk,,,PKR,monthly,,,Full Time Corporate Sales Manager/Officer (Punjab/Sindh) Jobs in Pakistan
10497,other,junior,Islamabad,PK,chisel_pk,,,PKR,monthly,,,Full Time CSR Job in Pakistan
10544,other,mid,Lahore,PK,chisel_pk,,,PKR,monthly,,,Full Time Accounts Officer Job in Pakistan
10598,other,junior,Peshawar,PK,chisel_pk,,,PKR,monthly,,,Full Time Senior Relationship Officer / Relationship Officer Jobs in Pakistan
10761,other,mid,Peshawar,PK,chisel_pk,,,PKR,monthly,,,Full Time Office Boy Job in Pakistan
10839,other,junior,Faisalabad,PK,chisel_pk,,,PKR,monthly,,,Full Time Sales Officer Job in Pakistan
10854,other,junior,Islamabad,PK,chisel_pk,,,PKR,monthly,,,Full Time Full-Stack PHP Developer Jobs in Pakistan
10928,other,junior,Lahore,PK,chisel_pk,,,PKR,monthly,,,Full Time Coordinator Jobs in Pakistan
10952,other,junior,Lahore,PK,chisel_pk,,,PKR,monthly,,,Full Time Html5 And Bootstrap Expert Jobs in Pakistan
11045,other,junior,Lahore,PK,chisel_pk,,,PKR,monthly,,,Full Time Assistant Lawyer Job in Pakistan
11057,other,mid,Karachi,PK,chisel_pk,,,PKR,monthly,,,Full Time Senior PHP Developer Job in Pakistan
11120,other,junior,Muzaffargarh,PK,chisel_pk,,,PKR,monthly,,,Full Time Bike Rider Jobs in Pakistan
11205,other,junior,Faisalabad,PK,chisel_pk,,,PKR,monthly,,,Full Time Content Writer Jobs in Pakistan
11277,other,junior,Karachi,PK,chisel_pk,,,PKR,monthly,,,Full Time HR Person Job in Pakistan
11311,other,junior,Islamabad,PK,chisel_pk,,,PKR,monthly,,,Full Time Financial Advisor Jobs in Pakistan
11341,other,junior,Besham,PK,chisel_pk,,,PKR,monthly,,,Full Time Generator Technician Job in Pakistan
11422,other,junior,Islamabad,PK,chisel_pk,,,PKR,monthly,,,Full Time FBA Listing & Data Entry Operator Jobs in Pakistan
11480,other,junior,Lahore,PK,chisel_pk,,,PKR,monthly,,,Full Time Shop Attendant Job in Pakistan
11615,other,junior,Islamabad,PK,chisel_pk,,,PKR,monthly,,,Full Time Call Center Representatives Jobs in Pakistan
11634,other,junior,Gujranwala,PK,chisel_pk,,,PKR,monthly,,,Full Time Video Animator Job in Pakistan
11662,other,junior,Karachi,PK,chisel_pk,,,PKR,monthly,,,Full Time Order Booker Jobs in Pakistan
11695,other,junior,Karachi,PK,chisel_pk,,,PKR,monthly,,,Full Time Safety Officer Job in Pakistan
11708,other,junior,Karachi,PK,chisel_pk,,,PKR,monthly,,,Full Time Accountant Job in Pakistan
11762,other,mid,Lahore,PK,chisel_pk,,,PKR,monthly,,,Full Time Office Boy Job in Pakistan
11801,other,junior,Lahore,PK,chisel_pk,,,PKR,monthly,,,Online Full Time Operations And Customer Relationship Officer Job in Pakistan
11811,other,mid,Islamabad,PK,chisel_pk,,,PKR,monthly,,,Full Time Senior Php Developer Job in Pakistan
11865,other,mid,Rawalpindi,PK,chisel_pk,,,PKR,monthly,,,Full Time Web Developer Job in Pakistan
11909,other,junior,Islamabad,PK,chisel_pk,,,PKR,monthly,,,Full Time Laravel Developer Job in Pakistan
11969,other,mid,Lahore,PK,chisel_pk,,,PKR,monthly,,,Full Time Accounts Officer (Cashier) Job in Pakistan
12080,other,mid,Karachi,PK,chisel_pk,,,PKR,monthly,,,Full Time SEO Specialist Job in Pakistan
12169,other,junior,Rawalpindi,PK,chisel_pk,,,PKR,monthly,,,Full Time Credentialing Analyst Job in Pakistan
12311,other,junior,Islamabad,PK,chisel_pk,,,PKR,monthly,,,Full Time Office Assistant Job in Pakistan
12354,other,mid,Karachi,PK,chisel_pk,,,PKR,monthly,,,Full Time Merchandiser Job in Pakistan
12418,other,junior,Karachi,PK,chisel_pk,,,PKR,monthly,,,Full Time Sales Officer Jobs in Pakistan
12662,other,junior,Karachi,PK,chisel_pk,,,PKR,monthly,,,Full Time Data Entry Operator Jobs in Pakistan
12696,other,mid,Lahore,PK,chisel_pk,,,PKR,monthly,,,Online Full Time AWS Devops Engineer Jobs in Pakistan
12773,other,junior,Lahore,PK,chisel_pk,,,PKR,monthly,,,Full Time SEO Engineer Jobs in Pakistan
12827,other,junior,Faisalabad,PK,chisel_pk,,,PKR,monthly,,,Full Time Dermatologist Jobs in Pakistan
12867,other,junior,Lahore,PK,chisel_pk,,,PKR,monthly,,,Full Time CSR Jobs in Pakistan
12875,other,junior,Gujrat,PK,chisel_pk,,,PKR,monthly,,,Full Time Senior Web Developer Jobs in Pakistan
13025,other,junior,Lahore,PK,chisel_pk,,,PKR,monthly,,,Full Time Sales Support Officer Job in Pakistan
13071,other,mid,Islamabad,PK,chisel_pk,,,PKR,monthly,,,Online Full Time Word Press And SEO Specialist Job in Pakistan
13187,other,mid,Lahore,PK,chisel_pk,,,PKR,monthly,,,Full Time Sales Manager Jobs in Pakistan
13236,other,junior,Lahore,PK,chisel_pk,,,PKR,monthly,,,Full Time Telesales Representative Jobs in Pakistan
13341,other,junior,Lahore,PK,chisel_pk,,,PKR,monthly,,,Full Time Junior Software Engineer Jobs in Pakistan
13475,other,junior,Lahore,PK,chisel_pk,,,PKR,monthly,,,Full Time General Nurses Required For Health Care Jobs in Pakistan
13720,other,mid,Multan,PK,chisel_pk,,,PKR,monthly,,,Full Time Social Media Executive Job in Pakistan
13691,other,mid,Karachi,PK,chisel_pk,,,PKR,monthly,,,Full Time UX Designer Job in Pakistan
13692,other,junior,Lahore,PK,chisel_pk,,,PKR,monthly,,,Full Time Inbound Call Center Agent - TSR / CSR (Fluent In English) Jobs in Pakistan
13693,other,junior,Karachi,PK,chisel_pk,,,PKR,monthly,,,Full Time Delivery Rider Jobs in Pakistan
13694,other,junior,Lahore,PK,chisel_pk,,,PKR,monthly,,,Full Time Accountant Job in Pakistan
13695,other,junior,Islamabad,PK,chisel_pk,,,PKR,monthly,,,Full Time Medical Equipment Sales Officer Job in Pakistan
13696,other,junior,Karachi,PK,chisel_pk,,,PKR,monthly,,,Full Time Site Supervisor Jobs in Pakistan
13697,other,junior,Gujranwala,PK,chisel_pk,,,PKR,monthly,,,Full Time Digital Marketing Inter/Job Jobs in Pakistan
13698,other,junior,Lahore,PK,chisel_pk,,,PKR,monthly,,,Full Time Unity 3D/2D Game Developer Jobs in Pakistan
13699,other,junior,Lahore,PK,chisel_pk,,,PKR,monthly,,,Full Time Call Center Agents Jobs in Pakistan
13700,other,junior,Rawalpindi,PK,chisel_pk,,,PKR,monthly,,,Full Time Java Application Developer Jobs in Pakistan
13701,other,mid,Karachi,PK,chisel_pk,,,PKR,monthly,,,Full Time SALES REPRESENTATIVE (HVAC) Jobs in Pakistan
13702,other,mid,Lahore,PK,chisel_pk,,,PKR,monthly,,,Full Time Sr.Software Engineer ( Python Development/ Django) Job in Pakistan
13703,other,junior,Lahore,PK,chisel_pk,,,PKR,monthly,,,Full Time Business Sales Executive Job in Pakistan
13704,other,junior,Faisalabad,PK,chisel_pk,,,PKR,monthly,,,"Full Time PHP Full-Stack Developer (Code Igniter, Laravel) Jobs in Pakistan"
13705,other,junior,Karachi,PK,chisel_pk,,,PKR,monthly,,,Full Time Order Booker / Supplier Job in Pakistan
13706,other,junior,Islamabad,PK,chisel_pk,,,PKR,monthly,,,Full Time Graphic Designer & Composer Job in Pakistan
13707,other,mid,Karachi,PK,chisel_pk,,,PKR,monthly,,,Full Time Pharmacist Job in Pakistan
13708,other,junior,Islamabad,PK,chisel_pk,,,PKR,monthly,,,Full Time Android Developer Job in Pakistan
13709,other,mid,Karachi,PK,chisel_pk,,,PKR,monthly,,,Full Time React Developer (Software Engineer) Job in Pakistan
13710,other,junior,Islamabad,PK,chisel_pk,,,PKR,monthly,,,Full Time Business Development Executive Job in Pakistan
13711,other,junior,Islamabad,PK,chisel_pk,,,PKR,monthly,,,Full Time Accounts Officer Jobs in Pakistan
13712,other,junior,Rawalpindi,PK,chisel_pk,,,PKR,monthly,,,Full Time Customer Sales Executives Jobs in Pakistan
13713,other,junior,Lahore,PK,chisel_pk,,,PKR,monthly,,,Full Time Senior Content Writer Job in Pakistan
13714,other,junior,Islamabad,PK,chisel_pk,,,PKR,monthly,,,Full Time Sales And Marketing Executive Job in Pakistan
13715,other,junior,Lahore,PK,chisel_pk,,,PKR,monthly,,,Full Time Creative Content Writer Job in Pakistan
13716,other,unknown,Karachi,PK,chisel_pk,,,PKR,monthly,,,Full Time Call Center Agents - Fresh Jobs in Pakistan
13717,other,junior,Karachi,PK,chisel_pk,,,PKR,monthly,,,Online Full Time Wordpress Developer Job in Pakistan
13718,other,junior,Mardan,PK,chisel_pk,,,PKR,monthly,,,Full Time Web And Mobile App Developer Jobs in Pakistan
13719,other,junior,Lahore,PK,chisel_pk,,,PKR,monthly,,,Full Time Graphic Designer Jobs in Pakistan
13721,other,junior,Rawalpindi,PK,chisel_pk,,,PKR,monthly,,,Full Time Senior Content Writer Job in Pakistan
13722,other,mid,Karachi,PK,chisel_pk,,,PKR,monthly,,,Full Time Senior Php/Laravel Developer Job in Pakistan
13723,other,mid,Lahore,PK,chisel_pk,,,PKR,monthly,,,Full Time Project Manager Job in Pakistan
13724,other,junior,Rawalpindi,PK,chisel_pk,,,PKR,monthly,,,Online Full Time Marketing Executive Job in Pakistan
13725,other,mid,Rawalpindi,PK,chisel_pk,,,PKR,monthly,,,Full Time Graphic Designer Job in Pakistan
13727,other,mid,Karachi,PK,chisel_pk,,,PKR,monthly,,,Online Full Time Area Sales Executives - FMCG Jobs in Pakistan
13728,other,mid,Karachi,PK,chisel_pk,,,PKR,monthly,,,Online Full Time Area Sales Manager - FMCG SOUTH Jobs in Pakistan
13729,other,junior,Lahore,PK,chisel_pk,,,PKR,monthly,,,Online Full Time Sales Executive Jobs in Pakistan
13730,other,junior,Lahore,PK,chisel_pk,,,PKR,monthly,,,Full Time Operation Manager Job in Pakistan
13731,other,mid,Lahore,PK,chisel_pk,,,PKR,monthly,,,Full Time Social Media Executive Job in Pakistan
13732,other,junior,Rawalpindi,PK,chisel_pk,,,PKR,monthly,,,Full Time Sales Executive Jobs in Pakistan
13733,other,junior,Lahore,PK,chisel_pk,,,PKR,monthly,,,Full Time Customer Service Executive Jobs in Pakistan
13964,other,mid,Lahore,PK,chisel_pk,,,PKR,monthly,,,Online Full Time GIS Manager Job in Pakistan
13734,other,junior,Karachi,PK,chisel_pk,,,PKR,monthly,,,Full Time Customer Sales Representative - Night Shift Jobs in Pakistan
13735,other,junior,Lahore,PK,chisel_pk,,,PKR,monthly,,,Online Full Time Customer Support Engineer /Advisor Job in Pakistan
13736,other,junior,Lahore,PK,chisel_pk,,,PKR,monthly,,,Full Time Dot Net Developer Job in Pakistan
13737,other,junior,Karachi,PK,chisel_pk,,,PKR,monthly,,,Full Time Digital Marketing Executive Job in Pakistan
13738,other,mid,Karachi,PK,chisel_pk,,,PKR,monthly,,,Full Time Production Supervisor Job in Pakistan
13739,other,mid,Karachi,PK,chisel_pk,,,PKR,monthly,,,Full Time Dispatch Officer Job in Pakistan
13740,other,junior,Karachi,PK,chisel_pk,,,PKR,monthly,,,Full Time Outdoor Rider Job in Pakistan
13741,other,mid,Islamabad,PK,chisel_pk,,,PKR,monthly,,,Full Time Cardiologist Job in Pakistan
13742,other,junior,Islamabad,PK,chisel_pk,,,PKR,monthly,,,Full Time Receptionist Job in Pakistan
13747,other,mid,Lahore,PK,chisel_pk,,,PKR,monthly,,,Full Time Marketing Executive Jobs in Pakistan
13748,other,mid,Karachi,PK,chisel_pk,,,PKR,monthly,,,Full Time Head Of Sales Job in Pakistan
13749,other,junior,Islamabad,PK,chisel_pk,,,PKR,monthly,,,Full Time PHP / Wordpress / Laravel Job in Pakistan
13750,other,junior,Lahore,PK,chisel_pk,,,PKR,monthly,,,Full Time Marketin/Sales Officer Job in Pakistan
13752,other,junior,Lahore,PK,chisel_pk,,,PKR,monthly,,,Full Time Project Management Intern Job in Pakistan
13753,other,mid,Islamabad,PK,chisel_pk,,,PKR,monthly,,,Full Time System And Network Administrator Jobs in Pakistan
13754,other,junior,Lahore,PK,chisel_pk,,,PKR,monthly,,,Full Time HR Officer Job in Pakistan
13755,other,mid,Lahore,PK,chisel_pk,,,PKR,monthly,,,Full Time Marketing Executive Jobs in Pakistan
13756,other,mid,Lahore,PK,chisel_pk,,,PKR,monthly,,,Full Time Software Quality Assurance Tester Job in Pakistan
13757,other,junior,Islamabad,PK,chisel_pk,,,PKR,monthly,,,Online Full Time Call Centre Agent Jobs in Pakistan
13758,other,junior,Islamabad,PK,chisel_pk,,,PKR,monthly,,,Full Time IOS Developer Job in Pakistan
13759,other,junior,Karachi,PK,chisel_pk,,,PKR,monthly,,,Full Time Civil Site Supervisor Job in Pakistan
13760,other,junior,Karachi,PK,chisel_pk,,,PKR,monthly,,,Full Time Barista Jobs in Pakistan
13761,other,junior,Karachi,PK,chisel_pk,,,PKR,monthly,,,Full Time Supervisor Job in Pakistan
13762,other,junior,Karachi,PK,chisel_pk,,,PKR,monthly,,,Full Time Automation Testing Job in Pakistan
13763,other,junior,Sialkot,PK,chisel_pk,,,PKR,monthly,,,Online Full Time Corporate Sales Executive Jobs in Pakistan
13764,other,junior,Lahore,PK,chisel_pk,,,PKR,monthly,,,Full Time Travel Agent / Customer Service Agent / CSR Jobs in Pakistan
13765,other,junior,Lahore,PK,chisel_pk,,,PKR,monthly,,,Full Time UI/UX Designer Job in Pakistan
13766,other,junior,Karachi,PK,chisel_pk,,,PKR,monthly,,,Full Time Junior SEO / Link Builder Jobs in Pakistan
13767,other,junior,Rawalpindi,PK,chisel_pk,,,PKR,monthly,,,Full Time Business Developer Job in Pakistan
13768,other,junior,Lahore,PK,chisel_pk,,,PKR,monthly,,,Online Full Time Marketing Manager Job in Pakistan
13769,other,junior,Lahore,PK,chisel_pk,,,PKR,monthly,,,Full Time Social Media Expert Job in Pakistan
13770,other,junior,Karachi,PK,chisel_pk,,,PKR,monthly,,,Full Time Engineering Supervisor (Jr & Sr) Jobs in Pakistan
13743,other,mid,Islamabad,PK,chisel_pk,,,PKR,monthly,,,Full Time Pediatrician Job in Pakistan
13744,other,mid,Islamabad,PK,chisel_pk,,,PKR,monthly,,,Full Time Gynaecologist Job in Pakistan
13745,other,mid,Islamabad,PK,chisel_pk,,,PKR,monthly,,,Full Time Medical Specialist Job in Pakistan
13746,other,mid,Karachi,PK,chisel_pk,,,PKR,monthly,,,Online Full Time Full Stack .Net Developer With Angular 7 Jobs in Pakistan
13771,other,mid,Lahore,PK,chisel_pk,,,PKR,monthly,,,Full Time Creative Designer Job in Pakistan
13772,other,mid,Quetta,PK,chisel_pk,,,PKR,monthly,,,Full Time SEO Link Building & Content Outreach Specialist Job in Pakistan
13773,other,junior,Karachi,PK,chisel_pk,,,PKR,monthly,,,Full Time Business Development Executive (Night Shift) Jobs in Pakistan
13774,other,mid,Karachi,PK,chisel_pk,,,PKR,monthly,,,Full Time Full Stack Developer Job in Pakistan
13775,other,mid,Karachi,PK,chisel_pk,,,PKR,monthly,,,Full Time Senior PHP Developer Job in Pakistan
13776,other,senior,Karachi,PK,chisel_pk,,,PKR,monthly,,,Full Time Sales/Account Manager Job in Pakistan
13777,other,junior,Karachi,PK,chisel_pk,,,PKR,monthly,,,Full Time Devops Engineer Jobs in Pakistan
13778,other,junior,Lahore,PK,chisel_pk,,,PKR,monthly,,,Full Time Content Writer Jobs in Pakistan
